object_id,mean,std,covariance,mean_blue,std_blue,covariance_blue
ps0909006,"{'amplitude': 102.16324681079033, 'color': 0.07254411791209159, 's1': -0.3955807777639984, 's2': 0.9965679510476453, 's3': 1.5281121657582053, 't0': 55075.62591015947}","{'amplitude': 0.45818795647480065, 'color': 0.06900758285673057, 's1': 0.6205040995305618, 's2': 0.4982131872894174, 's3': 1.5222588078381518, 't0': 1.913708132606468}","[[ 3.66227882 -0.56776602  0.09755708  0.65421162 -0.25325114 -2.43063124]
 [-0.56776602  0.2099362  -0.03069413 -0.07236203  0.00551637  0.49243135]
 [ 0.09755708 -0.03069413  0.00476205  0.01139996 -0.00506138 -0.07674307]
 [ 0.65421162 -0.07236203  0.01139996  0.38502534 -0.13739459 -0.41491177]
 [-0.25325114  0.00551637 -0.00506138 -0.13739459  0.24821638  0.06617937]
 [-2.43063124  0.49243135 -0.07674307 -0.41491177  0.06617937  2.31727188]]","{'amplitude': 102.21197246191038, 'color': 0.06907501524999461, 's1': -0.8640332785412529, 's2': 1.0386163370307975, 's3': 1.447960445158174, 't0': 55075.37416447492}","{'amplitude': 0.5479395820544597, 'color': 0.07721794654487554, 's1': 0.7036389688174031, 's2': 0.6029325434302689, 's3': 1.391645344056612, 't0': 1.7858888392380834}","[[ 3.18939895e+00 -5.85088332e-01  9.76112993e-02  6.34718036e-01
  -1.11868687e-01 -2.02882752e+00]
 [-5.85088332e-01  3.00237786e-01 -4.08906332e-02 -8.13892212e-02
  -5.12203422e-02  4.89886177e-01]
 [ 9.76112993e-02 -4.08906332e-02  5.96261127e-03  1.48702251e-02
  -4.89453085e-05 -7.57172927e-02]
 [ 6.34718036e-01 -8.13892212e-02  1.48702251e-02  4.95107798e-01
  -1.90636688e-01 -2.71822904e-01]
 [-1.11868687e-01 -5.12203422e-02 -4.89453085e-05 -1.90636688e-01
   3.63527652e-01 -5.02905678e-02]
 [-2.02882752e+00  4.89886177e-01 -7.57172927e-02 -2.71822904e-01
  -5.02905678e-02  1.93667676e+00]]"
ps0910017,"{'amplitude': 103.62856809039243, 'color': -0.11265332176702811, 's1': -0.4145652570630767, 's2': 1.5926759375727109, 's3': 0.2610049530368744, 't0': 55111.458500204826}","{'amplitude': 0.3321633373562156, 'color': 0.03486257120923291, 's1': 0.4420985351573758, 's2': 0.5086626822384173, 's3': 0.6391103806670626, 't0': 0.44990565137347677}","[[ 0.2024151   0.02655803 -0.00447506 -0.05484666 -0.06499061  0.11273693]
 [ 0.02655803  0.11033248 -0.01103873  0.02784227 -0.08901615  0.06475881]
 [-0.00447506 -0.01103873  0.0012154  -0.00318009  0.00767777 -0.00770264]
 [-0.05484666  0.02784227 -0.00318009  0.19545111 -0.11032923  0.09285979]
 [-0.06499061 -0.08901615  0.00767777 -0.11032923  0.25873772 -0.13005999]
 [ 0.11273693  0.06475881 -0.00770264  0.09285979 -0.13005999  0.40846208]]","{'amplitude': 103.94680721967985, 'color': -0.14538977591561303, 's1': -0.4397795352664585, 's2': 1.335747038608743, 's3': 0.4506777221121797, 't0': 55111.65905673783}","{'amplitude': 0.3588239286882477, 'color': 0.03829450122287272, 's1': 0.5319474433379444, 's2': 0.5173576870576063, 's3': 0.5282077878967688, 't0': 0.4788963800740756}","[[ 0.22934174  0.01639893 -0.00407269 -0.12265943 -0.00506098  0.09554731]
 [ 0.01639893  0.12875461 -0.01300067 -0.0107674  -0.04002142  0.03327325]
 [-0.00407269 -0.01300067  0.00146647  0.00177191  0.0013551  -0.0055505 ]
 [-0.12265943 -0.0107674   0.00177191  0.28296808 -0.14505898  0.01716176]
 [-0.00506098 -0.04002142  0.0013551  -0.14505898  0.26765898 -0.05061253]
 [ 0.09554731  0.03327325 -0.0055505   0.01716176 -0.05061253  0.27900347]]"
psc000006,"{'amplitude': 101.25201788621409, 'color': 0.14255094391100095, 's1': -0.032961290113607995, 's2': 0.573806223051893, 's3': 0.4964337356623639, 't0': 55204.711428567556}","{'amplitude': 0.1963549733985628, 'color': 0.024245486484588043, 's1': 0.4374278611315812, 's2': 0.5356493251340038, 's3': 0.601594302118399, 't0': 0.38686200915450536}","[[ 1.49662214e-01  2.16714782e-02 -1.75281571e-03 -1.01599736e-01
   4.62822738e-02 -3.86456655e-02]
 [ 2.16714782e-02  3.85552756e-02 -4.25894247e-03 -8.70926107e-03
  -3.66723913e-02  2.28089206e-02]
 [-1.75281571e-03 -4.25894247e-03  5.87843615e-04  1.04386285e-04
   1.69113897e-03 -2.50493326e-03]
 [-1.01599736e-01 -8.70926107e-03  1.04386285e-04  1.91343134e-01
  -1.34199153e-01  1.01563732e-01]
 [ 4.62822738e-02 -3.66723913e-02  1.69113897e-03 -1.34199153e-01
   2.86920200e-01 -1.59837745e-01]
 [-3.86456655e-02  2.28089206e-02 -2.50493326e-03  1.01563732e-01
  -1.59837745e-01  3.61915704e-01]]","{'amplitude': 101.3160804857531, 'color': 0.12735731695910632, 's1': -0.40725259314352835, 's2': 1.0777422724231132, 's3': -0.14070703503400167, 't0': 55204.92779254253}","{'amplitude': 0.2694135298165915, 'color': 0.030993037236928336, 's1': 0.5713109430601132, 's2': 0.5722102021644258, 's3': 0.7387511097847292, 't0': 0.48306026892442666}","[[ 0.23334722  0.06623218 -0.00727512 -0.19253247  0.0278341  -0.04405911]
 [ 0.06623218  0.07258365 -0.00726995 -0.0612821  -0.04807654  0.0107324 ]
 [-0.00727512 -0.00726995  0.00096057  0.00828656 -0.00141757  0.00123499]
 [-0.19253247 -0.0612821   0.00828656  0.32639619 -0.14081018  0.10183139]
 [ 0.0278341  -0.04807654 -0.00141757 -0.14081018  0.32742452 -0.05380771]
 [-0.04405911  0.0107324   0.00123499  0.10183139 -0.05380771  0.5457532 ]]"
psc000010,"{'amplitude': 101.8836767300833, 'color': 0.019064138008102593, 's1': -0.39762306248239865, 's2': 0.4841782344907827, 's3': -0.9118782402694305, 't0': 55215.94470585401}","{'amplitude': 0.23072922883085298, 'color': 0.01783649945314623, 's1': 0.30966644317782194, 's2': 0.7657489326107845, 's3': 1.0256377231042932, 't0': 0.3653467960258259}","[[ 1.33478281e-01 -1.13670879e-02 -8.64684635e-04  2.25275856e-02
   2.41972680e-02 -1.17196943e-01]
 [-1.13670879e-02  5.32359770e-02 -2.67659574e-03  1.28295178e-02
  -1.30675161e-01  2.74400940e-03]
 [-8.64684635e-04 -2.67659574e-03  3.18140713e-04 -1.34788058e-03
   5.26233000e-03  6.22311431e-03]
 [ 2.25275856e-02  1.28295178e-02 -1.34788058e-03  9.58933060e-02
  -7.33184279e-02 -9.84591229e-02]
 [ 2.41972680e-02 -1.30675161e-01  5.26233000e-03 -7.33184279e-02
   5.86371428e-01  3.24678558e-01]
 [-1.17196943e-01  2.74400940e-03  6.22311431e-03 -9.84591229e-02
   3.24678558e-01  1.05193274e+00]]","{'amplitude': 101.76758175034055, 'color': 0.018584540585064934, 's1': -0.145810981380321, 's2': 0.6382451188416376, 's3': -0.998634450190051, 't0': 55215.80496362908}","{'amplitude': 0.253370352005607, 'color': 0.030283631592347197, 's1': 0.3996608106018282, 's2': 0.818293491645381, 's3': 1.3807682563440171, 't0': 0.5020541761247912}","[[ 2.52058396e-01  6.55292111e-03  4.92239254e-03 -1.08454615e-01
   1.69929462e-01  2.61793738e-01]
 [ 6.55292111e-03  6.41965353e-02 -3.28512172e-03 -3.22597805e-02
  -7.82303691e-02  2.94498742e-02]
 [ 4.92239254e-03 -3.28512172e-03  9.17098342e-04 -4.96709075e-03
   2.80706304e-03  2.49535806e-02]
 [-1.08454615e-01 -3.22597805e-02 -4.96709075e-03  1.59728764e-01
  -2.30080117e-02 -2.07114930e-01]
 [ 1.69929462e-01 -7.82303691e-02  2.80706304e-03 -2.30080117e-02
   6.69604238e-01  4.08752574e-01]
 [ 2.61793738e-01  2.94498742e-02  2.49535806e-02 -2.07114930e-01
   4.08752574e-01  1.90652098e+00]]"
psc000011,"{'amplitude': 103.88379601053775, 'color': 0.17156026753273498, 's1': 0.9298932770950329, 's2': 0.7801125673247847, 's3': -1.8296364035504786, 't0': 55211.611159457825}","{'amplitude': 0.6353112490510606, 'color': 0.040977564080437553, 's1': 0.38610223478416356, 's2': 1.7748732472111302, 's3': 1.438720634453497, 't0': 0.6962521746129386}","[[ 4.84767091e-01  1.02519892e-01  5.08720633e-03 -4.32680081e-02
  -4.38682284e-01  2.14176686e-01]
 [ 1.02519892e-01  4.03620383e-01  1.36647130e-03 -8.02286447e-02
  -8.99468367e-01  7.18929148e-01]
 [ 5.08720633e-03  1.36647130e-03  1.67916076e-03 -1.62319497e-03
  -3.86142397e-02  1.89835076e-02]
 [-4.32680081e-02 -8.02286447e-02 -1.62319497e-03  1.49074936e-01
   1.66514557e-01 -1.51729730e-01]
 [-4.38682284e-01 -8.99468367e-01 -3.86142397e-02  1.66514557e-01
   3.15017504e+00 -1.77558107e+00]
 [ 2.14176686e-01  7.18929148e-01  1.89835076e-02 -1.51729730e-01
  -1.77558107e+00  2.06991706e+00]]","{'amplitude': 104.21851749251385, 'color': 0.16741911281305813, 's1': 1.0014144881232026, 's2': 0.08124379015394319, 's3': -0.9313171682593077, 't0': 55211.23701999835}","{'amplitude': 0.45807610727796394, 'color': 0.053840797370781304, 's1': 0.4685204968865868, 's2': 1.272503123323454, 's3': 1.4491569945084686, 't0': 0.9424508873654258}","[[ 8.88213675e-01  7.64819398e-02  2.88516952e-03 -9.51363373e-02
  -2.13747889e-01 -4.08497735e-01]
 [ 7.64819398e-02  2.09833720e-01 -1.62293384e-02 -1.00525448e-01
  -1.06344702e-01 -8.36210346e-02]
 [ 2.88516952e-03 -1.62293384e-02  2.89883146e-03 -1.79175267e-04
  -2.43467394e-02  2.91997022e-02]
 [-9.51363373e-02 -1.00525448e-01 -1.79175267e-04  2.19511456e-01
   6.53105109e-03 -4.86584198e-02]
 [-2.13747889e-01 -1.06344702e-01 -2.43467394e-02  6.53105109e-03
   1.61926420e+00 -2.99775785e-01]
 [-4.08497735e-01 -8.36210346e-02  2.91997022e-02 -4.86584198e-02
  -2.99775785e-01  2.10005599e+00]]"
psc000014,"{'amplitude': 99.04617119705517, 'color': -0.09920039037893928, 's1': -0.467984812243532, 's2': 0.8755113993543401, 's3': 0.8999590648618326, 't0': 55201.47740768056}","{'amplitude': 0.07100482929881678, 'color': 0.009072204803839155, 's1': 0.09417099928091999, 's2': 0.10472606228611506, 's3': 0.10924994749846831, 't0': 0.08734963839321656}","[[ 7.62995933e-03  1.83809073e-03 -1.83776995e-04 -3.05489718e-03
  -2.53196281e-03  3.90933851e-03]
 [ 1.83809073e-03  5.04168578e-03 -6.12949716e-04 -1.95895304e-03
  -1.48301337e-03  2.83526734e-03]
 [-1.83776995e-04 -6.12949716e-04  8.23049000e-05  1.64264139e-04
   2.02355990e-05 -3.29895821e-04]
 [-3.05489718e-03 -1.95895304e-03  1.64264139e-04  8.86817711e-03
  -7.34200240e-04 -2.62631556e-03]
 [-2.53196281e-03 -1.48301337e-03  2.02355990e-05 -7.34200240e-04
   1.09675481e-02 -1.16692231e-03]
 [ 3.90933851e-03  2.83526734e-03 -3.29895821e-04 -2.62631556e-03
  -1.16692231e-03  1.19355510e-02]]","{'amplitude': 99.33198374933502, 'color': -0.13265662008822807, 's1': -0.650527687982898, 's2': 1.0611140362176903, 's3': 0.6415517219514709, 't0': 55201.39573592383}","{'amplitude': 0.10278727935818406, 'color': 0.012339036637391559, 's1': 0.16197431409191215, 's2': 0.1134757752312924, 's3': 0.16463455836129948, 't0': 0.11104489726368293}","[[ 1.23309692e-02  2.17443859e-03 -1.42994721e-04 -9.71119569e-03
  -3.44625691e-03 -4.07883323e-03]
 [ 2.17443859e-03  1.05652248e-02 -1.22797625e-03 -5.76896197e-03
  -1.60080786e-03  3.94423971e-03]
 [-1.42994721e-04 -1.22797625e-03  1.52251825e-04  5.78896391e-04
  -9.35620220e-06 -6.32437644e-04]
 [-9.71119569e-03 -5.76896197e-03  5.78896391e-04  2.62356784e-02
  -4.02872260e-03  1.46659012e-03]
 [-3.44625691e-03 -1.60080786e-03 -9.35620220e-06 -4.02872260e-03
   1.28767516e-02  2.55878679e-03]
 [-4.07883323e-03  3.94423971e-03 -6.32437644e-04  1.46659012e-03
   2.55878679e-03  2.71045378e-02]]"
psc000034,"{'amplitude': 102.35846779309355, 'color': -0.15376681585491914, 's1': -1.367775965554817, 's2': 1.5799540253960502, 's3': -0.16144204197341439, 't0': 55208.840516941724}","{'amplitude': 0.09497871472287371, 'color': 0.010380851683758744, 's1': 0.22445523031332046, 's2': 0.2459270847239001, 's3': 0.24384369269299777, 't0': 0.2586454562624337}","[[ 6.68974720e-02  7.33837046e-04 -7.11319992e-04 -3.29968835e-02
   2.00420759e-02 -3.27705798e-02]
 [ 7.33837046e-04  9.02095625e-03 -8.45527789e-04 -6.16818715e-03
  -1.11328945e-02 -6.31382744e-03]
 [-7.11319992e-04 -8.45527789e-04  1.07762082e-04  1.11021328e-03
   5.33295677e-05  8.48398691e-04]
 [-3.29968835e-02 -6.16818715e-03  1.11021328e-03  5.03801504e-02
  -2.78481855e-03  2.61539198e-02]
 [ 2.00420759e-02 -1.11328945e-02  5.33295677e-05 -2.78481855e-03
   6.04801310e-02  5.06246924e-04]
 [-3.27705798e-02 -6.31382744e-03  8.48398691e-04  2.61539198e-02
   5.06246924e-04  5.94597465e-02]]","{'amplitude': 102.62666741854875, 'color': -0.1842966964484989, 's1': -1.5373145891400934, 's2': 1.47302427106115, 's3': -0.34292520179443, 't0': 55209.05029444256}","{'amplitude': 0.1442958559954802, 'color': 0.01702267272891124, 's1': 0.3723341773297169, 's2': 0.4710501093796925, 's3': 0.46483705390932184, 't0': 0.3278380740810802}","[[ 0.1074778  -0.0012028  -0.00153686 -0.05047701  0.07492666 -0.0640637 ]
 [-0.0012028   0.02082129 -0.00212019 -0.02571358 -0.00735618 -0.02828118]
 [-0.00153686 -0.00212019  0.00028977  0.00480202 -0.00296551  0.00494744]
 [-0.05047701 -0.02571358  0.00480202  0.13863274 -0.11899274  0.13881019]
 [ 0.07492666 -0.00735618 -0.00296551 -0.11899274  0.22188821 -0.12446621]
 [-0.0640637  -0.02828118  0.00494744  0.13881019 -0.12446621  0.21607349]]"
psc000038,"{'amplitude': 99.63430687469092, 'color': -0.09719655573556361, 's1': -0.7017594925409676, 's2': 1.149225560320863, 's3': 0.9600065755526722, 't0': 55204.63602183537}","{'amplitude': 0.09517850807284768, 'color': 0.009576750191644496, 's1': 0.1789205819234078, 's2': 0.22717124980156764, 's3': 0.21574803170412765, 't0': 0.12221602992214442}","[[ 1.49367580e-02 -2.51827486e-03  1.06370825e-04 -9.58657426e-03
   1.41923439e-02  1.83769196e-02]
 [-2.51827486e-03  9.05894840e-03 -8.50438126e-04  8.69423355e-03
  -1.56150621e-02 -5.11131915e-03]
 [ 1.06370825e-04 -8.50438126e-04  9.17141442e-05 -6.80541399e-04
   1.04452263e-03  1.34136830e-04]
 [-9.58657426e-03  8.69423355e-03 -6.80541399e-04  3.20125746e-02
  -2.76730963e-02 -1.23667440e-02]
 [ 1.41923439e-02 -1.56150621e-02  1.04452263e-03 -2.76730963e-02
   5.16067767e-02  3.07685165e-02]
 [ 1.83769196e-02 -5.11131915e-03  1.34136830e-04 -1.23667440e-02
   3.07685165e-02  4.65472132e-02]]","{'amplitude': 99.67116379840535, 'color': -0.09975659432841567, 's1': -1.1648426179277684, 's2': 1.2533436813924077, 's3': -0.02353499688628589, 't0': 55204.70998246191}","{'amplitude': 0.0921044715634412, 'color': 0.010773320705882578, 's1': 0.2505939219146155, 's2': 0.11292647085079377, 's3': 0.4599633103346026, 't0': 0.13745888278450122}","[[ 1.88949445e-02  3.67022679e-03 -2.19347234e-04 -2.12311980e-02
  -2.40066012e-03 -4.95249211e-02]
 [ 3.67022679e-03  8.48323368e-03 -9.32784458e-04 -8.37422565e-03
  -1.33337452e-03 -1.62793889e-02]
 [-2.19347234e-04 -9.32784458e-04  1.16064439e-04  7.81874556e-04
  -1.31859189e-04  1.19074273e-03]
 [-2.12311980e-02 -8.37422565e-03  7.81874556e-04  6.27973137e-02
  -8.55571832e-03  9.17417401e-02]
 [-2.40066012e-03 -1.33337452e-03 -1.31859189e-04 -8.55571832e-03
   1.27523878e-02  9.58488129e-04]
 [-4.95249211e-02 -1.62793889e-02  1.19074273e-03  9.17417401e-02
   9.58488129e-04  2.11566247e-01]]"
psc000091,"{'amplitude': 99.8044316452145, 'color': 0.026290003822552005, 's1': 1.1783198991401311, 's2': 0.4649262922903844, 's3': -0.31079496296851344, 't0': 55211.205634742895}","{'amplitude': 0.08820852285463918, 'color': 0.009027169001905803, 's1': 0.0579196697095026, 's2': 0.3041854196977618, 's3': 0.1828584885997903, 't0': 0.10132518663080123}","[[ 1.02667934e-02  5.48044195e-03 -3.94116064e-04 -5.97343515e-04
  -2.19314664e-02  7.07347787e-03]
 [ 5.48044195e-03  7.78074350e-03 -6.53844322e-04 -1.03616542e-03
  -2.26350396e-02  8.76696807e-03]
 [-3.94116064e-04 -6.53844322e-04  8.14897802e-05 -1.57214966e-04
   1.85660917e-03 -1.04135097e-03]
 [-5.97343515e-04 -1.03616542e-03 -1.57214966e-04  3.35468814e-03
  -9.27237340e-04  4.87364024e-03]
 [-2.19314664e-02 -2.26350396e-02  1.85660917e-03 -9.27237340e-04
   9.25287696e-02 -4.24704982e-02]
 [ 7.07347787e-03  8.76696807e-03 -1.04135097e-03  4.87364024e-03
  -4.24704982e-02  3.34372269e-02]]","{'amplitude': 99.94747904159021, 'color': 0.01692859627205422, 's1': 1.083595402821583, 's2': 0.45673240551863475, 's3': -0.5791145325754858, 't0': 55211.20990004389}","{'amplitude': 0.10878640846943094, 'color': 0.007528020686757146, 's1': 0.06816500063171914, 's2': 0.18761043952739218, 's3': 0.15537894339234137, 't0': 0.08071079710723392}","[[ 6.51423277e-03  9.64253523e-04 -3.49249644e-05 -2.20697778e-04
  -3.08030728e-03 -1.94798408e-03]
 [ 9.64253523e-04  1.18344827e-02 -6.36029868e-04 -6.32699412e-03
  -1.64794937e-02 -7.08416821e-03]
 [-3.49249644e-05 -6.36029868e-04  5.66710955e-05  2.19799507e-04
   4.90771842e-04  2.30473788e-04]
 [-2.20697778e-04 -6.32699412e-03  2.19799507e-04  4.64646731e-03
   9.88839057e-03  4.94604569e-03]
 [-3.08030728e-03 -1.64794937e-02  4.90771842e-04  9.88839057e-03
   3.51976770e-02  1.69696042e-02]
 [-1.94798408e-03 -7.08416821e-03  2.30473788e-04  4.94604569e-03
   1.69696042e-02  2.41426160e-02]]"
psc000174,"{'amplitude': 101.7293718061252, 'color': 0.07408575086363081, 's1': 0.6692497374735497, 's2': -0.5213589502687886, 's3': 1.6705429108962493, 't0': 55217.19326595499}","{'amplitude': 0.17231529855576042, 'color': 0.017353287884343236, 's1': 0.14486336841474787, 's2': 0.2707236245719948, 's3': 0.31208584374138154, 't0': 0.3600818531106782}","[[ 0.12965894  0.03111903 -0.00145402 -0.01801254 -0.00424861 -0.07439584]
 [ 0.03111903  0.02969256 -0.0026016  -0.01039268 -0.01007753 -0.02257962]
 [-0.00145402 -0.0026016   0.00030114  0.00033815  0.00063455  0.00087452]
 [-0.01801254 -0.01039268  0.00033815  0.0209854   0.01890902 -0.00377038]
 [-0.00424861 -0.01007753  0.00063455  0.01890902  0.07329128 -0.00877668]
 [-0.07439584 -0.02257962  0.00087452 -0.00377038 -0.00877668  0.09739757]]","{'amplitude': 101.69418023605851, 'color': 0.07753490565578643, 's1': 0.7687147115192061, 's2': -0.2674758434511639, 's3': 1.3995300648202447, 't0': 55217.3024272988}","{'amplitude': 0.20441263217435315, 'color': 0.0210856984387515, 's1': 0.1343887982241927, 's2': 0.40149577433800454, 's3': 0.4410738708168724, 't0': 0.33035535556705675}","[[ 1.09134661e-01  2.54737516e-02 -1.67451556e-03 -4.35789132e-03
   3.06614451e-02 -8.82942123e-02]
 [ 2.54737516e-02  4.17845242e-02 -3.91550997e-03 -7.03280489e-03
   8.16519489e-03 -4.28583689e-02]
 [-1.67451556e-03 -3.91550997e-03  4.44606679e-04 -5.13394660e-05
  -1.62845959e-03  2.90349161e-03]
 [-4.35789132e-03 -7.03280489e-03 -5.13394660e-05  1.80603491e-02
   2.04923421e-02 -7.12822370e-03]
 [ 3.06614451e-02  8.16519489e-03 -1.62845959e-03  2.04923421e-02
   1.61198857e-01 -7.56751800e-02]
 [-8.82942123e-02 -4.28583689e-02  2.90349161e-03 -7.12822370e-03
  -7.56751800e-02  1.94546160e-01]]"
psc000190,"{'amplitude': 97.67157402345197, 'color': 0.011938007031339626, 's1': -0.7173736694209081, 's2': 1.0104765155710758, 's3': 0.106446376178224, 't0': 55225.0939428189}","{'amplitude': 0.06431981459397049, 'color': 0.0061414414510927344, 's1': 0.061780243582069426, 's2': 0.12417610323894275, 's3': 0.0876219150057145, 't0': 0.05388543052770409}","[[ 2.90363962e-03 -2.46987780e-03  2.01714483e-04 -1.94238227e-03
   5.12428896e-03 -3.31314655e-03]
 [-2.46987780e-03  4.13703855e-03 -3.70592714e-04  1.81256430e-03
  -7.12289910e-03  4.53700686e-03]
 [ 2.01714483e-04 -3.70592714e-04  3.77173031e-05 -1.97805696e-04
   5.66051269e-04 -3.64796069e-04]
 [-1.94238227e-03  1.81256430e-03 -1.97805696e-04  3.81679850e-03
  -4.34286344e-03  1.69259426e-03]
 [ 5.12428896e-03 -7.12289910e-03  5.66051269e-04 -4.34286344e-03
   1.54197046e-02 -8.19659083e-03]
 [-3.31314655e-03  4.53700686e-03 -3.64796069e-04  1.69259426e-03
  -8.19659083e-03  7.67759999e-03]]","{'amplitude': 97.62493346277262, 'color': 0.018325761668226026, 's1': -0.6592528616460644, 's2': 0.9182060654352173, 's3': 0.172085862241053, 't0': 55225.07013055232}","{'amplitude': 0.07304850113258421, 'color': 0.007845078017854373, 's1': 0.07116522899230023, 's2': 0.16877850461169075, 's3': 0.0622600681027022, 't0': 0.036325666756014716}","[[ 1.31955407e-03 -4.51640212e-04  4.20526864e-05 -1.09592411e-03
   1.24641879e-03 -6.18178931e-04]
 [-4.51640212e-04  5.33608352e-03 -5.54734491e-04  3.36841759e-03
  -1.10816532e-02  2.45179699e-04]
 [ 4.20526864e-05 -5.54734491e-04  6.15452491e-05 -3.62862001e-04
   1.06140025e-03 -1.67578315e-05]
 [-1.09592411e-03  3.36841759e-03 -3.62862001e-04  5.06448982e-03
  -8.86589419e-03  1.95541738e-04]
 [ 1.24641879e-03 -1.10816532e-02  1.06140025e-03 -8.86589419e-03
   2.84861836e-02 -3.48189563e-04]
 [-6.18178931e-04  2.45179699e-04 -1.67578315e-05  1.95541738e-04
  -3.48189563e-04  3.87631608e-03]]"
psc000196,"{'amplitude': 104.30143635081821, 'color': -0.07420615653114615, 's1': -0.5840285151112579, 's2': 0.25466983522499237, 's3': -1.0177480964420642, 't0': 55217.21443432127}","{'amplitude': 0.11320045516860644, 'color': 0.015868221522013632, 's1': 0.27681255154927736, 's2': 0.3279957749565896, 's3': 0.412697001669472, 't0': 0.23743737942614448}","[[ 5.63765091e-02  5.60322016e-04 -4.88199992e-05 -2.40878471e-02
  -1.73594583e-02 -3.23591297e-02]
 [ 5.60322016e-04  1.28143431e-02 -1.50537233e-03 -7.40443354e-03
  -9.04862722e-03 -2.13146600e-02]
 [-4.88199992e-05 -1.50537233e-03  2.51800454e-04  4.57914083e-05
  -9.69388745e-04  3.63896753e-03]
 [-2.40878471e-02 -7.40443354e-03  4.57914083e-05  7.66251887e-02
   2.76161565e-02  3.85999740e-02]
 [-1.73594583e-02 -9.04862722e-03 -9.69388745e-04  2.76161565e-02
   1.07581228e-01  3.35587572e-02]
 [-3.23591297e-02 -2.13146600e-02  3.63896753e-03  3.85999740e-02
   3.35587572e-02  1.70318815e-01]]","{'amplitude': 104.24086710551303, 'color': -0.07172951836268068, 's1': -0.5088922070956255, 's2': 0.5568484816013728, 's3': -0.7279500596883461, 't0': 55217.18976131743}","{'amplitude': 0.17446705604872512, 'color': 0.021932802826717356, 's1': 0.31331948036475193, 's2': 0.39517610764543165, 's3': 0.5755918270244713, 't0': 0.2572273318466296}","[[ 6.61659002e-02 -1.75731364e-03  1.95837231e-04 -3.09286691e-02
  -7.24222436e-03 -3.53545326e-02]
 [-1.75731364e-03  3.04387536e-02 -3.38489068e-03 -2.42133458e-02
  -1.73768757e-02 -6.86150797e-02]
 [ 1.95837231e-04 -3.38489068e-03  4.81047840e-04  1.92662817e-03
  -1.31614344e-03  8.45954180e-03]
 [-3.09286691e-02 -2.42133458e-02  1.92662817e-03  9.81690968e-02
   3.06010603e-02  1.10891133e-01]
 [-7.24222436e-03 -1.73768757e-02 -1.31614344e-03  3.06010603e-02
   1.56164156e-01  4.93879154e-02]
 [-3.53545326e-02 -6.86150797e-02  8.45954180e-03  1.10891133e-01
   4.93879154e-02  3.31305951e-01]]"
psc000199,"{'amplitude': 104.75451801544403, 'color': -0.13676039464255474, 's1': -0.541064277641186, 's2': -0.18293858500255614, 's3': 1.110870616655615, 't0': 55215.232918491674}","{'amplitude': 0.12053067604602456, 'color': 0.013309919493112646, 's1': 0.21444947975596776, 's2': 0.19976904242996854, 's3': 0.26483614341463435, 't0': 0.24494692847779057}","[[ 0.059999   -0.00263122  0.00090834 -0.00056816 -0.02072841 -0.01769765]
 [-0.00263122  0.01452764 -0.001484   -0.01292819  0.00375823 -0.0161692 ]
 [ 0.00090834 -0.001484    0.00017715  0.00116968 -0.00104891  0.0007312 ]
 [-0.00056816 -0.01292819  0.00116968  0.04598858 -0.00639549  0.02426119]
 [-0.02072841  0.00375823 -0.00104891 -0.00639549  0.03990767  0.0092646 ]
 [-0.01769765 -0.0161692   0.0007312   0.02426119  0.0092646   0.07013818]]","{'amplitude': 104.76307200528277, 'color': -0.14385377516181935, 's1': -0.5228775121833972, 's2': -0.027673669918727502, 's3': 1.3407490077282702, 't0': 55215.0372527249}","{'amplitude': 0.17572285106903213, 'color': 0.018266285478160445, 's1': 0.337327644374846, 's2': 0.2859741833935805, 's3': 0.4511017104828603, 't0': 0.30477977226782327}","[[ 0.09289071 -0.00034218  0.00217792 -0.01323716 -0.05529839 -0.07391873]
 [-0.00034218  0.03087852 -0.00271948 -0.04521591 -0.00710966 -0.04764428]
 [ 0.00217792 -0.00271948  0.00033366  0.00340745 -0.00173736  0.00092333]
 [-0.01323716 -0.04521591  0.00340745  0.11378994  0.02134346  0.09959341]
 [-0.05529839 -0.00710966 -0.00173736  0.02134346  0.08178123  0.0865866 ]
 [-0.07391873 -0.04764428  0.00092333  0.09959341  0.0865866   0.20349275]]"
psc000220,"{'amplitude': 102.07711078274282, 'color': -0.11360676867780853, 's1': 0.3024623143713167, 's2': 0.21506635203482594, 's3': -0.12682294182948367, 't0': 55228.438881913185}","{'amplitude': 0.09505146727518402, 'color': 0.010503860393855907, 's1': 0.1335118655963162, 's2': 0.2330706924040863, 's3': 0.3428858930179354, 't0': 0.06872170866927393}","[[ 4.72267324e-03 -1.26852355e-03  1.46887971e-04 -2.46856951e-03
   1.03923107e-03  4.01844544e-03]
 [-1.26852355e-03  9.03478143e-03 -8.91525882e-04  5.05238254e-03
  -1.33611885e-02  1.14947203e-02]
 [ 1.46887971e-04 -8.91525882e-04  1.10331083e-04 -6.68757454e-04
   7.49845646e-04 -9.30669848e-04]
 [-2.46856951e-03  5.05238254e-03 -6.68757454e-04  1.78254183e-02
  -1.44945874e-02  2.90814508e-02]
 [ 1.03923107e-03 -1.33611885e-02  7.49845646e-04 -1.44945874e-02
   5.43219477e-02 -5.24010713e-02]
 [ 4.01844544e-03  1.14947203e-02 -9.30669848e-04  2.90814508e-02
  -5.24010713e-02  1.17570736e-01]]","{'amplitude': 102.09622905431502, 'color': -0.12046388821599825, 's1': 0.28028515463227716, 's2': 0.4421181780633922, 's3': -0.3258789068698621, 't0': 55228.43386590565}","{'amplitude': 0.1086069039493218, 'color': 0.01184113506117889, 's1': 0.1431431193572361, 's2': 0.2866508608393369, 's3': 0.4228122994334241, 't0': 0.07851949252914311}","[[ 6.16531071e-03 -2.05061456e-03  2.14561366e-04 -2.83059500e-03
   3.96624485e-03  6.00161068e-03]
 [-2.05061456e-03  1.17954596e-02 -1.13764996e-03  5.44079174e-03
  -1.61310105e-02  6.18634574e-03]
 [ 2.14561366e-04 -1.13764996e-03  1.40212480e-04 -6.28581790e-04
   5.58971119e-04 -4.08266986e-04]
 [-2.83059500e-03  5.44079174e-03 -6.28581790e-04  2.04899526e-02
  -1.98022364e-02  4.27516265e-02]
 [ 3.96624485e-03 -1.61310105e-02  5.58971119e-04 -1.98022364e-02
   8.21687160e-02 -5.01377177e-02]
 [ 6.00161068e-03  6.18634574e-03 -4.08266986e-04  4.27516265e-02
  -5.01377177e-02  1.78770241e-01]]"
psc000236,"{'amplitude': 100.85249046182751, 'color': -0.06309308469136646, 's1': -0.018308196010695478, 's2': 0.7014556509865416, 's3': 0.2805662514225349, 't0': 55211.51354616828}","{'amplitude': 0.06307386479844891, 'color': 0.0071717554261176, 's1': 0.11111776446368918, 's2': 0.15104371525146038, 's3': 0.14353001837756704, 't0': 0.10881066747877434}","[[ 1.18397614e-02 -7.84899904e-04  2.99645306e-06 -7.89461076e-04
   4.11430539e-03  1.57843797e-03]
 [-7.84899904e-04  3.97831242e-03 -4.15146374e-04  6.43143377e-05
  -4.36954872e-03 -3.75232578e-05]
 [ 2.99645306e-06 -4.15146374e-04  5.14340759e-05 -6.72275209e-05
   2.32094020e-04 -2.29727176e-05]
 [-7.89461076e-04  6.43143377e-05 -6.72275209e-05  1.23471576e-02
  -7.17762872e-03  6.16339309e-03]
 [ 4.11430539e-03 -4.36954872e-03  2.32094020e-04 -7.17762872e-03
   2.28142039e-02 -4.42965354e-03]
 [ 1.57843797e-03 -3.75232578e-05 -2.29727176e-05  6.16339309e-03
  -4.42965354e-03  2.06008662e-02]]","{'amplitude': 100.87151470630265, 'color': -0.06643903307518347, 's1': -0.006762055323701749, 's2': 0.7550486910421248, 's3': 0.1864410748219608, 't0': 55211.5671067598}","{'amplitude': 0.07842617520840137, 'color': 0.008972065118986029, 's1': 0.12783000242517797, 's2': 0.16662135096615452, 's3': 0.19191645459687956, 't0': 0.11546398083909201}","[[ 1.33319309e-02 -5.65302114e-04 -3.80112911e-05 -2.50140009e-04
   5.34374086e-03  1.68839052e-03]
 [-5.65302114e-04  6.15066496e-03 -6.57825631e-04 -1.07242686e-03
  -4.74661901e-03 -2.40224999e-03]
 [-3.80112911e-05 -6.57825631e-04  8.04979525e-05 -2.13654860e-05
   2.07732848e-04  2.35011805e-04]
 [-2.50140009e-04 -1.07242686e-03 -2.13654860e-05  1.63405095e-02
  -6.06009594e-03  1.17214527e-02]
 [ 5.34374086e-03 -4.74661901e-03  2.07732848e-04 -6.06009594e-03
   2.77626746e-02 -5.69517879e-03]
 [ 1.68839052e-03 -2.40224999e-03  2.35011805e-04  1.17214527e-02
  -5.69517879e-03  3.68319255e-02]]"
psc000420,"{'amplitude': 103.92176636785777, 'color': -0.09195496969528517, 's1': 0.8683646643948503, 's2': 0.4064854966679409, 's3': 0.9778475503024978, 't0': 55224.02160174685}","{'amplitude': 0.26509031137712474, 'color': 0.014702740022752354, 's1': 0.28088225843064907, 's2': 0.34108004632798833, 's3': 0.6056615587179063, 't0': 0.2508177676718613}","[[ 6.29095526e-02  4.42331225e-02 -9.46614880e-04 -5.36756480e-02
  -4.61061194e-02 -9.98950085e-02]
 [ 4.42331225e-02  7.02728732e-02 -2.61370051e-03 -6.57720824e-02
  -5.44427016e-02 -1.45201055e-01]
 [-9.46614880e-04 -2.61370051e-03  2.16170564e-04  1.14511279e-03
   4.82154023e-04  4.08305949e-03]
 [-5.36756480e-02 -6.57720824e-02  1.14511279e-03  7.88948431e-02
   6.47664895e-02  1.50733722e-01]
 [-4.61061194e-02 -5.44427016e-02  4.82154023e-04  6.47664895e-02
   1.16335598e-01  1.09929069e-01]
 [-9.98950085e-02 -1.45201055e-01  4.08305949e-03  1.50733722e-01
   1.09929069e-01  3.66825924e-01]]","{'amplitude': 104.51427222673928, 'color': -0.13635883968786916, 's1': 0.49736228191199844, 's2': 0.4068354603224858, 's3': -0.17545873338609064, 't0': 55224.2148895762}","{'amplitude': 0.2905059540173126, 'color': 0.024477204842892935, 's1': 0.23553266059103312, 's2': 0.3401467201451702, 's3': 0.727523389271567, 't0': 0.17311906943207275}","[[ 0.02997021  0.01947894 -0.0014064  -0.01879748 -0.00639363 -0.04894064]
 [ 0.01947894  0.08439371 -0.00631915 -0.05294111 -0.02299751 -0.17214624]
 [-0.0014064  -0.00631915  0.00059913  0.00318673 -0.00083759  0.01363925]
 [-0.01879748 -0.05294111  0.00318673  0.05547563  0.01598252  0.13077134]
 [-0.00639363 -0.02299751 -0.00083759  0.01598252  0.11569979  0.00303634]
 [-0.04894064 -0.17214624  0.01363925  0.13077134  0.00303634  0.52929028]]"
psc010010,"{'amplitude': 97.51395096385936, 'color': -0.0059608089370412135, 's1': -0.7106949708872283, 's2': 1.147772230128477, 's3': 0.3737730275346855, 't0': 55239.72522506495}","{'amplitude': 0.05385608318760195, 'color': 0.00674405345126713, 's1': 0.1430400226823713, 's2': 0.14405048983973112, 's3': 0.06298639113073519, 't0': 0.07375340614651708}","[[ 5.43956492e-03 -3.87072992e-04  8.11301539e-05 -4.11123004e-03
   2.15955157e-03  5.11142978e-04]
 [-3.87072992e-04  2.90047770e-03 -3.49764465e-04  4.10752777e-03
  -5.97751053e-03  5.36474290e-04]
 [ 8.11301539e-05 -3.49764465e-04  4.54822570e-05 -5.66721635e-04
   6.89627100e-04 -6.68109220e-05]
 [-4.11123004e-03  4.10752777e-03 -5.66721635e-04  2.04604481e-02
  -1.64358493e-02 -6.62342373e-04]
 [ 2.15955157e-03 -5.97751053e-03  6.89627100e-04 -1.64358493e-02
   2.07505436e-02  7.58042798e-04]
 [ 5.11142978e-04  5.36474290e-04 -6.68109220e-05 -6.62342373e-04
   7.58042798e-04  3.96728547e-03]]","{'amplitude': 97.42344478888513, 'color': 0.0048712593688254435, 's1': -0.6920196374980717, 's2': 1.1881369182453823, 's3': 0.3796080001883442, 't0': 55239.68981838066}","{'amplitude': 0.039568590759578526, 'color': 0.004825131502030234, 's1': 0.2481871334241131, 's2': 0.0927786814316479, 's3': 0.1102830600061136, 't0': 0.10981436911207369}","[[ 1.20591957e-02  3.17642880e-04  6.69121656e-05 -2.02368752e-02
   4.25715461e-03 -6.72527666e-03]
 [ 3.17642880e-04  1.56567337e-03 -1.65631424e-04 -2.04549670e-03
  -1.14766405e-03 -4.39631314e-04]
 [ 6.69121656e-05 -1.65631424e-04  2.32818940e-05 -1.06080016e-04
   7.98555270e-05 -7.43113060e-05]
 [-2.02368752e-02 -2.04549670e-03 -1.06080016e-04  6.15968532e-02
  -1.12544600e-02  2.23105498e-02]
 [ 4.25715461e-03 -1.14766405e-03  7.98555270e-05 -1.12544600e-02
   8.60788373e-03 -4.74150999e-03]
 [-6.72527666e-03 -4.39631314e-04 -7.43113060e-05  2.23105498e-02
  -4.74150999e-03  1.21623533e-02]]"
psc010026,"{'amplitude': 91.37913233557909, 'color': 0.14347591114183436, 's1': -0.24678348728233132, 's2': 0.8906870674598194, 's3': 1.4583067462251158, 't0': 55249.72949158822}","{'amplitude': 0.13935337175263657, 'color': 0.02329948340878573, 's1': 0.21776442480011662, 's2': 0.12189306715048256, 's3': 0.18870136586126912, 't0': 0.2605540238872671}","[[ 0.0678884   0.03128696 -0.00511772 -0.05026558  0.01541527  0.03594952]
 [ 0.03128696  0.01941936 -0.00285825 -0.0267439   0.00898846  0.01924535]
 [-0.00511772 -0.00285825  0.00054287  0.0045718  -0.00212019 -0.00245282]
 [-0.05026558 -0.0267439   0.0045718   0.04742134 -0.01927881 -0.02031898]
 [ 0.01541527  0.00898846 -0.00212019 -0.01927881  0.01485792  0.00319349]
 [ 0.03594952  0.01924535 -0.00245282 -0.02031898  0.00319349  0.03560821]]","{'amplitude': 91.72265570843201, 'color': 0.10028862629997427, 's1': -0.7369588679749053, 's2': 0.33809750874071803, 's3': 1.577171881858431, 't0': 55250.07161473703}","{'amplitude': 0.39878303082334177, 'color': 0.056709225766671444, 's1': 0.3291289994678675, 's2': 0.16827191964278873, 's3': 0.10812617474130977, 't0': 0.3554776360316821}","[[ 0.12636435  0.11254994 -0.01557173  0.01723707 -0.01117497  0.02518849]
 [ 0.11254994  0.15902791 -0.02221928  0.04039184 -0.02045262  0.02682622]
 [-0.01557173 -0.02221928  0.00321594 -0.00293099  0.00141057 -0.0034821 ]
 [ 0.01723707  0.04039184 -0.00293099  0.1083259  -0.05517536  0.01891444]
 [-0.01117497 -0.02045262  0.00141057 -0.05517536  0.02831544 -0.00999344]
 [ 0.02518849  0.02682622 -0.0034821   0.01891444 -0.00999344  0.01169127]]"
psc010203,"{'amplitude': 96.17424009497856, 'color': -0.11626478991815815, 's1': -0.7518567719718211, 's2': 0.8347470734501256, 's3': 0.9072002156835708, 't0': 55231.07780796338}","{'amplitude': 0.07226068009512222, 'color': 0.007559235647496591, 's1': 0.11928882426371512, 's2': 0.19191755449608872, 's3': 0.1313969448887279, 't0': 0.07868936582571917}","[[ 6.19201629e-03 -8.62481910e-04  1.23017060e-04 -3.33351270e-03
   1.89691873e-03  7.71796514e-04]
 [-8.62481910e-04  5.22160589e-03 -5.10741497e-04  1.78687740e-03
  -8.94609725e-03  2.02916752e-03]
 [ 1.23017060e-04 -5.10741497e-04  5.71420436e-05 -1.83496129e-04
   6.26128924e-04 -2.50285866e-04]
 [-3.33351270e-03  1.78687740e-03 -1.83496129e-04  1.42298236e-02
  -1.20542113e-02  5.48897837e-03]
 [ 1.89691873e-03 -8.94609725e-03  6.26128924e-04 -1.20542113e-02
   3.68323477e-02 -7.35277598e-03]
 [ 7.71796514e-04  2.02916752e-03 -2.50285866e-04  5.48897837e-03
  -7.35277598e-03  1.72651571e-02]]","{'amplitude': 96.14129230938998, 'color': -0.11379288192476568, 's1': -0.7294608617634866, 's2': 0.9206569295907944, 's3': 0.8477545351124885, 't0': 55231.04361468341}","{'amplitude': 0.15905174051327614, 'color': 0.016923798532720954, 's1': 0.31163150714292964, 's2': 0.12033296758109205, 's3': 0.1889419689730213, 't0': 0.10597265676900021}","[[ 0.0112302   0.00832061 -0.00077832 -0.02194592  0.00363136 -0.00990889]
 [ 0.00832061  0.02529746 -0.002656   -0.04231412  0.00517344 -0.02020648]
 [-0.00077832 -0.002656    0.00028641  0.00429687 -0.00065427  0.00205989]
 [-0.02194592 -0.04231412  0.00429687  0.0971142  -0.01947161  0.04615242]
 [ 0.00363136  0.00517344 -0.00065427 -0.01947161  0.01448002 -0.01187089]
 [-0.00990889 -0.02020648  0.00205989  0.04615242 -0.01187089  0.03569907]]"
psc020027,"{'amplitude': 97.85837035092095, 'color': 0.005049551837160692, 's1': -0.758830689801022, 's2': 1.148182962526335, 's3': 1.0455751276228147, 't0': 55271.27258810399}","{'amplitude': 0.0676651747204619, 'color': 0.009233365037568695, 's1': 0.12483097804571326, 's2': 0.1279957758622982, 's3': 0.23402167753492767, 't0': 0.13867656655154417}","[[ 1.92311901e-02  2.22870935e-04 -1.27831050e-04  2.19539602e-03
   4.13636749e-03  7.80319253e-03]
 [ 2.22870935e-04  4.57857587e-03 -5.53774518e-04  9.02355104e-04
  -2.07561590e-03  1.03834664e-03]
 [-1.27831050e-04 -5.53774518e-04  8.52550299e-05 -5.10014425e-05
  -1.94220618e-04 -9.74812989e-04]
 [ 2.19539602e-03  9.02355104e-04 -5.10014425e-05  1.55827731e-02
  -1.87619237e-03 -3.06580001e-03]
 [ 4.13636749e-03 -2.07561590e-03 -1.94220618e-04 -1.87619237e-03
   1.63829186e-02  2.14728753e-02]
 [ 7.80319253e-03  1.03834664e-03 -9.74812989e-04 -3.06580001e-03
   2.14728753e-02  5.47661456e-02]]","{'amplitude': 97.87367573331248, 'color': 0.0038222900842710002, 's1': -0.8125245226936169, 's2': 1.1410663856248309, 's3': 0.9724232876061703, 't0': 55271.28233102621}","{'amplitude': 0.07870677879425206, 'color': 0.00954517995715672, 's1': 0.12034188626224225, 's2': 0.11202584490801805, 's3': 0.20414012009755936, 't0': 0.13254885016282228}","[[ 1.75691977e-02 -1.87493265e-03  2.05918279e-04 -9.70951637e-04
  -3.63459741e-03  6.21834417e-03]
 [-1.87493265e-03  6.19475703e-03 -7.06008571e-04  1.84261597e-04
  -2.87415564e-03 -2.02002576e-03]
 [ 2.05918279e-04 -7.06008571e-04  9.11104604e-05  7.95872979e-05
   2.69708938e-04 -2.30839964e-04]
 [-9.70951637e-04  1.84261597e-04  7.95872979e-05  1.44821696e-02
  -1.46372829e-03 -4.43253165e-03]
 [-3.63459741e-03 -2.87415564e-03  2.69708938e-04 -1.46372829e-03
   1.25497899e-02 -5.76060198e-03]
 [ 6.21834417e-03 -2.02002576e-03 -2.30839964e-04 -4.43253165e-03
  -5.76060198e-03  4.16731886e-02]]"
psc020090,"{'amplitude': 104.13010172801286, 'color': -0.08979561347642494, 's1': -0.2889586866494313, 's2': 2.748208205669331, 's3': -3.2004868993632565, 't0': 55273.336131846525}","{'amplitude': 0.5741376386273728, 'color': 0.06683635434716238, 's1': 0.7045842952914658, 's2': 1.2863403654648462, 's3': 1.5616745823811227, 't0': 1.0808898475447082}","[[ 1.16832286e+00  7.12641803e-03 -1.37793476e-03  2.16703480e-02
  -2.04356397e-01  1.46752688e-01]
 [ 7.12641803e-03  3.29634028e-01 -2.34204470e-02 -1.36734280e-01
  -3.24003048e-01 -9.53118059e-02]
 [-1.37793476e-03 -2.34204470e-02  4.46709826e-03  1.57629883e-03
   2.95329420e-03  6.70680997e-02]
 [ 2.16703480e-02 -1.36734280e-01  1.57629883e-03  4.96439029e-01
   1.95346738e-01 -4.38847602e-02]
 [-2.04356397e-01 -3.24003048e-01  2.95329420e-03  1.95346738e-01
   1.65467154e+00  4.42738427e-01]
 [ 1.46752688e-01 -9.53118059e-02  6.70680997e-02 -4.38847602e-02
   4.42738427e-01  2.43882750e+00]]","{'amplitude': 104.44744688063724, 'color': -0.0879246062946422, 's1': -0.8275051647745572, 's2': 1.7201778664870282, 's3': -3.082900242546666, 't0': 55273.662875838934}","{'amplitude': 0.7297748448343605, 'color': 0.08786679209153317, 's1': 0.8487681075829648, 's2': 1.527899611759475, 's3': 1.7464948173201649, 't0': 1.1749482126332131}","[[ 1.3805033   0.01639707 -0.00580936 -0.29993504 -0.00502465 -0.17243214]
 [ 0.01639707  0.53257132 -0.03733321 -0.19248915 -0.53694614 -0.02879552]
 [-0.00580936 -0.03733321  0.00772057  0.00473685 -0.02928693  0.10502561]
 [-0.29993504 -0.19248915  0.00473685  0.7204073   0.13879495 -0.05619895]
 [-0.00502465 -0.53694614 -0.02928693  0.13879495  2.33447722 -0.83213925]
 [-0.17243214 -0.02879552  0.10502561 -0.05619895 -0.83213925  3.05024415]]"
psc020096,"{'amplitude': 102.02780517754577, 'color': -0.10764264370772253, 's1': 0.44080572183888933, 's2': 0.28829519784720026, 's3': -0.3982739455719601, 't0': 55281.90264728025}","{'amplitude': 0.14957536732044785, 'color': 0.019338872448320086, 's1': 0.09782217670179538, 's2': 0.15486768200997938, 's3': 0.22805652685188355, 't0': 0.19213707631339894}","[[ 0.03691666  0.00415579 -0.00091983  0.00127401  0.00021868  0.00200832]
 [ 0.00415579  0.02237279 -0.00276397  0.00327522 -0.00575722 -0.00191244]
 [-0.00091983 -0.00276397  0.00037399 -0.00054529  0.00018964  0.00048287]
 [ 0.00127401  0.00327522 -0.00054529  0.00956918 -0.00063287 -0.0002897 ]
 [ 0.00021868 -0.00575722  0.00018964 -0.00063287  0.023984   -0.00657149]
 [ 0.00200832 -0.00191244  0.00048287 -0.0002897  -0.00657149  0.05200978]]","{'amplitude': 101.97220292065516, 'color': -0.10373849289691345, 's1': 0.5003462632035351, 's2': 0.41232076489659414, 's3': -0.31049213005937365, 't0': 55281.78473454101}","{'amplitude': 0.1774099511162561, 'color': 0.02139280695860775, 's1': 0.08438537939754921, 's2': 0.17494170234979017, 's3': 0.22355424854028536, 't0': 0.2056052547107991}","[[ 0.04227352  0.00522274 -0.0010263  -0.00082176 -0.00198288 -0.00174058]
 [ 0.00522274  0.03147429 -0.00362342 -0.00066112 -0.01012251 -0.00863361]
 [-0.0010263  -0.00362342  0.00045765 -0.00010354  0.0004861   0.0010638 ]
 [-0.00082176 -0.00066112 -0.00010354  0.00712089  0.00087987  0.00334702]
 [-0.00198288 -0.01012251  0.0004861   0.00087987  0.0306046  -0.00572616]
 [-0.00174058 -0.00863361  0.0010638   0.00334702 -0.00572616  0.0499765 ]]"
psc020132,"{'amplitude': 100.49256914271218, 'color': 0.07315708388809701, 's1': 0.9621011247194908, 's2': 0.5734483200942819, 's3': -0.3830475796714697, 't0': 55277.756512701664}","{'amplitude': 0.186414374845684, 'color': 0.020213287229332678, 's1': 0.08343187975114928, 's2': 0.14121201513004397, 's3': 0.18470556731927257, 't0': 0.23454805351729838}","[[ 5.50127894e-02 -1.06739130e-03  3.89701588e-04 -3.12316981e-03
  -1.01530827e-02 -1.16184190e-02]
 [-1.06739130e-03  3.47503191e-02 -3.55758342e-03 -9.30046168e-03
  -5.46371681e-03  3.10609426e-03]
 [ 3.89701588e-04 -3.55758342e-03  4.08576981e-04  7.22021372e-04
   2.86600749e-05 -6.49441486e-04]
 [-3.12316981e-03 -9.30046168e-03  7.22021372e-04  6.96087856e-03
   1.72652829e-03  2.93929893e-03]
 [-1.01530827e-02 -5.46371681e-03  2.86600749e-05  1.72652829e-03
   1.99408332e-02  3.50467323e-03]
 [-1.16184190e-02  3.10609426e-03 -6.49441486e-04  2.93929893e-03
   3.50467323e-03  3.41161466e-02]]","{'amplitude': 100.69385608159698, 'color': 0.05459820205628713, 's1': 0.8883394123836111, 's2': 0.5011664608969578, 's3': -0.4486005092409004, 't0': 55277.8476085402}","{'amplitude': 0.2592449402125401, 'color': 0.027236691794002708, 's1': 0.10316822307700081, 's2': 0.15091989288739874, 's3': 0.2055343359463192, 't0': 0.25738981234663055}","[[ 0.06624952 -0.00133095  0.0004808  -0.00421214 -0.01145428 -0.0129561 ]
 [-0.00133095  0.06720794 -0.00683837 -0.01885449 -0.00828469  0.00150372]
 [ 0.0004808  -0.00683837  0.00074184  0.00167322  0.00023243 -0.00025506]
 [-0.00421214 -0.01885449  0.00167322  0.01064368  0.00293515  0.00260792]
 [-0.01145428 -0.00828469  0.00023243  0.00293515  0.02277681 -0.00138257]
 [-0.0129561   0.00150372 -0.00025506  0.00260792 -0.00138257  0.04224436]]"
psc020148,"{'amplitude': 96.76783856051371, 'color': 0.059084370943266754, 's1': 0.5042447598337025, 's2': 0.5031811341466726, 's3': -0.5774281984651765, 't0': 55260.65532095697}","{'amplitude': 0.1398244012520199, 'color': 0.017689381034029096, 's1': 0.06948321653608285, 's2': 0.20056389885086395, 's3': 0.3148678232198736, 't0': 0.12452188068666174}","[[ 0.0155057  -0.00074456  0.00055947 -0.00421574 -0.00995324 -0.00626396]
 [-0.00074456  0.01955086 -0.00222924  0.00297859 -0.01237025  0.00120052]
 [ 0.00055947 -0.00222924  0.00031291 -0.00060064  0.00032644 -0.00067153]
 [-0.00421574  0.00297859 -0.00060064  0.00482792  0.00230176  0.00694282]
 [-0.00995324 -0.01237025  0.00032644  0.00230176  0.04022588  0.02527641]
 [-0.00626396  0.00120052 -0.00067153  0.00694282  0.02527641  0.09914175]]","{'amplitude': 96.40607633732597, 'color': 0.0896665161602022, 's1': 0.5026490734368128, 's2': 0.9343836216972037, 's3': 0.6817988242029969, 't0': 55260.644019495085}","{'amplitude': 0.22837230114441243, 'color': 0.02219188348640545, 's1': 0.20813480254041455, 's2': 0.39291205742025265, 's3': 0.7626236744089834, 't0': 0.18817821172863844}","[[ 3.54110394e-02  1.15175908e-03  9.93888485e-04 -2.69621278e-02
  -9.61470206e-03 -8.20192728e-02]
 [ 1.15175908e-03  5.21539079e-02 -4.40569445e-03 -7.28763543e-03
  -7.40757649e-02 -9.25746113e-02]
 [ 9.93888485e-04 -4.40569445e-03  4.92479693e-04 -7.56653994e-04
   4.57995012e-03  3.20036302e-03]
 [-2.69621278e-02 -7.28763543e-03 -7.56653994e-04  4.33200960e-02
   1.82812054e-02  9.23595897e-02]
 [-9.61470206e-03 -7.40757649e-02  4.57995012e-03  1.82812054e-02
   1.54379885e-01  1.83314902e-01]
 [-8.20192728e-02 -9.25746113e-02  3.20036302e-03  9.23595897e-02
   1.83314902e-01  5.81594869e-01]]"
psc020176,"{'amplitude': 102.79803029769735, 'color': -0.14388862106048575, 's1': -1.2116088432171255, 's2': 1.094070302995141, 's3': -0.27217069195964305, 't0': 55270.817384320784}","{'amplitude': 0.14710763269907606, 'color': 0.016823599451968336, 's1': 0.2242501142092816, 's2': 0.21207429920617646, 's3': 0.3159369287421104, 't0': 0.2598560496651166}","[[ 6.75251665e-02  3.22534451e-03 -6.27811101e-04 -2.76765155e-02
   1.66725760e-02 -3.13246601e-02]
 [ 3.22534451e-03  2.16406556e-02 -2.33740108e-03 -1.15959383e-02
  -7.87001845e-03 -9.71847763e-03]
 [-6.27811101e-04 -2.33740108e-03  2.83033499e-04  1.79696845e-03
  -7.22918174e-05  1.04188446e-03]
 [-2.76765155e-02 -1.15959383e-02  1.79696845e-03  5.02881137e-02
  -1.88131804e-02  8.72508603e-03]
 [ 1.66725760e-02 -7.87001845e-03 -7.22918174e-05 -1.88131804e-02
   4.49755084e-02 -2.54134396e-03]
 [-3.13246601e-02 -9.71847763e-03  1.04188446e-03  8.72508603e-03
  -2.54134396e-03  9.98161429e-02]]","{'amplitude': 102.6987934376618, 'color': -0.1308671338075907, 's1': -1.0519429149746895, 's2': 0.9834819761223044, 's3': -0.12353548741775741, 't0': 55270.73278204585}","{'amplitude': 0.16362523430056256, 'color': 0.018101896864445726, 's1': 0.22945258402693547, 's2': 0.2517030399822247, 's3': 0.31166194763708777, 't0': 0.24453208352329117}","[[ 0.05979594  0.00233043 -0.00040566 -0.02682782  0.01573893 -0.01817831]
 [ 0.00233043  0.02677322 -0.00281786 -0.01021377 -0.00879418 -0.01467074]
 [-0.00040566 -0.00281786  0.00032768  0.00160065 -0.00020677  0.00145999]
 [-0.02682782 -0.01021377  0.00160065  0.05264849 -0.02909371  0.00665325]
 [ 0.01573893 -0.00879418 -0.00020677 -0.02909371  0.06335442  0.00375515]
 [-0.01817831 -0.01467074  0.00145999  0.00665325  0.00375515  0.09713317]]"
psc020198,"{'amplitude': 104.66493820261805, 'color': -0.1702953272823333, 's1': 0.8525593161334156, 's2': 1.22583128437004, 's3': -2.2056090363204865, 't0': 55286.27923957255}","{'amplitude': 1.0232732243138316, 'color': 0.11353908179545404, 's1': 1.471544774082947, 's2': 2.0322930624879856, 's3': 2.6412352287561367, 't0': 2.5545268975959385}","[[ 6.52560767  1.60546763 -0.13680034 -2.22810946  0.33859368 -3.72287606]
 [ 1.60546763  1.04708809 -0.05140669 -0.91898983 -0.65847036 -0.50466684]
 [-0.13680034 -0.05140669  0.01289112  0.02518731 -0.11902039  0.21196165]
 [-2.22810946 -0.91898983  0.02518731  2.16544402  0.05894689  1.65444982]
 [ 0.33859368 -0.65847036 -0.11902039  0.05894689  4.13021509 -3.47866332]
 [-3.72287606 -0.50466684  0.21196165  1.65444982 -3.47866332  6.97612353]]","{'amplitude': 104.1485581262382, 'color': -0.13243209662129488, 's1': 0.8842172632919199, 's2': 2.033427580582215, 's3': -2.329741756169473, 't0': 55287.071738964485}","{'amplitude': 1.2216084623108978, 'color': 0.13059263125218384, 's1': 1.4701920773502415, 's2': 1.8426679133977781, 's3': 2.3831793331936546, 't0': 1.8978149887005993}","[[ 3.60170173e+00  2.65955277e-01  3.48997910e-03 -1.05792968e+00
  -9.26865132e-01 -2.65947467e-01]
 [ 2.65955277e-01  1.49232724e+00 -1.04539249e-01 -7.49123247e-01
  -1.44515151e+00 -6.09467711e-01]
 [ 3.48997910e-03 -1.04539249e-01  1.70544353e-02 -1.57979553e-02
   1.14224459e-02  1.92447779e-01]
 [-1.05792968e+00 -7.49123247e-01 -1.57979553e-02  2.16146474e+00
   1.18464541e+00  2.93870556e-01]
 [-9.26865132e-01 -1.44515151e+00  1.14224459e-02  1.18464541e+00
   3.39542504e+00  5.05369951e-03]
 [-2.65947467e-01 -6.09467711e-01  1.92447779e-01  2.93870556e-01
   5.05369951e-03  5.67954373e+00]]"
psc030066,"{'amplitude': 101.72467464362, 'color': -0.14143421512850135, 's1': -1.1787079649881083, 's2': 0.9668564793393014, 's3': 0.35412676259916237, 't0': 55301.304722112276}","{'amplitude': 0.12985270016534353, 'color': 0.016726093529491733, 's1': 0.22823185988719344, 's2': 0.1641667661117628, 's3': 0.5298193575963377, 't0': 0.33811619547234545}","[[ 1.14322562e-01 -1.26775959e-02  2.62396088e-03 -4.52008453e-02
   9.63576896e-03 -9.31098816e-02]
 [-1.26775959e-02  1.68617237e-02 -1.99676574e-03  5.95104055e-03
  -8.35386179e-03 -2.47650723e-03]
 [ 2.62396088e-03 -1.99676574e-03  2.79762205e-04 -1.07182567e-03
   5.33326094e-04 -1.85752296e-03]
 [-4.52008453e-02  5.95104055e-03 -1.07182567e-03  5.20897819e-02
  -1.53993371e-02  8.04256961e-02]
 [ 9.63576896e-03 -8.35386179e-03  5.33326094e-04 -1.53993371e-02
   2.69507271e-02 -1.25387542e-02]
 [-9.31098816e-02 -2.47650723e-03 -1.85752296e-03  8.04256961e-02
  -1.25387542e-02  2.80708552e-01]]","{'amplitude': 101.9264688480551, 'color': -0.16175200580730398, 's1': -1.304753639258845, 's2': 1.1318009396898938, 's3': 0.07827466888017084, 't0': 55302.03875823304}","{'amplitude': 0.1678074219490391, 'color': 0.020798474668281188, 's1': 0.31114173989577076, 's2': 0.2235237185918099, 's3': 0.5624238212851106, 't0': 0.3849306890210291}","[[ 1.48171635e-01 -2.04055062e-02  3.15390274e-03 -2.82150065e-02
   1.78003825e-02 -1.92267338e-02]
 [-2.04055062e-02  2.81593309e-02 -3.23610111e-03 -3.54466122e-03
  -9.21341994e-03 -4.24650049e-02]
 [ 3.15390274e-03 -3.23610111e-03  4.32576549e-04  1.10614506e-03
  -2.10044149e-04  3.02653588e-03]
 [-2.82150065e-02 -3.54466122e-03  1.10614506e-03  9.68091823e-02
  -3.29794391e-02  4.16108716e-02]
 [ 1.78003825e-02 -9.21341994e-03 -2.10044149e-04 -3.29794391e-02
   4.99628528e-02  3.04406314e-02]
 [-1.92267338e-02 -4.24650049e-02  3.02653588e-03  4.16108716e-02
   3.04406314e-02  3.16320555e-01]]"
psc040137,"{'amplitude': 105.28786774810965, 'color': -0.06955545509461489, 's1': 0.1506489189527483, 's2': -0.7414499254528436, 's3': 2.050742929887778, 't0': 55324.06848791804}","{'amplitude': 0.5051354462548776, 'color': 0.04878999669949255, 's1': 0.9773324270454116, 's2': 0.4645128589521213, 's3': 1.6612591058035486, 't0': 2.9882524209264827}","[[ 8.92965253e+00  7.94343085e-01  9.00913026e-03 -2.44130527e+00
   2.58382977e-01 -3.32853976e+00]
 [ 7.94343085e-01  2.55161819e-01 -1.85567866e-02 -3.13235781e-01
   5.95733753e-02 -3.96067585e-01]
 [ 9.00913026e-03 -1.85567866e-02  2.38046378e-03  2.70800025e-03
   4.78088115e-04 -8.82663558e-03]
 [-2.44130527e+00 -3.13235781e-01  2.70800025e-03  9.55178673e-01
  -1.74995561e-01  1.25682415e+00]
 [ 2.58382977e-01  5.95733753e-02  4.78088115e-04 -1.74995561e-01
   2.15772196e-01 -3.53271203e-01]
 [-3.32853976e+00 -3.96067585e-01 -8.82663558e-03  1.25682415e+00
  -3.53271203e-01  2.75978182e+00]]","{'amplitude': 106.73563162398385, 'color': -0.24166586230866033, 's1': 0.1130178617865482, 's2': 0.30289554833792065, 's3': -0.630177944926485, 't0': 55324.91842499265}","{'amplitude': 0.7853638063887601, 'color': 0.10186873686119713, 's1': 1.2855269839707015, 's2': 1.3866742717052511, 's3': 1.9529831883744944, 't0': 1.5860166700544487}","[[ 2.51544888 -0.38479681  0.04885121  0.00896524  0.35269836 -0.14104152]
 [-0.38479681  0.61679631 -0.06726271  0.04173648 -0.40139526 -0.88092841]
 [ 0.04885121 -0.06726271  0.01037724 -0.05010414  0.01928072  0.12400356]
 [ 0.00896524  0.04173648 -0.05010414  1.65257963 -0.56554898 -0.86890325]
 [ 0.35269836 -0.40139526  0.01928072 -0.56554898  1.92286554  1.29954141]
 [-0.14104152 -0.88092841  0.12400356 -0.86890325  1.29954141  3.81414333]]"
psc040150,"{'amplitude': 104.72487044339248, 'color': -0.03777272914187498, 's1': 0.07603036729021777, 's2': 0.27852068431927596, 's3': 0.7598466094468405, 't0': 55338.389098641586}","{'amplitude': 0.4960993650049817, 'color': 0.04263586213768802, 's1': 0.7909129368854768, 's2': 1.0962570209672184, 's3': 0.9076440216499876, 't0': 0.7577909276000014}","[[ 5.74247090e-01  1.57756058e-01 -8.88979090e-03 -3.65421570e-01
   6.91163982e-02 -3.64284861e-01]
 [ 1.57756058e-01  2.46114580e-01 -1.72777888e-02 -9.75732415e-02
  -2.02503949e-01 -2.05067598e-01]
 [-8.88979090e-03 -1.72777888e-02  1.81781674e-03  1.55082169e-03
   2.56654673e-04  1.30518868e-02]
 [-3.65421570e-01 -9.75732415e-02  1.55082169e-03  6.25543274e-01
  -3.14174766e-01  4.96357259e-01]
 [ 6.91163982e-02 -2.02503949e-01  2.56654673e-04 -3.14174766e-01
   1.20177946e+00 -1.70117770e-01]
 [-3.64284861e-01 -2.05067598e-01  1.30518868e-02  4.96357259e-01
  -1.70117770e-01  8.23817670e-01]]","{'amplitude': 104.70873399607076, 'color': -0.03698768794145775, 's1': 0.11556093754079418, 's2': 0.43984906942320484, 's3': 0.745449710830974, 't0': 55338.39826373358}","{'amplitude': 0.5947544209350383, 'color': 0.05584486144922691, 's1': 0.6720989566722096, 's2': 0.9261300359523471, 's3': 1.126103435649023, 't0': 0.7561727499950104}","[[ 0.57179723  0.18101883 -0.01382514 -0.27571112  0.10003463 -0.40341118]
 [ 0.18101883  0.35373282 -0.03072816 -0.16807244 -0.04394965 -0.32266599]
 [-0.01382514 -0.03072816  0.00311865  0.01114976 -0.00805359  0.02697017]
 [-0.27571112 -0.16807244  0.01114976  0.45171701 -0.20125315  0.52686197]
 [ 0.10003463 -0.04394965 -0.00805359 -0.20125315  0.85771684 -0.20666788]
 [-0.40341118 -0.32266599  0.02697017  0.52686197 -0.20666788  1.26810895]]"
psc040198,"{'amplitude': 102.373035325813, 'color': -0.03981505356498863, 's1': -0.18351810014331457, 's2': 0.5565297015330694, 's3': 0.41149768636946354, 't0': 55338.096722355105}","{'amplitude': 0.1815096559998691, 'color': 0.02007059198677723, 's1': 0.3027095046168173, 's2': 0.4878616116331338, 's3': 0.5443488734471194, 't0': 0.1931594748395031}","[[ 3.73105827e-02 -5.47005254e-04 -2.30770499e-04 -3.22993813e-03
   4.63276865e-03  9.42879922e-03]
 [-5.47005254e-04  3.29457552e-02 -3.37212763e-03  1.86320227e-02
  -4.21402769e-02 -1.61470113e-02]
 [-2.30770499e-04 -3.37212763e-03  4.02828663e-04 -2.13309834e-03
   2.17158014e-03  3.00650139e-03]
 [-3.22993813e-03  1.86320227e-02 -2.13309834e-03  9.16330442e-02
  -9.18687569e-02 -1.41566792e-02]
 [ 4.63276865e-03 -4.21402769e-02  2.17158014e-03 -9.18687569e-02
   2.38008952e-01 -3.92760607e-02]
 [ 9.42879922e-03 -1.61470113e-02  3.00650139e-03 -1.41566792e-02
  -3.92760607e-02  2.96315696e-01]]","{'amplitude': 102.47669316661202, 'color': -0.05617834500655407, 's1': -0.711522589223437, 's2': 1.3293012210413782, 's3': 0.2815230491105775, 't0': 55338.11256785571}","{'amplitude': 0.20010923271640205, 'color': 0.02184543565783699, 's1': 0.4170594493666171, 's2': 0.48836238858282977, 's3': 0.3916294194593522, 't0': 0.22892413854935487}","[[ 5.24062612e-02 -2.92346358e-04 -1.09219214e-04 -1.11578185e-02
   5.58797968e-03 -2.44601556e-02]
 [-2.92346358e-04  4.00437050e-02 -4.16475290e-03  7.46292115e-03
  -2.45711583e-02  3.16047034e-03]
 [-1.09219214e-04 -4.16475290e-03  4.77223059e-04  9.08983822e-05
   5.62851763e-04 -6.31125357e-04]
 [-1.11578185e-02  7.46292115e-03  9.08983822e-05  1.73938584e-01
  -1.63522155e-01 -9.46027025e-04]
 [ 5.58797968e-03 -2.45711583e-02  5.62851763e-04 -1.63522155e-01
   2.38497823e-01  1.10992506e-02]
 [-2.44601556e-02  3.16047034e-03 -6.31125357e-04 -9.46027025e-04
   1.10992506e-02  1.53373602e-01]]"
psc040201,"{'amplitude': 102.76414595223537, 'color': -0.09854069320387919, 's1': -0.5318572486867817, 's2': 1.2616984878745081, 's3': 0.2638872495671221, 't0': 55324.63191132625}","{'amplitude': 0.21019158089089754, 'color': 0.023115594113990445, 's1': 0.233495116246573, 's2': 0.48521320563069753, 's3': 0.5396945488071772, 't0': 0.48758088053269555}","[[ 0.23773512 -0.05482819  0.00619727  0.00714211  0.10733652  0.11085022]
 [-0.05482819  0.0441805  -0.0044187   0.00840829 -0.0659014  -0.0679816 ]
 [ 0.00619727 -0.0044187   0.00053433 -0.00043029  0.00378321  0.00720038]
 [ 0.00714211  0.00840829 -0.00043029  0.05451997 -0.04669603 -0.02654431]
 [ 0.10733652 -0.0659014   0.00378321 -0.04669603  0.23543185  0.12407746]
 [ 0.11085022 -0.0679816   0.00720038 -0.02654431  0.12407746  0.29127021]]","{'amplitude': 102.70819100011074, 'color': -0.0968945590191665, 's1': -0.6263620977090187, 's2': 1.5744672435450437, 's3': 0.5640256989074752, 't0': 55324.90370960941}","{'amplitude': 0.26899675918845145, 'color': 0.030157871813851708, 's1': 0.31137963899356574, 's2': 0.5287921047518822, 's3': 0.6681312131605479, 't0': 0.6266926371278126}","[[ 0.39274366 -0.09346754  0.01167309  0.01090989  0.11651819  0.17593829]
 [-0.09346754  0.07235926 -0.0075875   0.0198014  -0.07964769 -0.1097564 ]
 [ 0.01167309 -0.0075875   0.0009095  -0.00069991  0.00492612  0.01261016]
 [ 0.01090989  0.0198014  -0.00069991  0.09695728 -0.10704117 -0.03081736]
 [ 0.11651819 -0.07964769  0.00492612 -0.10704117  0.27962109  0.11037547]
 [ 0.17593829 -0.1097564   0.01261016 -0.03081736  0.11037547  0.44639932]]"
psc040782,"{'amplitude': 102.8052451498428, 'color': 0.09955957776188076, 's1': 0.23151513203325622, 's2': 0.8293795182012891, 's3': -2.689976242455552, 't0': 55353.05810804564}","{'amplitude': 0.34783957018175465, 'color': 0.039779770614851294, 's1': 0.4004016941494463, 's2': 0.6611796743577224, 's3': 1.0430019600315814, 't0': 0.6453098683192146}","[[ 4.16424826e-01 -3.75496719e-02  3.63097055e-03 -8.52746091e-02
   1.28596830e-01  1.79393584e-02]
 [-3.75496719e-02  1.20992367e-01 -7.08173952e-03 -2.81601023e-05
  -8.28538402e-02  1.42030670e-01]
 [ 3.63097055e-03 -7.08173952e-03  1.58243015e-03 -2.34777353e-03
  -3.76281630e-03  1.36972282e-02]
 [-8.52746091e-02 -2.81601023e-05 -2.34777353e-03  1.60321517e-01
   1.43176121e-02  5.37266885e-02]
 [ 1.28596830e-01 -8.28538402e-02 -3.76281630e-03  1.43176121e-02
   4.37158562e-01  4.64564057e-02]
 [ 1.79393584e-02  1.42030670e-01  1.36972282e-02  5.37266885e-02
   4.64564057e-02  1.08785309e+00]]","{'amplitude': 102.216118257302, 'color': 0.17475984971285405, 's1': 0.8352080044320163, 's2': 0.9805376085130146, 's3': -0.583230082912395, 't0': 55352.87904540896}","{'amplitude': 0.673108957930084, 'color': 0.06539293827922804, 's1': 0.8365095995941253, 's2': 1.2078762314909672, 's3': 1.9159871694574913, 't0': 1.0861630836268243}","[[ 1.17975024e+00  2.89106296e-01 -2.46781214e-02 -5.19985566e-01
  -1.06297847e-01 -1.05984182e+00]
 [ 2.89106296e-01  4.53075669e-01 -3.28185228e-02 -3.97855392e-01
  -4.22896549e-01 -5.94296312e-01]
 [-2.46781214e-02 -3.28185228e-02  4.27623638e-03  2.25373328e-02
  -2.10621977e-03  6.03515959e-02]
 [-5.19985566e-01 -3.97855392e-01  2.25373328e-02  6.99748310e-01
   5.54821896e-01  1.10172662e+00]
 [-1.06297847e-01 -4.22896549e-01 -2.10621977e-03  5.54821896e-01
   1.45896499e+00  9.41853147e-01]
 [-1.05984182e+00 -5.94296312e-01  6.03515959e-02  1.10172662e+00
   9.41853147e-01  3.67100683e+00]]"
psc050003,"{'amplitude': 105.43739942763406, 'color': -0.1129852706980427, 's1': -1.3743335569132955, 's2': 0.9379967575411201, 's3': -2.2351365980827764, 't0': 55356.35338168727}","{'amplitude': 0.4113851725901367, 'color': 0.048206006821417714, 's1': 0.882463498124877, 's2': 0.8426376809617904, 's3': 1.7356901388980304, 't0': 1.1277168229649424}","[[ 1.27174523e+00  3.01451714e-02  9.90870798e-03 -4.40015006e-01
   3.10818903e-01  2.82344412e-01]
 [ 3.01451714e-02  1.69237760e-01 -1.54088819e-02 -1.03058754e-01
  -4.66020358e-02  9.28858362e-03]
 [ 9.90870798e-03 -1.54088819e-02  2.32381909e-03 -8.79094577e-04
   6.14920823e-03  2.73194999e-02]
 [-4.40015006e-01 -1.03058754e-01 -8.79094577e-04  7.78741826e-01
  -3.69930116e-01 -5.55951767e-01]
 [ 3.10818903e-01 -4.66020358e-02  6.14920823e-03 -3.69930116e-01
   7.10038261e-01  1.00267570e+00]
 [ 2.82344412e-01  9.28858362e-03  2.73194999e-02 -5.55951767e-01
   1.00267570e+00  3.01262026e+00]]","{'amplitude': 105.48681252546022, 'color': -0.11722911777515642, 's1': -1.498418138681161, 's2': 1.0910230987268887, 's3': -2.113858099736082, 't0': 55356.72031868522}","{'amplitude': 0.5604266096679539, 'color': 0.07066198767325625, 's1': 0.8703082183432589, 's2': 0.8335348599481296, 's3': 1.7193552641227483, 't0': 1.20210835214677}","[[ 1.44506449 -0.06192903  0.01859237 -0.453612    0.32719926  0.15633265]
 [-0.06192903  0.31407798 -0.03538193  0.08691937 -0.1801215  -0.29634899]
 [ 0.01859237 -0.03538193  0.00499312 -0.02192576  0.02053675  0.06197501]
 [-0.453612    0.08691937 -0.02192576  0.75743639 -0.35282258 -0.58663481]
 [ 0.32719926 -0.1801215   0.02053675 -0.35282258  0.69478036  0.96253654]
 [ 0.15633265 -0.29634899  0.06197501 -0.58663481  0.96253654  2.95618252]]"
psc050251,"{'amplitude': 104.65691757999168, 'color': -0.04463457539201088, 's1': 0.17921000315609187, 's2': -0.9395988840158193, 's3': -1.115017096805135, 't0': 55368.10253096633}","{'amplitude': 0.612955892966265, 'color': 0.05511694478947711, 's1': 1.318298821022182, 's2': 0.24885463008122255, 's3': 1.5389835657093065, 't0': 0.7255982261170012}","[[ 5.26492786e-01 -1.19362532e-01  4.20749610e-03  9.36365483e-02
  -1.16443563e-02  3.56991694e-02]
 [-1.19362532e-01  3.75714927e-01 -1.78168680e-02 -4.74710058e-01
   6.20920686e-02  2.35112507e-01]
 [ 4.20749610e-03 -1.78168680e-02  3.03787760e-03 -2.07689463e-02
   2.23718573e-04  4.40070179e-02]
 [ 9.36365483e-02 -4.74710058e-01 -2.07689463e-02  1.73791178e+00
  -2.28515792e-01 -1.36988751e+00]
 [-1.16443563e-02  6.20920686e-02  2.23718573e-04 -2.28515792e-01
   6.19286269e-02  3.79704816e-02]
 [ 3.56991694e-02  2.35112507e-01  4.40070179e-02 -1.36988751e+00
   3.79704816e-02  2.36847042e+00]]","{'amplitude': 104.41659513774604, 'color': -0.07632571901981139, 's1': 0.5143995028589132, 's2': 1.1968973242000696, 's3': -0.6685002691193279, 't0': 55367.86664011819}","{'amplitude': 0.73581724484118, 'color': 0.08918981531828125, 's1': 1.2710377258829608, 's2': 2.4339022761812923, 's3': 1.845797745311486, 't0': 1.6757343717831852}","[[ 2.80808568  0.06345534  0.03548828 -0.91374297 -0.55765918  0.54129357]
 [ 0.06345534  0.54142702 -0.0239774  -0.16455782 -0.93906973 -0.1969317 ]
 [ 0.03548828 -0.0239774   0.00795482 -0.04311414 -0.11456955  0.07376576]
 [-0.91374297 -0.16455782 -0.04311414  1.6155369   0.96391193  0.7548825 ]
 [-0.55765918 -0.93906973 -0.11456955  0.96391193  5.92388029 -1.06538755]
 [ 0.54129357 -0.1969317   0.07376576  0.7548825  -1.06538755  3.40696932]]"
psc050291,"{'amplitude': 103.75884414057938, 'color': -0.018418162321561102, 's1': -0.29883034021776944, 's2': 0.9910710409687584, 's3': 0.574003173735032, 't0': 55350.02556114497}","{'amplitude': 0.38182494264926964, 'color': 0.03615326790635811, 's1': 0.6372051805558447, 's2': 1.1317568169312673, 's3': 1.2757883909217975, 't0': 0.5831186402529895}","[[ 3.40027349e-01  2.27513227e-02 -3.36931620e-03 -2.01312641e-01
   8.49955054e-02 -3.69384382e-01]
 [ 2.27513227e-02  1.45790287e-01 -1.03786411e-02 -3.71337764e-02
  -2.29649822e-01 -3.81319821e-02]
 [-3.36931620e-03 -1.03786411e-02  1.30705878e-03  3.44294847e-03
  -2.57737950e-03  1.16022438e-02]
 [-2.01312641e-01 -3.71337764e-02  3.44294847e-03  4.06030442e-01
  -1.49026508e-01  5.34144375e-01]
 [ 8.49955054e-02 -2.29649822e-01 -2.57737950e-03 -1.49026508e-01
   1.28087349e+00 -3.44948338e-01]
 [-3.69384382e-01 -3.81319821e-02  1.16022438e-02  5.34144375e-01
  -3.44948338e-01  1.62763602e+00]]","{'amplitude': 104.1593025445636, 'color': -0.06405846418413569, 's1': -0.5988664724929641, 's2': 1.1377458497427635, 's3': -0.2794237960540916, 't0': 55350.29256938383}","{'amplitude': 0.5402802176710688, 'color': 0.05943506432234301, 's1': 0.5992253481475602, 's2': 0.9935077614559464, 's3': 1.5819734094128408, 't0': 0.6691952187055075}","[[ 0.44782224  0.05506943 -0.01250435 -0.15272326  0.26947034 -0.39643155]
 [ 0.05506943  0.29190271 -0.02842078 -0.14165941 -0.12223621 -0.45513344]
 [-0.01250435 -0.02842078  0.00353253  0.01457169 -0.0095461   0.05571774]
 [-0.15272326 -0.14165941  0.01457169  0.35907102 -0.091511    0.50644529]
 [ 0.26947034 -0.12223621 -0.0095461  -0.091511    0.98705767  0.13391844]
 [-0.39643155 -0.45513344  0.05571774  0.50644529  0.13391844  2.50263987]]"
psc050293,"{'amplitude': 104.04722262920676, 'color': -0.06343586595832572, 's1': -0.5906325900211412, 's2': 0.9926777134540052, 's3': 0.22969384911860496, 't0': 55356.416892254594}","{'amplitude': 0.21901504040711192, 'color': 0.02633399805223437, 's1': 0.5449432003649731, 's2': 0.7003143310035675, 's3': 1.0124965967181714, 't0': 0.47824696388893323}","[[ 2.28720158e-01  1.14335473e-02 -2.87941962e-03  1.34553773e-02
   8.88125718e-02 -1.44187610e-01]
 [ 1.14335473e-02  4.79675879e-02 -4.87068798e-03  1.33832912e-02
  -3.38746562e-02 -2.10002743e-02]
 [-2.87941962e-03 -4.87068798e-03  6.93479453e-04 -9.62387681e-04
  -3.65343884e-03  2.57841928e-03]
 [ 1.34553773e-02  1.33832912e-02 -9.62387681e-04  2.96963092e-01
  -1.78430229e-01  2.36656739e-01]
 [ 8.88125718e-02 -3.38746562e-02 -3.65343884e-03 -1.78430229e-01
   4.90440162e-01 -1.08101559e-01]
 [-1.44187610e-01 -2.10002743e-02  2.57841928e-03  2.36656739e-01
  -1.08101559e-01  1.02514936e+00]]","{'amplitude': 104.35663708552208, 'color': -0.10123752110753868, 's1': -0.8028479468178082, 's2': 1.3249735807661063, 's3': -0.35922448933027523, 't0': 55356.75105930376}","{'amplitude': 0.34783599472278937, 'color': 0.03959032005664339, 's1': 0.4635724177482371, 's2': 0.6602852250534743, 's3': 0.890090146385439, 't0': 0.584732133603003}","[[ 0.34191167  0.01835162 -0.00623616  0.00898656  0.172931   -0.13720672]
 [ 0.01835162  0.12098988 -0.0126919   0.01157063 -0.04149943 -0.12129579]
 [-0.00623616 -0.0126919   0.00156739 -0.00089061 -0.00395428  0.01522716]
 [ 0.00898656  0.01157063 -0.00089061  0.21489939 -0.09192116  0.12113534]
 [ 0.172931   -0.04149943 -0.00395428 -0.09192116  0.43597658  0.01018277]
 [-0.13720672 -0.12129579  0.01522716  0.12113534  0.01018277  0.79226047]]"
psc050296,"{'amplitude': 104.06104051453732, 'color': -0.10668099582885152, 's1': -1.2650178750367387, 's2': 1.3036095739503062, 's3': 0.8982614934463385, 't0': 55359.4323925117}","{'amplitude': 0.3650918473256698, 'color': 0.03026418952649241, 's1': 0.5969126049901565, 's2': 1.159433719698532, 's3': 1.166517209432854, 't0': 0.7823551798187579}","[[ 6.12079627e-01  2.83162733e-02 -6.44381235e-03 -1.45872683e-01
   1.89434070e-01 -6.76651825e-01]
 [ 2.83162733e-02  1.33292057e-01 -7.44586354e-03  9.17877382e-02
  -3.03093341e-01  3.65617283e-02]
 [-6.44381235e-03 -7.44586354e-03  9.15921168e-04 -1.45714979e-03
   2.02792030e-03  6.26309305e-03]
 [-1.45872683e-01  9.17877382e-02 -1.45714979e-03  3.56304658e-01
  -4.51569349e-01  3.84027772e-01]
 [ 1.89434070e-01 -3.03093341e-01  2.02792030e-03 -4.51569349e-01
   1.34428655e+00 -6.23696334e-01]
 [-6.76651825e-01  3.65617283e-02  6.26309305e-03  3.84027772e-01
  -6.23696334e-01  1.36076240e+00]]","{'amplitude': 104.54220823862069, 'color': -0.17329416665121447, 's1': -1.7992809357803323, 's2': 1.9192199307584532, 's3': -0.8096023105700277, 't0': 55360.07843592893}","{'amplitude': 0.3455321948299878, 'color': 0.0401215562818986, 's1': 0.6121297147510976, 's2': 1.0420493617393831, 's3': 1.4426600746480067, 't0': 0.8396487662203669}","[[ 7.05010051e-01  1.31189803e-02 -9.90910715e-03 -1.37376995e-01
   3.15996938e-01 -4.70794133e-01]
 [ 1.31189803e-02  1.19392498e-01 -8.81790061e-03 -4.97161397e-03
  -1.47627595e-01 -4.38999725e-02]
 [-9.90910715e-03 -8.81790061e-03  1.60973928e-03  8.54917362e-03
  -1.50445646e-02  2.41090112e-02]
 [-1.37376995e-01 -4.97161397e-03  8.54917362e-03  3.74702788e-01
  -1.99708442e-01  5.02750684e-01]
 [ 3.15996938e-01 -1.47627595e-01 -1.50445646e-02 -1.99708442e-01
   1.08586687e+00 -3.78292893e-01]
 [-4.70794133e-01 -4.38999725e-02  2.41090112e-02  5.02750684e-01
  -3.78292893e-01  2.08126809e+00]]"
psc050301,"{'amplitude': 102.93731229565272, 'color': 0.10905845304136769, 's1': -0.8880732979494693, 's2': -0.05981432824171437, 's3': 2.3079939327371357, 't0': 55358.399875260104}","{'amplitude': 0.23069854851686375, 'color': 0.028779974035534818, 's1': 0.47599198148855393, 's2': 0.37069607204958865, 's3': 0.5078820817408114, 't0': 0.6970791491424114}","[[ 0.48591934  0.0216402   0.00236567 -0.17377686 -0.09591127 -0.16723732]
 [ 0.0216402   0.05322182 -0.00603399 -0.00569427 -0.01368118 -0.00775742]
 [ 0.00236567 -0.00603399  0.00082829 -0.0014859  -0.00083575 -0.00379158]
 [-0.17377686 -0.00569427 -0.0014859   0.22656837  0.04944691  0.03972406]
 [-0.09591127 -0.01368118 -0.00083575  0.04944691  0.13741558  0.03323311]
 [-0.16723732 -0.00775742 -0.00379158  0.03972406  0.03323311  0.25794421]]","{'amplitude': 102.92520756571825, 'color': 0.10792422321260274, 's1': -1.0001799243467342, 's2': 0.22929961027571905, 's3': 2.127049546644918, 't0': 55358.2107835604}","{'amplitude': 0.3083587104043319, 'color': 0.03789657831801447, 's1': 0.5368774663300748, 's2': 0.655403080583795, 's3': 0.9220321676093736, 't0': 0.792805561806925}","[[ 6.28540659e-01  4.84082099e-02 -5.91663518e-04 -1.91722036e-01
   3.26011079e-02 -4.17391933e-01]
 [ 4.84082099e-02  9.50850943e-02 -1.07169994e-02 -4.39795249e-02
   9.57586769e-03 -5.69141008e-02]
 [-5.91663518e-04 -1.07169994e-02  1.43615065e-03  4.30994390e-03
  -6.42557406e-03  1.33004535e-03]
 [-1.91722036e-01 -4.39795249e-02  4.30994390e-03  2.88237414e-01
  -7.64858458e-02  1.65215614e-01]
 [ 3.26011079e-02  9.57586769e-03 -6.42557406e-03 -7.64858458e-02
   4.29553198e-01 -2.83398104e-01]
 [-4.17391933e-01 -5.69141008e-02  1.33004535e-03  1.65215614e-01
  -2.83398104e-01  8.50143318e-01]]"
psc050303,"{'amplitude': 102.65430705426772, 'color': 0.16360675069728217, 's1': -0.3249540071685395, 's2': 1.3879453171380394, 's3': 0.07689903648115201, 't0': 55356.50176531794}","{'amplitude': 0.6596915335826168, 'color': 0.05122613348024866, 's1': 0.7840399531936754, 's2': 2.323331022068159, 's3': 2.085933472929656, 't0': 1.7147436141312407}","[[ 2.94034566e+00 -3.49204857e-01  9.88275427e-03 -3.95594728e-01
   2.22531814e+00 -1.01435750e+00]
 [-3.49204857e-01  4.35192919e-01 -1.88363097e-02 -1.26553644e-01
  -1.15920265e+00  3.12971854e-01]
 [ 9.88275427e-03 -1.88363097e-02  2.62411675e-03 -8.92367216e-04
   6.96106642e-03  1.82873800e-02]
 [-3.95594728e-01 -1.26553644e-01 -8.92367216e-04  6.14718648e-01
  -7.69514899e-03  2.71800515e-01]
 [ 2.22531814e+00 -1.15920265e+00  6.96106642e-03 -7.69514899e-03
   5.39786704e+00 -2.36966524e+00]
 [-1.01435750e+00  3.12971854e-01  1.82873800e-02  2.71800515e-01
  -2.36966524e+00  4.35111845e+00]]","{'amplitude': 102.32849541161526, 'color': 0.1880594142921212, 's1': 0.6953878729225594, 's2': 0.4394131482079496, 's3': 1.2451098975665214, 't0': 55354.458339129305}","{'amplitude': 0.6648357884735219, 'color': 0.06249967851884999, 's1': 1.267888621090438, 's2': 2.1675271761312147, 's3': 1.9601460322816655, 't0': 3.448091336950449}","[[ 1.18893339e+01  6.96660579e-01 -4.38247933e-03 -3.04421272e+00
   4.35213495e+00 -4.60430630e+00]
 [ 6.96660579e-01  4.42006626e-01 -1.74985483e-02 -5.55953620e-01
  -1.16920254e-01 -7.38090469e-01]
 [-4.38247933e-03 -1.74985483e-02  3.90620981e-03  7.96469682e-03
  -6.11383493e-02  3.09995952e-02]
 [-3.04421272e+00 -5.55953620e-01  7.96469682e-03  1.60754156e+00
  -9.23449748e-01  2.09784684e+00]
 [ 4.35213495e+00 -1.16920254e-01 -6.11383493e-02 -9.23449748e-01
   4.69817406e+00 -1.99430494e+00]
 [-4.60430630e+00 -7.38090469e-01  3.09995952e-02  2.09784684e+00
  -1.99430494e+00  3.84217247e+00]]"
psc050607,"{'amplitude': 104.72630731538415, 'color': 0.02822522517772943, 's1': -0.6199457197741175, 's2': 0.4879334523916924, 's3': -2.329931411830701, 't0': 55368.56819711193}","{'amplitude': 0.5380493809989472, 'color': 0.0569805368036002, 's1': 0.8222967050826442, 's2': 1.3177562784543324, 's3': 1.8246457230777877, 't0': 0.7908690453438693}","[[ 6.25473847e-01 -1.17234160e-01 -1.12907185e-02 -2.00121481e-01
   2.49663848e-01 -5.32649542e-01]
 [-1.17234160e-01  2.89497136e-01 -6.79384055e-03  8.85373333e-02
  -4.46238066e-01  3.81723343e-01]
 [-1.12907185e-02 -6.79384055e-03  3.24678157e-03  7.32444226e-03
  -2.37258395e-02  6.08892160e-02]
 [-2.00121481e-01  8.85373333e-02  7.32444226e-03  6.76171871e-01
  -5.48788952e-01  4.22863029e-01]
 [ 2.49663848e-01 -4.46238066e-01 -2.37258395e-02 -5.48788952e-01
   1.73648161e+00 -8.84000019e-01]
 [-5.32649542e-01  3.81723343e-01  6.08892160e-02  4.22863029e-01
  -8.84000019e-01  3.32933201e+00]]","{'amplitude': 104.95160251487628, 'color': -0.017614457962021466, 's1': -0.49356750717659925, 's2': 0.8445796080421422, 's3': -2.6027400720356457, 't0': 55368.6127022853}","{'amplitude': 0.5694352878471438, 'color': 0.08854755327436323, 's1': 0.8944960568148549, 's2': 1.6046457800103204, 's3': 1.7849571658144303, 't0': 1.0805398065711753}","[[ 1.16756627e+00 -5.03308502e-02  9.01417647e-03 -4.09184711e-01
   2.20262548e-01  3.40012521e-01]
 [-5.03308502e-02  3.24256547e-01 -2.57782573e-02  4.63636443e-02
  -2.72225020e-01  6.85495743e-02]
 [ 9.01417647e-03 -2.57782573e-02  7.84066919e-03  4.31650626e-04
  -6.73938126e-02  1.03480468e-01]
 [-4.09184711e-01  4.63636443e-02  4.31650626e-04  8.00123196e-01
  -6.66296873e-01  1.59122430e-01]
 [ 2.20262548e-01 -2.72225020e-01 -6.73938126e-02 -6.66296873e-01
   2.57488808e+00 -1.49216231e+00]
 [ 3.40012521e-01  6.85495743e-02  1.03480468e-01  1.59122430e-01
  -1.49216231e+00  3.18607208e+00]]"
psc050669,"{'amplitude': 104.79363886385323, 'color': -0.1215954735199054, 's1': -0.29000201168147566, 's2': -0.6046333438395637, 's3': 1.6608821009749082, 't0': 55378.78584527508}","{'amplitude': 0.2573695747508886, 'color': 0.029037220238809204, 's1': 0.3055733736561368, 's2': 0.24959731758042383, 's3': 0.3882182564986808, 't0': 0.35588840691999235}","[[ 1.26656558e-01  3.33221492e-03  1.11603239e-04 -3.39010617e-02
  -9.75858672e-03 -4.91945227e-04]
 [ 3.33221492e-03  6.62390980e-02 -6.74904144e-03  1.14500990e-03
  -8.45262259e-03 -3.65299528e-02]
 [ 1.11603239e-04 -6.74904144e-03  8.43160159e-04 -2.21507169e-03
   3.66139876e-04  6.66024459e-04]
 [-3.39010617e-02  1.14500990e-03 -2.21507169e-03  9.33750867e-02
  -1.44684003e-02  1.03714168e-02]
 [-9.75858672e-03 -8.45262259e-03  3.66139876e-04 -1.44684003e-02
   6.22988209e-02  2.61473789e-02]
 [-4.91945227e-04 -3.65299528e-02  6.66024459e-04  1.03714168e-02
   2.61473789e-02  1.50713415e-01]]","{'amplitude': 104.80971481929137, 'color': -0.12312002253172513, 's1': -0.4569981244009374, 's2': -0.1313922273582012, 's3': 1.2810103676983227, 't0': 55378.67196316533}","{'amplitude': 0.49088400417887124, 'color': 0.048258042218480804, 's1': 0.5254523074737993, 's2': 0.8091056533468152, 's3': 1.0042154645624348, 't0': 0.6686621978445294}","[[ 0.44710913  0.00526563  0.00318002 -0.2125803  -0.02848199 -0.13456041]
 [ 0.00526563  0.24096711 -0.02196515 -0.05293637  0.04233526 -0.3212235 ]
 [ 0.00318002 -0.02196515  0.00232884  0.00183267 -0.01158359  0.025273  ]
 [-0.2125803  -0.05293637  0.00183267  0.27610013 -0.15092276  0.26725366]
 [-0.02848199  0.04233526 -0.01158359 -0.15092276  0.65465196 -0.2510844 ]
 [-0.13456041 -0.3212235   0.025273    0.26725366 -0.2510844   1.0084487 ]]"
psc061191,"{'amplitude': 103.11636385492434, 'color': -0.09315319027176311, 's1': -0.803611602502596, 's2': 0.8769453194886714, 's3': 0.6112340312913032, 't0': 55415.7912421911}","{'amplitude': 0.14737822124963842, 'color': 0.016577059192166014, 's1': 0.2533953956744368, 's2': 0.5313460507952127, 's3': 0.48807303793509493, 't0': 0.6068246454340209}","[[ 3.68236150e-01 -4.25924178e-03  3.68221337e-03  4.51863968e-02
  -2.76151673e-02 -1.51798510e-01]
 [-4.25924178e-03  2.17203401e-02 -1.80772376e-03 -3.36654056e-03
  -3.59686251e-02 -1.97076144e-02]
 [ 3.68221337e-03 -1.80772376e-03  2.74798891e-04  1.15187917e-03
  -1.28753049e-03 -4.44914702e-06]
 [ 4.51863968e-02 -3.36654056e-03  1.15187917e-03  6.42092265e-02
  -5.20694207e-02  3.83507551e-03]
 [-2.76151673e-02 -3.59686251e-02 -1.28753049e-03 -5.20694207e-02
   2.82328626e-01  5.44496890e-02]
 [-1.51798510e-01 -1.97076144e-02 -4.44914702e-06  3.83507551e-03
   5.44496890e-02  2.38215290e-01]]","{'amplitude': 103.22548181706863, 'color': -0.10608586495624513, 's1': -0.8460149279186877, 's2': 0.7671854562235799, 's3': 0.5641450777410506, 't0': 55415.52990062873}","{'amplitude': 0.1902771928274742, 'color': 0.023194752964542053, 's1': 0.3255806392611372, 's2': 0.4249399686597088, 's3': 0.6270169286654917, 't0': 0.6946784465228744}","[[ 0.48257814 -0.01307785  0.00574018  0.07452209  0.00548405 -0.18179491]
 [-0.01307785  0.03620541 -0.00394988 -0.02367243 -0.0051955  -0.06183959]
 [ 0.00574018 -0.00394988  0.000538    0.00381688 -0.00216729  0.00524178]
 [ 0.07452209 -0.02367243  0.00381688  0.10600275 -0.06027844  0.04949449]
 [ 0.00548405 -0.0051955  -0.00216729 -0.06027844  0.18057398 -0.04413278]
 [-0.18179491 -0.06183959  0.00524178  0.04949449 -0.04413278  0.39315023]]"
psc061197,"{'amplitude': 102.78688006850942, 'color': 0.012245098551614778, 's1': 0.6101194201030897, 's2': 0.9168423548318874, 's3': -1.1360271914439717, 't0': 55415.28181663295}","{'amplitude': 0.5648527532216993, 'color': 0.04997380842648332, 's1': 0.7245750341711383, 's2': 1.9999596398845663, 's3': 2.1294792420660347, 't0': 1.5876087821058602}","[[ 2.52050165e+00 -1.79310379e-01  3.32937889e-02  1.22233955e-01
  -3.88578982e-01 -8.12974115e-01]
 [-1.79310379e-01  3.19058633e-01 -1.66404133e-02  8.77977467e-02
  -7.40151377e-01 -6.28326269e-01]
 [ 3.32937889e-02 -1.66404133e-02  2.49738153e-03 -9.02465489e-04
  -4.18851077e-03  8.38410662e-03]
 [ 1.22233955e-01  8.77977467e-02 -9.02465489e-04  5.25008980e-01
  -9.62068354e-01 -9.73881373e-01]
 [-3.88578982e-01 -7.40151377e-01 -4.18851077e-03 -9.62068354e-01
   3.99983856e+00  3.67444382e+00]
 [-8.12974115e-01 -6.28326269e-01  8.38410662e-03 -9.73881373e-01
   3.67444382e+00  4.53468184e+00]]","{'amplitude': 102.68844166543558, 'color': 0.024277566830449217, 's1': 0.4592704133680118, 's2': 1.6173007832175192, 's3': -0.09895964644886553, 't0': 55415.21073594525}","{'amplitude': 0.5521129946869546, 'color': 0.049456855338198845, 's1': 0.5622739677925607, 's2': 1.9168164052284644, 's3': 1.8459389459301654, 't0': 1.6138072416621194}","[[ 2.60437381e+00 -2.83842414e-01  2.81666557e-02 -9.30859742e-03
   3.80915108e-01 -4.06204591e-01]
 [-2.83842414e-01  3.04828759e-01 -1.09205561e-02  1.27680918e-02
  -7.96763179e-01 -5.35136728e-01]
 [ 2.81666557e-02 -1.09205561e-02  2.44598054e-03 -1.09968395e-02
  -1.47646930e-02  3.64283308e-03]
 [-9.30859742e-03  1.27680918e-02 -1.09968395e-02  3.16152015e-01
  -7.12002197e-02 -2.54141402e-01]
 [ 3.80915108e-01 -7.96763179e-01 -1.47646930e-02 -7.12002197e-02
   3.67418513e+00  2.75327674e+00]
 [-4.06204591e-01 -5.35136728e-01  3.64283308e-03 -2.54141402e-01
   2.75327674e+00  3.40749059e+00]]"
psc070003,"{'amplitude': 99.12918883404669, 'color': 0.08438585081667362, 's1': -0.16789529190253918, 's2': 0.5947574730972018, 's3': 1.3133290168912988, 't0': 55418.845063065455}","{'amplitude': 0.08692455878496942, 'color': 0.009968977547049366, 's1': 0.10639841201602113, 's2': 0.23855543559729783, 's3': 0.26130457598485335, 't0': 0.21442642969541703}","[[ 4.59786938e-02 -6.91598298e-03  8.06983470e-04 -1.14271936e-03
   1.78217504e-02 -4.07809292e-02]
 [-6.91598298e-03  7.55587892e-03 -8.13526077e-04  6.32423326e-04
  -1.43970414e-02  1.17153182e-02]
 [ 8.06983470e-04 -8.13526077e-04  9.93805133e-05 -1.16345725e-04
   1.17383980e-03 -1.31512609e-03]
 [-1.14271936e-03  6.32423326e-04 -1.16345725e-04  1.13206221e-02
  -7.65903057e-03  5.23110203e-03]
 [ 1.78217504e-02 -1.43970414e-02  1.17383980e-03 -7.65903057e-03
   5.69086959e-02 -3.16375008e-02]
 [-4.07809292e-02  1.17153182e-02 -1.31512609e-03  5.23110203e-03
  -3.16375008e-02  6.82800814e-02]]","{'amplitude': 99.12905044523528, 'color': 0.08436805762234505, 's1': -0.019618858337530853, 's2': 0.4601502928813532, 's3': 1.3245324126535036, 't0': 55419.006202297685}","{'amplitude': 0.09290528936182178, 'color': 0.010685219822125471, 's1': 0.13011469049466273, 's2': 0.24560159094838815, 's3': 0.2406682268328878, 't0': 0.18743135791859727}","[[ 3.51305139e-02 -3.21493191e-03  4.83936103e-04 -5.23645705e-05
   5.14983497e-03 -2.59187240e-02]
 [-3.21493191e-03  8.63139279e-03 -9.28230156e-04 -2.34043260e-03
  -1.02272642e-02  8.30347267e-03]
 [ 4.83936103e-04 -9.28230156e-04  1.14173923e-04  1.61639764e-04
   6.00772682e-04 -8.87415879e-04]
 [-5.23645705e-05 -2.34043260e-03  1.61639764e-04  1.69298327e-02
  -9.19317639e-03  6.96056318e-03]
 [ 5.14983497e-03 -1.02272642e-02  6.00772682e-04 -9.19317639e-03
   6.03201415e-02 -3.27199294e-02]
 [-2.59187240e-02  8.30347267e-03 -8.87415879e-04  6.96056318e-03
  -3.27199294e-02  5.79211954e-02]]"
psc070111,"{'amplitude': 103.81549139036387, 'color': 0.07409585238601749, 's1': -0.9300000775676767, 's2': -0.42257025618595206, 's3': -1.6573798450099515, 't0': 55413.48652423033}","{'amplitude': 0.3614614843006677, 'color': 0.05732262851532216, 's1': 0.8436696751110745, 's2': 0.355003087243071, 's3': 1.6026318933512582, 't0': 1.8725147822550308}","[[ 3.50631161e+00 -2.07881106e-01  5.92275549e-02  6.02398311e-01
  -2.12769581e-01 -3.96900482e-01]
 [-2.07881106e-01  1.30654405e-01 -1.57711167e-02 -9.42917376e-02
   2.18708394e-02  2.08941747e-02]
 [ 5.92275549e-02 -1.57711167e-02  3.28588374e-03  7.50696617e-03
  -9.23416750e-03  3.72199010e-02]
 [ 6.02398311e-01 -9.42917376e-02  7.50696617e-03  7.11778521e-01
  -1.79102445e-01 -3.89555325e-01]
 [-2.12769581e-01  2.18708394e-02 -9.23416750e-03 -1.79102445e-01
   1.26027192e-01 -2.24856972e-01]
 [-3.96900482e-01  2.08941747e-02  3.72199010e-02 -3.89555325e-01
  -2.24856972e-01  2.56842899e+00]]","{'amplitude': 103.69949030109764, 'color': 0.061278160653881364, 's1': -0.650933516240413, 's2': 0.5081684334986583, 's3': -0.6511921285082144, 't0': 55413.42614619318}","{'amplitude': 0.6293403545368771, 'color': 0.09099573743229479, 's1': 0.9338681218095664, 's2': 1.5779335981432498, 's3': 2.279631773658929, 't0': 3.5252527928213246}","[[ 1.24274073e+01 -9.80364529e-01  1.55673917e-01  1.01153990e+00
   7.29222321e-01 -2.97353595e+00]
 [-9.80364529e-01  3.96069282e-01 -4.62314386e-02 -3.53913441e-01
  -2.25516084e-01 -2.98669117e-01]
 [ 1.55673917e-01 -4.62314386e-02  8.28022423e-03  2.65721650e-02
  -4.07388523e-02  4.66722401e-02]
 [ 1.01153990e+00 -3.53913441e-01  2.65721650e-02  8.72109669e-01
   5.58782542e-01  3.99229433e-01]
 [ 7.29222321e-01 -2.25516084e-01 -4.07388523e-02  5.58782542e-01
   2.48987444e+00 -3.41747140e-01]
 [-2.97353595e+00 -2.98669117e-01  4.66722401e-02  3.99229433e-01
  -3.41747140e-01  5.19672102e+00]]"
psc070242,"{'amplitude': 95.74500442887478, 'color': -0.01658166539896467, 's1': 0.46579048174076604, 's2': 0.4572472886527923, 's3': -0.38302067827454367, 't0': 55427.77030389946}","{'amplitude': 0.1542256020488921, 'color': 0.029034303592936468, 's1': 0.06317353735461309, 's2': 0.07216021849374722, 's3': 0.10618770195153225, 't0': 0.08555349872094696}","[[ 0.0073194  -0.0086934   0.00158625 -0.003221   -0.00383828 -0.00666216]
 [-0.0086934   0.02378554 -0.00446555  0.00860179  0.01010193  0.01406238]
 [ 0.00158625 -0.00446555  0.00084299 -0.00162232 -0.00194013 -0.00263209]
 [-0.003221    0.00860179 -0.00162232  0.0039909   0.00359062  0.00428308]
 [-0.00383828  0.01010193 -0.00194013  0.00359062  0.0052071   0.0063287 ]
 [-0.00666216  0.01406238 -0.00263209  0.00428308  0.0063287   0.01127583]]","{'amplitude': 95.44175286159823, 'color': 0.028290425472953188, 's1': -0.6951728243637127, 's2': 1.3915032437237809, 's3': 0.6523067607321236, 't0': 55428.04831530331}","{'amplitude': 0.10731527868873149, 'color': 0.01261256299070611, 's1': 0.03742578993346807, 's2': 0.07833200969603911, 's3': 0.08335687453411354, 't0': 0.036850852683287715}","[[ 1.35798534e-03  7.91776624e-04 -1.00886098e-04 -1.60812734e-04
  -4.72169766e-04  1.03389721e-03]
 [ 7.91776624e-04  1.15165690e-02 -1.33220528e-03 -6.54398675e-04
  -7.64275921e-03  6.09977920e-03]
 [-1.00886098e-04 -1.33220528e-03  1.59076745e-04  5.31961044e-05
   8.24307164e-04 -7.30985116e-04]
 [-1.60812734e-04 -6.54398675e-04  5.31961044e-05  1.40068975e-03
   6.63911831e-04 -1.68150753e-03]
 [-4.72169766e-04 -7.64275921e-03  8.24307164e-04  6.63911831e-04
   6.13590374e-03 -3.99503075e-03]
 [ 1.03389721e-03  6.09977920e-03 -7.30985116e-04 -1.68150753e-03
  -3.99503075e-03  6.94836853e-03]]"
psc070567,"{'amplitude': 99.90416413225819, 'color': -0.05186628118482831, 's1': -0.16443664092874144, 's2': 0.20322027472476764, 's3': 0.29292541350939444, 't0': 55438.793633825895}","{'amplitude': 0.11920428680301418, 'color': 0.013428639383209132, 's1': 0.18809150241780567, 's2': 0.43522991978044984, 's3': 0.6826090852794731, 't0': 0.12926540366463074}","[[ 1.67095446e-02  1.40224134e-03 -2.49451507e-04  1.22570810e-03
   5.24831548e-03  3.28026666e-02]
 [ 1.40224134e-03  1.42096620e-02 -1.41671013e-03  7.59313838e-04
  -1.66054769e-02  3.40214439e-02]
 [-2.49451507e-04 -1.41671013e-03  1.80328356e-04 -3.34183248e-04
   1.98523018e-04 -4.27726103e-03]
 [ 1.22570810e-03  7.59313838e-04 -3.34183248e-04  3.53784133e-02
  -2.17523372e-02  4.74724729e-02]
 [ 5.24831548e-03 -1.66054769e-02  1.98523018e-04 -2.17523372e-02
   1.89425083e-01 -8.69079810e-03]
 [ 3.28026666e-02  3.40214439e-02 -4.27726103e-03  4.74724729e-02
  -8.69079810e-03  4.65955163e-01]]","{'amplitude': 99.90385594756953, 'color': -0.053732977350344366, 's1': -0.19716389255710884, 's2': 0.3605739027262507, 's3': 0.24625207903170648, 't0': 55438.83685950843}","{'amplitude': 0.1425945256536354, 'color': 0.01327496317141267, 's1': 0.20876125244948565, 's2': 0.47131411746254764, 's3': 0.7483904820615, 't0': 0.12777980444216536}","[[ 1.63276784e-02 -4.00082730e-03  1.43380128e-04 -3.76109285e-05
   1.12348380e-02  2.49695318e-03]
 [-4.00082730e-03  2.03331987e-02 -1.52066288e-03 -1.74948712e-03
  -2.05749688e-02  3.20978037e-02]
 [ 1.43380128e-04 -1.52066288e-03  1.76224647e-04  4.80114333e-05
   3.96439005e-05 -1.06691303e-03]
 [-3.76109285e-05 -1.74948712e-03  4.80114333e-05  4.35812605e-02
  -3.50685891e-02  4.64611485e-02]
 [ 1.12348380e-02 -2.05749688e-02  3.96439005e-05 -3.50685891e-02
   2.22136997e-01  4.36647196e-03]
 [ 2.49695318e-03  3.20978037e-02 -1.06691303e-03  4.64611485e-02
   4.36647196e-03  5.60088314e-01]]"
psc070955,"{'amplitude': 103.9176928845111, 'color': -0.12215816526048182, 's1': -0.17365398059816683, 's2': 0.6498914551733873, 's3': 2.2969015156923995, 't0': 55437.986308273124}","{'amplitude': 0.27297592630571005, 'color': 0.02766292330891359, 's1': 0.6077138532238461, 's2': 0.482722734372305, 's3': 0.4381409100154275, 't0': 0.7535929535696786}","[[ 5.67902340e-01  1.14856078e-01 -5.11549283e-03 -3.99945130e-01
  -1.87970744e-01 -2.47032154e-01]
 [ 1.14856078e-01  7.45158563e-02 -6.84608734e-03 -1.01311213e-01
  -8.20118522e-02 -4.69133353e-02]
 [-5.11549283e-03 -6.84608734e-03  7.65237326e-04  5.51990332e-03
   5.01776543e-03  4.09565614e-04]
 [-3.99945130e-01 -1.01311213e-01  5.51990332e-03  3.69316127e-01
   1.58130361e-01  1.90270030e-01]
 [-1.87970744e-01 -8.20118522e-02  5.01776543e-03  1.58130361e-01
   2.33021238e-01  8.64527845e-02]
 [-2.47032154e-01 -4.69133353e-02  4.09565614e-04  1.90270030e-01
   8.64527845e-02  1.91967457e-01]]","{'amplitude': 103.87630521802923, 'color': -0.11515507058673168, 's1': -0.3992092862079076, 's2': 0.8051330012381761, 's3': 2.1058226096322366, 't0': 55438.2685255275}","{'amplitude': 0.2505757274840425, 'color': 0.0289788096497572, 's1': 0.5034655141812102, 's2': 0.5599430762327904, 's3': 0.47736106769870074, 't0': 0.5680636925201579}","[[ 0.32269636  0.03680118  0.0011543  -0.17433159 -0.11218763 -0.1379867 ]
 [ 0.03680118  0.0627882  -0.00645104 -0.03622731 -0.05344797 -0.00708509]
 [ 0.0011543  -0.00645104  0.00083977  0.00088595  0.00093102 -0.00393854]
 [-0.17433159 -0.03622731  0.00088595  0.25347752  0.01037063  0.15199937]
 [-0.11218763 -0.05344797  0.00093102  0.01037063  0.31353625  0.05449304]
 [-0.1379867  -0.00708509 -0.00393854  0.15199937  0.05449304  0.22787359]]"
psc071032,"{'amplitude': 104.07982336351971, 'color': -0.15545782434324093, 's1': 0.13750759398598522, 's2': -0.466444831991043, 's3': -0.7615653188940859, 't0': 55449.81495462875}","{'amplitude': 0.258970195068874, 'color': 0.026658715437136594, 's1': 0.4025027540669958, 's2': 0.5548497725598346, 's3': 0.794046260982959, 't0': 0.3660290316670714}","[[ 0.13397725 -0.00183178  0.0011132  -0.06140508  0.02455765  0.04423443]
 [-0.00183178  0.06706556 -0.00609358 -0.0043634  -0.05983322 -0.06587273]
 [ 0.0011132  -0.00609358  0.00071069 -0.00145419  0.0027024   0.01006254]
 [-0.06140508 -0.0043634  -0.00145419  0.16200847 -0.06114258  0.00668927]
 [ 0.02455765 -0.05983322  0.0027024  -0.06114258  0.30785827  0.08969063]
 [ 0.04423443 -0.06587273  0.01006254  0.00668927  0.08969063  0.63050946]]","{'amplitude': 104.02020529180788, 'color': -0.161520283931117, 's1': 0.504362249869396, 's2': -0.14290269575760792, 's3': -0.47823923304001337, 't0': 55449.64697615438}","{'amplitude': 0.3431672311979388, 'color': 0.03663174677487981, 's1': 0.43182864904900287, 's2': 0.6679451722741342, 's3': 1.096017143759972, 't0': 0.45409462848757937}","[[ 2.06201932e-01  2.98590512e-02 -1.07402637e-03 -8.57654975e-02
  -2.54503355e-02 -3.99967583e-02]
 [ 2.98590512e-02  1.17763749e-01 -1.08725061e-02 -4.69176812e-02
  -1.76610199e-02 -1.66529177e-01]
 [-1.07402637e-03 -1.08725061e-02  1.34188487e-03  2.87873651e-03
  -6.22162073e-03  2.59912666e-02]
 [-8.57654975e-02 -4.69176812e-02  2.87873651e-03  1.86475982e-01
  -7.39209792e-02  9.74056982e-02]
 [-2.54503355e-02 -1.76610199e-02 -6.22162073e-03 -7.39209792e-02
   4.46150753e-01 -1.42597377e-01]
 [-3.99967583e-02 -1.66529177e-01  2.59912666e-02  9.74056982e-02
  -1.42597377e-01  1.20125358e+00]]"
psc080028,"{'amplitude': 102.35717446439713, 'color': 0.05743798046240503, 's1': 0.9264422633116084, 's2': 0.2685303424825733, 's3': 0.49888583151819693, 't0': 55448.21706205988}","{'amplitude': 0.3398559709877758, 'color': 0.023020831000604428, 's1': 0.39090149706420074, 's2': 0.739135786312963, 's3': 1.25172599203836, 't0': 1.2176206048899363}","[[ 1.48259994e+00  2.53746429e-01 -1.03691665e-02 -3.54902531e-01
  -6.23517635e-02 -1.10725429e+00]
 [ 2.53746429e-01  1.15502081e-01 -6.36895657e-03 -1.04828421e-01
  -8.85265295e-02 -2.80268456e-01]
 [-1.03691665e-02 -6.36895657e-03  5.29958660e-04  4.44219510e-03
  -5.53919156e-05  1.60655363e-02]
 [-3.54902531e-01 -1.04828421e-01  4.44219510e-03  1.52803980e-01
   6.83443413e-02  3.78341595e-01]
 [-6.23517635e-02 -8.85265295e-02 -5.53919156e-05  6.83443413e-02
   5.46321711e-01 -9.38525410e-02]
 [-1.10725429e+00 -2.80268456e-01  1.60655363e-02  3.78341595e-01
  -9.38525410e-02  1.56681796e+00]]","{'amplitude': 102.25174644369166, 'color': 0.06965694308525877, 's1': 0.9039751179351071, 's2': 0.2741575457899965, 's3': 0.25347548163136036, 't0': 55448.277282740164}","{'amplitude': 0.37587373960170756, 'color': 0.029820145146453526, 's1': 0.39225716439517405, 's2': 0.5617546057888577, 's3': 1.4526370140132316, 't0': 1.1066949685334901}","[[ 1.22477375e+00  2.59617814e-01 -1.55589482e-02 -2.82700878e-01
  -8.72479725e-03 -1.24008681e+00]
 [ 2.59617814e-01  1.41281068e-01 -9.88468533e-03 -7.88631250e-02
  -3.73778450e-02 -3.41884071e-01]
 [-1.55589482e-02 -9.88468533e-03  8.89241057e-04  4.90853393e-03
  -1.23119976e-03  2.71597092e-02]
 [-2.82700878e-01 -7.88631250e-02  4.90853393e-03  1.53865683e-01
  -4.03748579e-02  3.98464406e-01]
 [-8.72479725e-03 -3.73778450e-02 -1.23119976e-03 -4.03748579e-02
   3.15568237e-01 -1.57223960e-01]
 [-1.24008681e+00 -3.41884071e-01  2.71597092e-02  3.98464406e-01
  -1.57223960e-01  2.11015429e+00]]"
psc080048,"{'amplitude': 100.28349562238024, 'color': 0.2145659673290548, 's1': 2.9989551237020784, 's2': 0.5901239754629325, 's3': -0.8126723564310626, 't0': 55708.45930871768}","{'amplitude': 1.889141456038354, 'color': 0.24502972333734124, 's1': 1.8266088037055621, 's2': 2.1604447940073555, 's3': 2.283913970140141, 't0': 236.96717365820967}","[[ 5.61534414e+04 -5.82786547e+01 -1.14607823e+01 -1.05237631e+02
   3.67065815e+02  2.78320246e+01]
 [-5.82786547e+01  3.56885544e+00 -1.72791707e-01 -5.84958301e-01
  -8.16962017e-01 -9.74270548e-01]
 [-1.14607823e+01 -1.72791707e-01  6.00395653e-02  4.09352776e-03
  -2.56819633e-01  1.00355685e-01]
 [-1.05237631e+02 -5.84958301e-01  4.09352776e-03  3.33649972e+00
  -4.09255540e-01 -2.44567160e+00]
 [ 3.67065815e+02 -8.16962017e-01 -2.56819633e-01 -4.09255540e-01
   4.66752171e+00  3.29631983e-01]
 [ 2.78320246e+01 -9.74270548e-01  1.00355685e-01 -2.44567160e+00
   3.29631983e-01  5.21626302e+00]]","{'amplitude': 98.6271203860196, 'color': 0.3502221064456997, 's1': 2.6950961056493705, 's2': 0.6274377518256355, 's3': 0.04172016158116535, 't0': 55591.66235099496}","{'amplitude': 2.3834433919240237, 'color': 0.35635664345172224, 's1': 1.8714744168281914, 's2': 1.7207126587944876, 's3': 2.425402749706, 't0': 204.92827234581677}","[[ 4.19955968e+04  1.32671568e+02 -1.12730997e+01 -1.71869919e+02
   6.06779028e+01  5.05777064e+01]
 [ 1.32671568e+02  5.68080240e+00 -7.87596716e-01  1.01041240e+00
  -3.44282223e-01  5.76443328e-01]
 [-1.12730997e+01 -7.87596716e-01  1.26990057e-01 -1.85206823e-01
   2.98159655e-02 -7.64697911e-02]
 [-1.71869919e+02  1.01041240e+00 -1.85206823e-01  3.50241649e+00
  -1.16414886e+00  2.48161406e+00]
 [ 6.06779028e+01 -3.44282223e-01  2.98159655e-02 -1.16414886e+00
   2.96085205e+00 -2.78622618e+00]
 [ 5.05777064e+01  5.76443328e-01 -7.64697911e-02  2.48161406e+00
  -2.78622618e+00  5.88257850e+00]]"
psc080064,"{'amplitude': 95.53533033598431, 'color': 0.0977767026381081, 's1': -0.2793804119183768, 's2': 0.9652617385037158, 's3': 0.41595210096393564, 't0': 55445.94906721232}","{'amplitude': 0.10924312557102027, 'color': 0.013018833075770248, 's1': 0.31098704602707367, 's2': 0.5451588353563358, 's3': 0.3481517205092059, 't0': 0.516224148459903}","[[ 2.66487371e-01  5.92617204e-03  4.94820200e-03  1.09418090e-01
  -1.65864985e-01 -1.19863607e-01]
 [ 5.92617204e-03  1.19340605e-02 -7.60352600e-04  2.03610470e-02
  -4.65917297e-02  1.12110321e-02]
 [ 4.94820200e-03 -7.60352600e-04  1.69490015e-04  9.74802089e-04
  -5.05913437e-04 -3.23623327e-03]
 [ 1.09418090e-01  2.03610470e-02  9.74802089e-04  9.67129428e-02
  -1.57598705e-01 -1.97493191e-02]
 [-1.65864985e-01 -4.65917297e-02 -5.05913437e-04 -1.57598705e-01
   2.97198156e-01  1.44750087e-02]
 [-1.19863607e-01  1.12110321e-02 -3.23623327e-03 -1.97493191e-02
   1.44750087e-02  1.21209620e-01]]","{'amplitude': 95.14655097935167, 'color': 0.1537892599038401, 's1': -0.24931583506805732, 's2': 1.1410132722494128, 's3': 0.2168964947260562, 't0': 55446.8115917827}","{'amplitude': 0.0631422502547546, 'color': 0.014748400463541582, 's1': 0.4082067249193589, 's2': 0.4429975132115472, 's3': 0.5073923158361763, 't0': 0.7888414528676335}","[[ 6.22270838e-01 -5.87342710e-03  1.03220373e-02  3.15812541e-01
  -3.35135736e-01 -3.86255351e-01]
 [-5.87342710e-03  3.98694377e-03 -4.82311092e-04 -2.58349254e-03
  -1.25521925e-03  5.60963319e-03]
 [ 1.03220373e-02 -4.82311092e-04  2.17515316e-04  5.21760870e-03
  -5.34413859e-03 -6.56864381e-03]
 [ 3.15812541e-01 -2.58349254e-03  5.21760870e-03  1.66632730e-01
  -1.75565139e-01 -2.02298343e-01]
 [-3.35135736e-01 -1.25521925e-03 -5.34413859e-03 -1.75565139e-01
   1.96246797e-01  2.11660113e-01]
 [-3.86255351e-01  5.60963319e-03 -6.56864381e-03 -2.02298343e-01
   2.11660113e-01  2.57446962e-01]]"
psc080646,"{'amplitude': 104.04105322016544, 'color': -0.052253971810441655, 's1': 0.5266771741173714, 's2': 0.35870183536024985, 's3': -0.2960328530739223, 't0': 55463.19723136116}","{'amplitude': 0.2742003276526114, 'color': 0.03727953073501498, 's1': 0.2787503933563201, 's2': 0.6453678110695612, 's3': 0.9115694530163453, 't0': 0.23500004047676953}","[[ 5.52250190e-02  3.34462284e-03  5.28817232e-05 -1.04658954e-02
  -1.21226143e-02  2.79440714e-02]
 [ 3.34462284e-03  7.51858197e-02 -8.66612259e-03 -1.87838282e-02
   1.44848697e-02 -8.77102987e-02]
 [ 5.28817232e-05 -8.66612259e-03  1.38976341e-03  7.26110392e-04
  -9.98142288e-03  1.52950986e-02]
 [-1.04658954e-02 -1.87838282e-02  7.26110392e-04  7.77017818e-02
  -4.02972217e-02  1.60438122e-01]
 [-1.21226143e-02  1.44848697e-02 -9.98142288e-03 -4.02972217e-02
   4.16499612e-01 -2.34837518e-01]
 [ 2.79440714e-02 -8.77102987e-02  1.52950986e-02  1.60438122e-01
  -2.34837518e-01  8.30958868e-01]]","{'amplitude': 103.8770179443578, 'color': -0.04188628101412783, 's1': 0.7380985524460364, 's2': 0.4948736376499811, 's3': 0.1944342729021107, 't0': 55463.17860316364}","{'amplitude': 0.31167761420226137, 'color': 0.038378051122690125, 's1': 0.1818991084470939, 's2': 0.5421404894497762, 's3': 0.7032031201032829, 't0': 0.23581551192892897}","[[ 5.56089557e-02  3.58793399e-03 -8.30028073e-05 -2.06711358e-04
  -1.77750536e-02  4.47262987e-02]
 [ 3.58793399e-03  9.71429352e-02 -1.11241637e-02 -2.11642436e-02
   2.60029175e-02 -1.04020308e-01]
 [-8.30028073e-05 -1.11241637e-02  1.47287481e-03  1.61820732e-03
  -7.33936453e-03  1.35220862e-02]
 [-2.06711358e-04 -2.11642436e-02  1.61820732e-03  3.30872857e-02
  -2.26233179e-02  7.85989852e-02]
 [-1.77750536e-02  2.60029175e-02 -7.33936453e-03 -2.26233179e-02
   2.93916310e-01 -1.21764240e-01]
 [ 4.47262987e-02 -1.04020308e-01  1.35220862e-02  7.85989852e-02
  -1.21764240e-01  4.94494628e-01]]"
psc080723,"{'amplitude': 106.41828649987522, 'color': -0.21363039565719974, 's1': -0.42183356865475896, 's2': -0.4654203940753426, 's3': 0.8393890898721506, 't0': 55474.356630457725}","{'amplitude': 0.3107816836077177, 'color': 0.035533126307083655, 's1': 0.5397016006114661, 's2': 0.8493172450021331, 's3': 0.6664259809738146, 't0': 0.3916697871827837}","[[ 1.53405222e-01  2.80169428e-02 -8.18660920e-05  9.19767488e-03
  -1.23479308e-01 -3.29517599e-02]
 [ 2.80169428e-02  9.65852549e-02 -9.32524483e-03 -1.36194401e-02
  -5.72927502e-02 -6.23802252e-02]
 [-8.18660920e-05 -9.32524483e-03  1.26260307e-03  4.03222683e-04
  -2.69742542e-03 -2.43655192e-03]
 [ 9.19767488e-03 -1.36194401e-02  4.03222683e-04  2.91277818e-01
  -3.03084664e-01  1.06734190e-01]
 [-1.23479308e-01 -5.72927502e-02 -2.69742542e-03 -3.03084664e-01
   7.21339783e-01  1.07049421e-01]
 [-3.29517599e-02 -6.23802252e-02 -2.43655192e-03  1.06734190e-01
   1.07049421e-01  4.44123588e-01]]","{'amplitude': 107.08780908120798, 'color': -0.31226534476533074, 's1': -0.8090928150209074, 's2': 1.166422175124761, 's3': 0.62737753403945, 't0': 55474.997184062384}","{'amplitude': 0.4780392124064216, 'color': 0.05434777518250714, 's1': 0.6715074207635574, 's2': 1.8350008031472558, 's3': 0.8923101055690921, 't0': 1.1979781833742098}","[[ 1.43515173e+00 -2.13752431e-01 -1.18513063e-02 -1.68712218e-01
   1.37465270e+00  1.10637665e-01]
 [-2.13752431e-01  2.28521489e-01 -1.65438651e-02  5.31284510e-02
  -3.07370811e-01 -1.93266198e-01]
 [-1.18513063e-02 -1.65438651e-02  2.95368067e-03  8.82025175e-03
  -4.51901221e-02  2.05548817e-03]
 [-1.68712218e-01  5.31284510e-02  8.82025175e-03  4.50922216e-01
  -7.75129888e-01 -8.06669241e-02]
 [ 1.37465270e+00 -3.07370811e-01 -4.51901221e-02 -7.75129888e-01
   3.36722795e+00  6.50163174e-01]
 [ 1.10637665e-01 -1.93266198e-01  2.05548817e-03 -8.06669241e-02
   6.50163174e-01  7.96217325e-01]]"
psc090097,"{'amplitude': 105.4031351679638, 'color': -0.10500269260041893, 's1': -1.1543052346952858, 's2': -0.013518467984859495, 's3': 1.6515715375033326, 't0': 55481.074523380696}","{'amplitude': 0.38546961756963405, 'color': 0.041493708459728856, 's1': 0.5674206586707992, 's2': 1.0899986612162098, 's3': 0.8740792381312211, 't0': 0.751440572530658}","[[ 5.64662934e-01  3.79887692e-02 -1.18232063e-03 -1.81100973e-01
   5.67772721e-02 -2.60796573e-01]
 [ 3.79887692e-02  1.48586826e-01 -9.81261595e-03 -6.98068792e-02
  -1.37148929e-01 -1.83237793e-01]
 [-1.18232063e-03 -9.81261595e-03  1.72172784e-03  8.32092589e-03
  -2.00005851e-02 -3.73420365e-04]
 [-1.81100973e-01 -6.98068792e-02  8.32092589e-03  3.21966204e-01
  -1.65020069e-01  2.11302485e-01]
 [ 5.67772721e-02 -1.37148929e-01 -2.00005851e-02 -1.65020069e-01
   1.18809708e+00  2.93913679e-01]
 [-2.60796573e-01 -1.83237793e-01 -3.73420365e-04  2.11302485e-01
   2.93913679e-01  7.64014515e-01]]","{'amplitude': 106.01134162028734, 'color': -0.18578457586444552, 's1': -1.572996708620655, 's2': 1.0511840528492291, 's3': 0.30812108301222996, 't0': 55481.42617783423}","{'amplitude': 0.4717048871702307, 'color': 0.0723836738680959, 's1': 0.8045843525517568, 's2': 1.7624223541636934, 's3': 1.6852987378744118, 't0': 1.5243303616135124}","[[ 2.32358305  0.24646475 -0.05165296 -0.70764774  1.58088447 -1.80997504]
 [ 0.24646475  0.2225055  -0.02717509 -0.20720739  0.22783137 -0.42739664]
 [-0.05165296 -0.02717509  0.0052394   0.0316254  -0.09583215  0.07491193]
 [-0.70764774 -0.20720739  0.0316254   0.64735598 -0.62461156  0.9073041 ]
 [ 1.58088447  0.22783137 -0.09583215 -0.62461156  3.10613255 -1.74744836]
 [-1.80997504 -0.42739664  0.07491193  0.9073041  -1.74744836  2.84023184]]"
psc090128,"{'amplitude': 105.65506792158203, 'color': -0.11499391959829461, 's1': 1.1991245564850712, 's2': 0.41176480979086444, 's3': -2.1758702805791046, 't0': 55484.14189460519}","{'amplitude': 0.6307162178680694, 'color': 0.05889756518356079, 's1': 0.963774343568597, 's2': 1.8432342629499263, 's3': 1.8585844991059417, 't0': 1.199831989590678}","[[ 1.4395968   0.15225734  0.00675023 -0.43559526 -0.79334754 -0.50968759]
 [ 0.15225734  0.39780295 -0.01899313 -0.16826345 -0.6673216  -0.19961094]
 [ 0.00675023 -0.01899313  0.00346892 -0.01182311 -0.00918281  0.0230502 ]
 [-0.43559526 -0.16826345 -0.01182311  0.92886099  0.23314019  0.57890899]
 [-0.79334754 -0.6673216  -0.00918281  0.23314019  3.39751255  1.51105702]
 [-0.50968759 -0.19961094  0.0230502   0.57890899  1.51105702  3.45433634]]","{'amplitude': 104.56868201096123, 'color': 0.021162390827100305, 's1': 1.0439776358736967, 's2': 1.0567619806187076, 's3': 0.7822081417718196, 't0': 55483.52857600323}","{'amplitude': 0.8278451521318712, 'color': 0.087822682214134, 's1': 1.025940156265978, 's2': 1.734288679798795, 's3': 1.8644703603879849, 't0': 2.734868712508592}","[[ 7.47950687e+00  1.13624535e+00 -6.66910561e-02 -1.92120694e+00
   1.81711477e+00 -3.30600407e+00]
 [ 1.13624535e+00  6.85327596e-01 -5.86966443e-02 -4.56753613e-01
   2.19554378e-01 -7.10926013e-01]
 [-6.66910561e-02 -5.86966443e-02  7.71282351e-03  6.81399870e-03
  -7.39795585e-02  5.00804084e-02]
 [-1.92120694e+00 -4.56753613e-01  6.81399870e-03  1.05255320e+00
   1.34056389e-01  1.02167914e+00]
 [ 1.81711477e+00  2.19554378e-01 -7.39795585e-02  1.34056389e-01
   3.00775722e+00 -6.10270617e-01]
 [-3.30600407e+00 -7.10926013e-01  5.00804084e-02  1.02167914e+00
  -6.10270617e-01  3.47624972e+00]]"
psc090275,"{'amplitude': 99.30277121641723, 'color': -0.03393507866709483, 's1': 0.8155774844222061, 's2': 0.5377244097622995, 's3': 0.9153677511711823, 't0': 55495.25805616308}","{'amplitude': 0.087857673309812, 'color': 0.021329423699646712, 's1': 0.13187715775204578, 's2': 0.1634257940185097, 's3': 0.33157843097140194, 't0': 0.11800053473604788}","[[ 0.01392413 -0.00444454  0.00159663 -0.01082369 -0.01034936 -0.02047353]
 [-0.00444454  0.00771897 -0.00163338  0.00689071  0.00277113  0.0139982 ]
 [ 0.00159663 -0.00163338  0.00045494 -0.00251565 -0.00189317 -0.0053219 ]
 [-0.01082369  0.00689071 -0.00251565  0.01739158  0.0142174   0.03310981]
 [-0.01034936  0.00277113 -0.00189317  0.0142174   0.02670799  0.03607953]
 [-0.02047353  0.0139982  -0.0053219   0.03310981  0.03607953  0.10994426]]","{'amplitude': 99.36134170868965, 'color': -0.015169432559638991, 's1': 0.5178646692794, 's2': 0.5357013521943823, 's3': -0.25563912481645934, 't0': 55495.452823116684}","{'amplitude': 0.08974972062883732, 'color': 0.013267643798490807, 's1': 0.04362327577937105, 's2': 0.1178109352159627, 's3': 0.1574170601839222, 't0': 0.10368355619013835}","[[ 1.07502798e-02 -2.21682813e-03  5.54085141e-04 -3.50496180e-03
  -1.46374473e-03 -3.71344905e-03]
 [-2.21682813e-03  8.05501235e-03 -1.11398779e-03  1.13946983e-03
   8.31241624e-05  2.89202521e-03]
 [ 5.54085141e-04 -1.11398779e-03  1.76030372e-04 -2.63777911e-04
  -3.73930505e-04 -4.36844098e-04]
 [-3.50496180e-03  1.13946983e-03 -2.63777911e-04  1.90299019e-03
  -1.53616768e-04  2.00823668e-03]
 [-1.46374473e-03  8.31241624e-05 -3.73930505e-04 -1.53616768e-04
   1.38794165e-02 -2.05035740e-03]
 [-3.71344905e-03  2.89202521e-03 -4.36844098e-04  2.00823668e-03
  -2.05035740e-03  2.47801308e-02]]"
psc091748,"{'amplitude': 99.0009655139045, 'color': -0.04215981263616331, 's1': -0.596783910791789, 's2': 1.1416915213843055, 's3': 0.9176820535942756, 't0': 55507.703748313776}","{'amplitude': 0.06702497362256676, 'color': 0.00806127318016805, 's1': 0.14272829702940015, 's2': 0.10905924680770403, 's3': 0.17953190372035063, 't0': 0.14862025709614846}","[[ 2.20879808e-02  1.06506158e-03  6.61009832e-05 -1.00579465e-02
  -2.45468673e-03 -1.66669483e-02]
 [ 1.06506158e-03  4.49234709e-03 -4.95120251e-04 -2.05378314e-03
  -4.32071839e-03  1.29084776e-03]
 [ 6.61009832e-05 -4.95120251e-04  6.49841253e-05  2.35206147e-05
   3.14136983e-04 -5.23518980e-04]
 [-1.00579465e-02 -2.05378314e-03  2.35206147e-05  2.03713668e-02
   4.39858476e-04  1.14361974e-02]
 [-2.45468673e-03 -4.32071839e-03  3.14136983e-04  4.39858476e-04
   1.18939193e-02  3.01752319e-03]
 [-1.66669483e-02  1.29084776e-03 -5.23518980e-04  1.14361974e-02
   3.01752319e-03  3.22317045e-02]]","{'amplitude': 98.9942986277401, 'color': -0.040754173458742465, 's1': -0.6183452508979828, 's2': 1.1524337636889497, 's3': 0.7568724044389235, 't0': 55507.76904411955}","{'amplitude': 0.08556250895271218, 'color': 0.009389968362768817, 's1': 0.1693994239395741, 's2': 0.12521124144525786, 's3': 0.30094285904117907, 't0': 0.18474364671684806}","[[ 3.41302150e-02  5.09889628e-03 -2.54815239e-04 -1.73379923e-02
  -4.78887070e-03 -4.26580640e-02]
 [ 5.09889628e-03  7.32094294e-03 -7.51952321e-04 -6.86257068e-03
  -4.90654043e-03 -9.72268609e-03]
 [-2.54815239e-04 -7.51952321e-04  8.81715059e-05  5.28303975e-04
   3.15582689e-04  4.27543171e-04]
 [-1.73379923e-02 -6.86257068e-03  5.28303975e-04  2.86961648e-02
  -1.58355550e-03  3.11703609e-02]
 [-4.78887070e-03 -4.90654043e-03  3.15582689e-04 -1.58355550e-03
   1.56778550e-02  7.96858825e-03]
 [-4.26580640e-02 -9.72268609e-03  4.27543171e-04  3.11703609e-02
   7.96858825e-03  9.05666044e-02]]"
psc091869,"{'amplitude': 102.53633603190801, 'color': -0.017065320248011356, 's1': -1.4527780553794254, 's2': 1.2322231232939045, 's3': 1.6159793725776306, 't0': 55495.879217438975}","{'amplitude': 0.18582319794947896, 'color': 0.02164277985843362, 's1': 0.5027679855754015, 's2': 0.35804922558299074, 's3': 0.5464796972505279, 't0': 0.5016883568910664}","[[ 2.51691207e-01  4.45646532e-02 -3.04385654e-03 -1.08224715e-01
  -4.27680706e-02 -1.66604738e-01]
 [ 4.45646532e-02  3.45302609e-02 -3.67656370e-03 -1.41518109e-02
  -1.90721976e-02 -4.98453016e-02]
 [-3.04385654e-03 -3.67656370e-03  4.68409920e-04  2.63535828e-03
   9.51730150e-05  3.67736991e-03]
 [-1.08224715e-01 -1.41518109e-02  2.63535828e-03  2.52775647e-01
  -7.11158150e-02  8.10311135e-02]
 [-4.27680706e-02 -1.90721976e-02  9.51730150e-05 -7.11158150e-02
   1.28199248e-01  3.93287555e-03]
 [-1.66604738e-01 -4.98453016e-02  3.67736991e-03  8.10311135e-02
   3.93287555e-03  2.98640060e-01]]","{'amplitude': 102.60914478206223, 'color': -0.027125554930837965, 's1': -1.1412292071103314, 's2': 1.2780415956419235, 's3': 1.7037397356873294, 't0': 55495.78532803987}","{'amplitude': 0.20026101720099618, 'color': 0.023675173018434508, 's1': 0.3435194680014125, 's2': 0.3428705817459497, 's3': 0.3183358839467145, 't0': 0.3344610465819604}","[[ 0.11186419  0.0176891  -0.00025213  0.04846654 -0.07858106 -0.00327796]
 [ 0.0176891   0.04010448 -0.00440464  0.00131983 -0.03417825 -0.0181435 ]
 [-0.00025213 -0.00440464  0.00056051  0.00128563  0.0017801   0.00095633]
 [ 0.04846654  0.00131983  0.00128563  0.11800562 -0.02740856 -0.03261958]
 [-0.07858106 -0.03417825  0.0017801  -0.02740856  0.11756024  0.03092517]
 [-0.00327796 -0.0181435   0.00095633 -0.03261958  0.03092517  0.10133774]]"
psc100014,"{'amplitude': 103.92726592105053, 'color': -0.16774241063908502, 's1': -0.8639899082266864, 's2': 1.134584030412649, 's3': -0.17751899747947822, 't0': 55514.570474524626}","{'amplitude': 0.27842340608247446, 'color': 0.03561959390163169, 's1': 0.6525297922704637, 's2': 0.6289761008614538, 's3': 0.6618855916087376, 't0': 0.45571315897814074}","[[ 0.20767448 -0.0554148   0.007084   -0.22836523  0.12765656 -0.15166499]
 [-0.0554148   0.07751959 -0.00915784  0.08651953 -0.0892668   0.06079068]
 [ 0.007084   -0.00915784  0.00126876 -0.01236456  0.00740253 -0.00821583]
 [-0.22836523  0.08651953 -0.01236456  0.42579513 -0.27811206  0.21225085]
 [ 0.12765656 -0.0892668   0.00740253 -0.27811206  0.39561094 -0.13479941]
 [-0.15166499  0.06079068 -0.00821583  0.21225085 -0.13479941  0.43809254]]","{'amplitude': 104.0274661572629, 'color': -0.17516538076920618, 's1': -1.5269691965751058, 's2': 1.5152584114925833, 's3': -0.5092477743468247, 't0': 55514.93373281636}","{'amplitude': 0.2972054737549295, 'color': 0.04064673263759693, 's1': 0.38528579002955216, 's2': 0.43081027439920216, 's3': 0.6403201429519918, 't0': 0.465119324077314}","[[ 0.21633599 -0.0475553   0.0063437  -0.13200473  0.03320089 -0.17249684]
 [-0.0475553   0.08833109 -0.01138683  0.04245776 -0.00860897  0.10727234]
 [ 0.0063437  -0.01138683  0.00165216 -0.00503353 -0.00326745 -0.01642384]
 [-0.13200473  0.04245776 -0.00503353  0.14844514 -0.0675607   0.10853064]
 [ 0.03320089 -0.00860897 -0.00326745 -0.0675607   0.18559749  0.05435811]
 [-0.17249684  0.10727234 -0.01642384  0.10853064  0.05435811  0.41000989]]"
psc100090,"{'amplitude': 101.08237129644917, 'color': 0.03735317915831574, 's1': 0.6242270560423624, 's2': 0.15370714358925955, 's3': -0.40078712415981943, 't0': 55507.098880981626}","{'amplitude': 0.12971102144040889, 'color': 0.016595502167400727, 's1': 0.09517205917057948, 's2': 0.20861231156375196, 's3': 0.37228489161963385, 't0': 0.3278798384705104}","[[ 0.10750519 -0.00884131  0.00114117  0.01419655  0.0086137  -0.03257954]
 [-0.00884131  0.01682495 -0.00196948  0.00099444 -0.0093678   0.0133579 ]
 [ 0.00114117 -0.00196948  0.00027541 -0.00035292  0.00068832 -0.00188422]
 [ 0.01419655  0.00099444 -0.00035292  0.00905772 -0.00131867  0.00720542]
 [ 0.0086137  -0.0093678   0.00068832 -0.00131867  0.0435191  -0.02239271]
 [-0.03257954  0.0133579  -0.00188422  0.00720542 -0.02239271  0.13859604]]","{'amplitude': 101.05566105012899, 'color': 0.04008450430649868, 's1': 0.6475070607594449, 's2': 0.07996377342068942, 's3': -0.3306540430228323, 't0': 55507.10814266801}","{'amplitude': 0.14802538367563187, 'color': 0.017832764899418294, 's1': 0.1203630687392015, 's2': 0.2148973719347465, 's3': 0.3912822557190519, 't0': 0.3317649934568612}","[[ 0.11006801 -0.00875567  0.00121589  0.01875758 -0.00867842 -0.01981102]
 [-0.00875567  0.02191151 -0.00244626 -0.00065536 -0.00866217 -0.00227237]
 [ 0.00121589 -0.00244626  0.00031801 -0.00027952  0.00085393 -0.00081481]
 [ 0.01875758 -0.00065536 -0.00027952  0.01448727 -0.00758407  0.01768091]
 [-0.00867842 -0.00866217  0.00085393 -0.00758407  0.04618088 -0.0284065 ]
 [-0.01981102 -0.00227237 -0.00081481  0.01768091 -0.0284065   0.1531018 ]]"
psc100101,"{'amplitude': 106.40823390698601, 'color': -0.13051395456972015, 's1': 0.35432288408660195, 's2': -0.3125547285496181, 's3': -1.4643456174511327, 't0': 55518.507030165674}","{'amplitude': 0.5761524691318032, 'color': 0.062373076245468534, 's1': 0.6572253880483223, 's2': 0.9894808453435096, 's3': 1.0770704344914093, 't0': 0.5660729234364593}","[[ 0.32043855 -0.04804567  0.0093065  -0.13787386  0.13291391  0.24064012]
 [-0.04804567  0.33195167 -0.02932258 -0.10117443 -0.22319478 -0.22156151]
 [ 0.0093065  -0.02932258  0.0038904  -0.00604685  0.0022482   0.03557812]
 [-0.13787386 -0.10117443 -0.00604685  0.43194521  0.0370765  -0.10908672]
 [ 0.13291391 -0.22319478  0.0022482   0.0370765   0.97907234  0.33300627]
 [ 0.24064012 -0.22156151  0.03557812 -0.10908672  0.33300627  1.16008072]]","{'amplitude': 106.71530973388371, 'color': -0.20544957873432448, 's1': -0.2937270118281747, 's2': 1.5448840412222302, 's3': -1.8567406871778327, 't0': 55518.94830163423}","{'amplitude': 0.6489455857884632, 'color': 0.08446126719300921, 's1': 0.5263280812105007, 's2': 1.424978686963487, 's3': 1.6905526976800163, 't0': 0.87434393648653}","[[ 7.64477319e-01 -8.30271608e-02  1.03696458e-02 -2.22594544e-01
   8.80029838e-02  1.05493527e-01]
 [-8.30271608e-02  4.21130373e-01 -3.85788176e-02  1.76873057e-02
  -3.00301854e-01 -1.93689556e-01]
 [ 1.03696458e-02 -3.85788176e-02  7.13370566e-03  2.45918068e-03
  -3.63617643e-02  7.93627301e-02]
 [-2.22594544e-01  1.76873057e-02  2.45918068e-03  2.77021249e-01
  -1.69781183e-01  2.14227609e-01]
 [ 8.80029838e-02 -3.00301854e-01 -3.63617643e-02 -1.69781183e-01
   2.03056426e+00 -2.25497933e-01]
 [ 1.05493527e-01 -1.93689556e-01  7.93627301e-02  2.14227609e-01
  -2.25497933e-01  2.85796842e+00]]"
psc100116,"{'amplitude': 103.80986095240154, 'color': -0.011633103132566517, 's1': 1.7128422580234886, 's2': 1.6228897276918886, 's3': 2.7344107662779766, 't0': 55508.27455033033}","{'amplitude': 0.49496042741060803, 'color': 0.04221779999006973, 's1': 1.5849418874483585, 's2': 1.3330650041154497, 's3': 1.693522482468091, 't0': 3.9542211111337218}","[[ 1.56358646e+01  6.83853294e-01 -5.23704196e-02 -5.83528155e+00
   2.24811879e+00 -4.60215428e+00]
 [ 6.83853294e-01  2.44985825e-01 -1.39699114e-02 -2.92681297e-01
  -2.07298153e-01 -4.59489099e-01]
 [-5.23704196e-02 -1.39699114e-02  1.78234264e-03  1.68786844e-02
  -1.53581788e-02  5.68948738e-03]
 [-5.83528155e+00 -2.92681297e-01  1.68786844e-02  2.51204079e+00
  -6.97859095e-01  1.89056938e+00]
 [ 2.24811879e+00 -2.07298153e-01 -1.53581788e-02 -6.97859095e-01
   1.77706231e+00  6.28569578e-01]
 [-4.60215428e+00 -4.59489099e-01  5.68948738e-03  1.89056938e+00
   6.28569578e-01  2.86801840e+00]]","{'amplitude': 104.56835114551265, 'color': -0.09224617416695467, 's1': -0.5821210279544765, 's2': 2.6878087716840406, 's3': 1.428171869306771, 't0': 55513.69331886515}","{'amplitude': 0.563293496429984, 'color': 0.06396600438617743, 's1': 1.4444839384890438, 's2': 1.8526225380826515, 's3': 1.5089373280337914, 't0': 2.017452761702435}","[[ 4.07011565 -0.43973769  0.02140433 -1.24690053  1.29593026 -0.59870262]
 [-0.43973769  0.31729956 -0.01786579  0.06112654 -0.52838911 -0.21806343]
 [ 0.02140433 -0.01786579  0.00409165 -0.02603155 -0.05124496 -0.038908  ]
 [-1.24690053  0.06112654 -0.02603155  2.08653385 -0.12244405  0.48946057]
 [ 1.29593026 -0.52838911 -0.05124496 -0.12244405  3.43221027  1.55307251]
 [-0.59870262 -0.21806343 -0.038908    0.48946057  1.55307251  2.27689186]]"
psc100163,"{'amplitude': 103.70681688143902, 'color': -0.060465933873368814, 's1': -0.5451922039646594, 's2': 1.2252755303723495, 's3': 0.18376279573109433, 't0': 55523.206252778145}","{'amplitude': 0.4011517567261023, 'color': 0.05097449560391043, 's1': 0.6377167789681346, 's2': 0.6160220265401796, 's3': 0.5639809485030793, 't0': 0.38581948716477105}","[[ 0.14885668  0.03536186 -0.0030757  -0.11953457 -0.01417666  0.06081624]
 [ 0.03536186  0.16092273 -0.01936036 -0.00425692 -0.0877646  -0.01357432]
 [-0.0030757  -0.01936036  0.0025984  -0.00222881  0.00734285  0.00330722]
 [-0.11953457 -0.00425692 -0.00222881  0.40668269 -0.22226608 -0.0823087 ]
 [-0.01417666 -0.0877646   0.00734285 -0.22226608  0.37948314 -0.00618366]
 [ 0.06081624 -0.01357432  0.00330722 -0.0823087  -0.00618366  0.31807451]]","{'amplitude': 103.39192243499573, 'color': -0.021015302641533628, 's1': -0.3777017619593671, 's2': 1.229700338507659, 's3': 0.30460966777889215, 't0': 55522.95677853265}","{'amplitude': 0.4359206922893073, 'color': 0.055206030019011226, 's1': 0.6483440754361773, 's2': 0.6115407934644991, 's3': 0.6059968154694482, 't0': 0.46089573676906254}","[[ 0.21242488  0.06611882 -0.00751904 -0.15396438 -0.00724871  0.08761244]
 [ 0.06611882  0.19002685 -0.02280042 -0.06702776 -0.02819199  0.00995332]
 [-0.00751904 -0.02280042  0.00304771  0.00617402 -0.00075857 -0.0029741 ]
 [-0.15396438 -0.06702776  0.00617402  0.42035004 -0.21809508 -0.07122247]
 [-0.00724871 -0.02819199 -0.00075857 -0.21809508  0.37398214  0.01929674]
 [ 0.08761244  0.00995332 -0.0029741  -0.07122247  0.01929674  0.36723214]]"
psc100206,"{'amplitude': 101.19408823292646, 'color': -0.10854779706142931, 's1': -0.5988771619929053, 's2': 0.9091610775746609, 's3': -0.26829621961236483, 't0': 55518.50156774703}","{'amplitude': 0.13546956466160695, 'color': 0.01397140461132399, 's1': 0.27650316426010546, 's2': 0.24043047302210108, 's3': 0.2689814080855672, 't0': 0.22424287007556656}","[[ 0.05028486 -0.00195704  0.0001818  -0.05002654  0.02264469 -0.00465371]
 [-0.00195704  0.018352   -0.00176621 -0.00017745 -0.0187739   0.00979294]
 [ 0.0001818  -0.00176621  0.0001952  -0.00030597  0.00142818 -0.00081103]
 [-0.05002654 -0.00017745 -0.00030597  0.076454   -0.02987582 -0.01266552]
 [ 0.02264469 -0.0187739   0.00142818 -0.02987582  0.05780681  0.0034097 ]
 [-0.00465371  0.00979294 -0.00081103 -0.01266552  0.0034097   0.072351  ]]","{'amplitude': 101.13809317964257, 'color': -0.1027803370220063, 's1': -0.6845334984075997, 's2': 0.9682782710858264, 's3': -0.2131673814793899, 't0': 55518.549105798484}","{'amplitude': 0.16306138365916187, 'color': 0.015692685230773523, 's1': 0.3486259338242484, 's2': 0.29107717984401255, 's3': 0.28841230332148127, 't0': 0.24499416990769}","[[ 0.06002214  0.00279101 -0.00024678 -0.06848663  0.0275937   0.00153125]
 [ 0.00279101  0.02658901 -0.00240305 -0.00693885 -0.02417188  0.00990286]
 [-0.00024678 -0.00240305  0.00024626  0.00051262  0.00161161 -0.00096459]
 [-0.06848663 -0.00693885  0.00051262  0.12154004 -0.05165816 -0.02666234]
 [ 0.0275937  -0.02417188  0.00161161 -0.05165816  0.08472592  0.00446268]
 [ 0.00153125  0.00990286 -0.00096459 -0.02666234  0.00446268  0.08318166]]"
psc100213,"{'amplitude': 102.791839340827, 'color': 0.003686620750631652, 's1': -0.6960028773629316, 's2': 0.41507263890696483, 's3': 0.09297126944608833, 't0': 55521.94167384361}","{'amplitude': 0.2959386719160606, 'color': 0.03453402100077046, 's1': 0.46058208185689054, 's2': 0.6494828914262919, 's3': 0.8837223524317411, 't0': 0.39629306506357287}","[[ 1.57048193e-01 -4.67138350e-04  5.69173845e-04 -1.22707860e-01
   5.75520780e-03 -1.31188766e-02]
 [-4.67138350e-04  8.75796975e-02 -8.60704496e-03 -2.61994487e-03
  -9.49905692e-02  1.13703785e-02]
 [ 5.69173845e-04 -8.60704496e-03  1.19259861e-03 -2.07433632e-03
   2.21068331e-03  4.57418458e-03]
 [-1.22707860e-01 -2.61994487e-03 -2.07433632e-03  2.12135854e-01
  -3.54473164e-02  8.32137190e-02]
 [ 5.75520780e-03 -9.49905692e-02  2.21068331e-03 -3.54473164e-02
   4.21828026e-01 -3.11687806e-01]
 [-1.31188766e-02  1.13703785e-02  4.57418458e-03  8.32137190e-02
  -3.11687806e-01  7.80965196e-01]]","{'amplitude': 103.12079079511558, 'color': -0.052012356447472485, 's1': -1.0422856571048018, 's2': 1.1424279059027083, 's3': -0.04010605988540936, 't0': 55522.0599461123}","{'amplitude': 0.3666886262760938, 'color': 0.03995088092889032, 's1': 0.6458830635490683, 's2': 0.8879208511522226, 's3': 0.9783483043023771, 't0': 0.5205674275552528}","[[ 2.70990447e-01 -8.17014681e-03 -1.18732089e-03 -1.95247185e-01
   5.83474857e-02 -1.30728364e-01]
 [-8.17014681e-03  1.34460549e-01 -1.19500532e-02  5.16226672e-02
  -1.60718152e-01 -6.46098077e-02]
 [-1.18732089e-03 -1.19500532e-02  1.59607289e-03  3.56794924e-04
   1.22180996e-03  9.10633155e-03]
 [-1.95247185e-01  5.16226672e-02  3.56794924e-04  4.17164932e-01
  -3.46990934e-01 -2.51495651e-02]
 [ 5.83474857e-02 -1.60718152e-01  1.22180996e-03 -3.46990934e-01
   7.88403438e-01  1.33823127e-01]
 [-1.30728364e-01 -6.46098077e-02  9.10633155e-03 -2.51495651e-02
   1.33823127e-01  9.57165405e-01]]"
psc100358,"{'amplitude': 103.60329324970485, 'color': 0.014257261668020998, 's1': -0.34247340068252274, 's2': 0.9145341234929234, 's3': -0.25325930864330737, 't0': 55519.42196564404}","{'amplitude': 0.6088702978112724, 'color': 0.08163527880891451, 's1': 0.8085706918492224, 's2': 0.7982516967395421, 's3': 0.8923627363101573, 't0': 0.5556599344960106}","[[ 0.30875796 -0.11432663  0.01855681 -0.31155225  0.05178596 -0.00765221]
 [-0.11432663  0.37072304 -0.04675355  0.15966792 -0.15220592 -0.0155376 ]
 [ 0.01855681 -0.04675355  0.00666432 -0.02888379  0.0069837   0.00792176]
 [-0.31155225  0.15966792 -0.02888379  0.65378656 -0.20273368  0.07539219]
 [ 0.05178596 -0.15220592  0.0069837  -0.20273368  0.63720577 -0.04947972]
 [-0.00765221 -0.0155376   0.00792176  0.07539219 -0.04947972  0.79631125]]","{'amplitude': 103.5020669608947, 'color': 0.02656924991683577, 's1': -0.39690031054571234, 's2': 1.0204556712412949, 's3': 0.02706180532484646, 't0': 55519.48266462828}","{'amplitude': 0.671055763743472, 'color': 0.09269217459585148, 's1': 0.8608484210371814, 's2': 0.7523745310942997, 's3': 0.8437217161098444, 't0': 0.5764737456515612}","[[ 0.33232198 -0.10053601  0.01687354 -0.3274207   0.07038621  0.00296462]
 [-0.10053601  0.45031584 -0.06022276  0.20530816 -0.11096336 -0.13798298]
 [ 0.01687354 -0.06022276  0.00859184 -0.03317413  0.00637986  0.02065985]
 [-0.3274207   0.20530816 -0.03317413  0.74106    -0.32899217 -0.0541187 ]
 [ 0.07038621 -0.11096336  0.00637986 -0.32899217  0.56606744 -0.02366475]
 [ 0.00296462 -0.13798298  0.02065985 -0.0541187  -0.02366475  0.71186633]]"
psc100405,"{'amplitude': 96.38605310121349, 'color': 0.18548651478441144, 's1': -0.27264579680024237, 's2': 0.6555951503313959, 's3': -0.6361937310407657, 't0': 55535.51067872644}","{'amplitude': 0.11077520159245718, 'color': 0.01815102277028938, 's1': 0.3060658546546036, 's2': 0.15622489344508728, 's3': 0.20142890044186554, 't0': 0.13905992938520337}","[[ 0.01933766 -0.00225589  0.00086986 -0.01881108  0.0053296   0.00211725]
 [-0.00225589  0.01227115 -0.00182484  0.01215939 -0.00627314  0.01138559]
 [ 0.00086986 -0.00182484  0.00032946 -0.00333882  0.00100974 -0.0013005 ]
 [-0.01881108  0.01215939 -0.00333882  0.09367631 -0.03305901  0.00759336]
 [ 0.0053296  -0.00627314  0.00100974 -0.03305901  0.02440622 -0.00499631]
 [ 0.00211725  0.01138559 -0.0013005   0.00759336 -0.00499631  0.0405736 ]]","{'amplitude': 96.03515626041869, 'color': 0.24898816630626971, 's1': -0.8957436833072207, 's2': 0.8098260002519703, 's3': 0.11036885967723574, 't0': 55535.62008433655}","{'amplitude': 0.1185445634346563, 'color': 0.01769143672743716, 's1': 0.15165464094081232, 's2': 0.15597172678783053, 's3': 0.3097856192906505, 't0': 0.12788975571285374}","[[ 0.01635579 -0.00130198  0.00033232 -0.00186018 -0.00010328 -0.00747011]
 [-0.00130198  0.01405281 -0.00198861  0.00685752 -0.00593121  0.0075551 ]
 [ 0.00033232 -0.00198861  0.00031299 -0.00126997  0.00037358 -0.00087781]
 [-0.00186018  0.00685752 -0.00126997  0.02299913 -0.00912907 -0.00884238]
 [-0.00010328 -0.00593121  0.00037358 -0.00912907  0.02432718  0.00438848]
 [-0.00747011  0.0075551  -0.00087781 -0.00884238  0.00438848  0.09596713]]"
psc110033,"{'amplitude': 99.38015427933544, 'color': 0.20660673676917268, 's1': -2.94019449181418, 's2': 1.9287045444943234, 's3': 2.0932711739309404, 't0': 55542.34632727132}","{'amplitude': 0.3327753211982632, 'color': 0.057170676467703366, 's1': 1.0001792125740436, 's2': 0.7655544978218446, 's3': 0.9762591956644033, 't0': 1.3446137240796208}","[[ 1.80798607  0.10497837 -0.02756645  0.95144307 -0.72751746 -1.18222942]
 [ 0.10497837  0.11073941 -0.01850104  0.18640968 -0.14194354 -0.08338697]
 [-0.02756645 -0.01850104  0.00326849 -0.03782579  0.02788501  0.02211558]
 [ 0.95144307  0.18640968 -0.03782579  1.00035846 -0.74000897 -0.63862406]
 [-0.72751746 -0.14194354  0.02788501 -0.74000897  0.58607369  0.49834582]
 [-1.18222942 -0.08338697  0.02211558 -0.63862406  0.49834582  0.95308202]]","{'amplitude': 99.22553606847524, 'color': 0.2294607251814397, 's1': -3.056754487567591, 's2': 2.0605542350849286, 's3': 1.9351395116056167, 't0': 55542.326721583246}","{'amplitude': 0.32670074332021887, 'color': 0.051121233144258295, 's1': 0.6942619845419019, 's2': 0.6585916346390456, 's3': 1.381510878958131, 't0': 2.1144831616149697}","[[ 4.47103904e+00 -1.41976971e-01  8.08111155e-03  8.72220270e-01
  -9.67506250e-01 -2.66836983e+00]
 [-1.41976971e-01  1.06733376e-01 -1.59144942e-02 -1.93282649e-02
   1.50901805e-02  1.11535970e-01]
 [ 8.08111155e-03 -1.59144942e-02  2.61338048e-03 -4.81480345e-03
   3.04812411e-03 -3.77964536e-03]
 [ 8.72220270e-01 -1.93282649e-02 -4.81480345e-03  4.81999703e-01
  -4.16525689e-01 -6.70125148e-01]
 [-9.67506250e-01  1.50901805e-02  3.04812411e-03 -4.16525689e-01
   4.33742941e-01  6.90422159e-01]
 [-2.66836983e+00  1.11535970e-01 -3.77964536e-03 -6.70125148e-01
   6.90422159e-01  1.90857231e+00]]"
psc110425,"{'amplitude': 103.77957159415112, 'color': 0.04818271966049107, 's1': 0.08515088193420131, 's2': 1.5136201718219555, 's3': 0.6210232970750166, 't0': 55555.80939119413}","{'amplitude': 0.7417506977134525, 'color': 0.051433567357778605, 's1': 0.6420924425334834, 's2': 1.5092685220668085, 's3': 1.6989200779413842, 't0': 1.0782179814978514}","[[ 1.16255402e+00 -2.69607558e-01  1.86384425e-02 -4.70949208e-01
   6.07855596e-01  6.83790064e-02]
 [-2.69607558e-01  5.50194098e-01 -3.44034587e-02  1.16179347e-01
  -9.26803847e-01 -7.75545958e-01]
 [ 1.86384425e-02 -3.44034587e-02  2.64541185e-03 -1.05570885e-02
   4.86798542e-02  4.37526093e-02]
 [-4.70949208e-01  1.16179347e-01 -1.05570885e-02  4.12282705e-01
  -3.99198923e-01 -2.07874044e-01]
 [ 6.07855596e-01 -9.26803847e-01  4.86798542e-02 -3.99198923e-01
   2.27789147e+00  2.08163034e+00]
 [ 6.83790064e-02 -7.75545958e-01  4.37526093e-02 -2.07874044e-01
   2.08163034e+00  2.88632943e+00]]","{'amplitude': 104.47344501825036, 'color': -0.028090158322549758, 's1': 0.5846689771088269, 's2': 0.47605925490196516, 's3': -1.382827193347285, 't0': 55555.662373676394}","{'amplitude': 0.6057991522746745, 'color': 0.0660795680072869, 's1': 0.587688144598384, 's2': 0.7517100895652556, 's3': 1.6679011466729856, 't0': 0.7946456389941766}","[[ 0.63146169  0.32950094 -0.02584601 -0.30461802 -0.18474476 -0.44831708]
 [ 0.32950094  0.36699261 -0.03348528 -0.18999673 -0.18531156 -0.42766393]
 [-0.02584601 -0.03348528  0.00436651  0.00706227  0.01132843  0.07161248]
 [-0.30461802 -0.18999673  0.00706227  0.34537736  0.01984017  0.07295957]
 [-0.18474476 -0.18531156  0.01132843  0.01984017  0.56506806  0.60555404]
 [-0.44831708 -0.42766393  0.07161248  0.07295957  0.60555404  2.78189424]]"
psc110430,"{'amplitude': 104.5478314789342, 'color': 0.0036427301180163157, 's1': 1.412200589780163, 's2': -0.40430469308678724, 's3': 2.109675335966118, 't0': 55550.145691594276}","{'amplitude': 0.5970614677856693, 'color': 0.05323791113444403, 's1': 1.58360598532422, 's2': 1.3982166722909526, 's3': 2.5399464615682397, 't0': 5.655968019015849}","[[ 3.19899742e+01  1.98710475e+00 -3.53072452e-03 -5.60605463e+00
   1.31266064e+00 -1.11544883e+01]
 [ 1.98710475e+00  3.56482396e-01 -1.35529999e-02 -6.70579009e-01
   1.20611335e-01 -4.35335717e-01]
 [-3.53072452e-03 -1.35529999e-02  2.83427518e-03 -1.70936057e-03
  -7.99633976e-03  3.71713769e-03]
 [-5.60605463e+00 -6.70579009e-01 -1.70936057e-03  2.50780792e+00
  -1.17041735e+00  3.58161304e-01]
 [ 1.31266064e+00  1.20611335e-01 -7.99633976e-03 -1.17041735e+00
   1.95500986e+00  6.80197580e-01]
 [-1.11544883e+01 -4.35335717e-01  3.71713769e-03  3.58161304e-01
   6.80197580e-01  6.45132803e+00]]","{'amplitude': 104.14455253672861, 'color': 0.0998715166639214, 's1': 0.10807006700836295, 's2': -1.0354854780078577, 's3': 2.5908419121591537, 't0': 55552.26832609797}","{'amplitude': 0.7045163023406147, 'color': 0.05908841804263312, 's1': 1.1732516379380435, 's2': 0.31719555884483625, 's3': 0.9720908770087558, 't0': 3.0504321921303337}","[[ 9.30513656e+00  1.27791367e+00 -2.24455826e-02 -3.14323778e+00
   7.51017995e-02 -1.96624697e+00]
 [ 1.27791367e+00  4.96343220e-01 -3.45848512e-02 -5.49012467e-01
   8.03364393e-02 -2.41625436e-01]
 [-2.24455826e-02 -3.45848512e-02  3.49144115e-03  1.54045103e-02
  -4.54997356e-03 -2.35417254e-03]
 [-3.14323778e+00 -5.49012467e-01  1.54045103e-02  1.37651941e+00
  -8.68789938e-02  4.91767124e-01]
 [ 7.51017995e-02  8.03364393e-02 -4.54997356e-03 -8.68789938e-02
   1.00613023e-01 -5.60871341e-02]
 [-1.96624697e+00 -2.41625436e-01 -2.35417254e-03  4.91767124e-01
  -5.60871341e-02  9.44960673e-01]]"
psc110431,"{'amplitude': 102.19889751982188, 'color': 0.2888902248459288, 's1': 0.09659309938242074, 's2': 1.1952908388975414, 's3': -2.3851971468776814, 't0': 55552.138087974025}","{'amplitude': 0.7411098578928614, 'color': 0.05649088849194206, 's1': 0.6549910497905272, 's2': 1.407285252878976, 's3': 1.7550879554501744, 't0': 0.9001162897681175}","[[ 0.81020934 -0.07692019 -0.00566109 -0.0386656   0.20402301 -0.46119795]
 [-0.07692019  0.54924382 -0.01855389 -0.17739619 -0.61880506  0.72111599]
 [-0.00566109 -0.01855389  0.00319122  0.01218324 -0.01888362  0.02419768]
 [-0.0386656  -0.17739619  0.01218324  0.42901328  0.03497759  0.11943698]
 [ 0.20402301 -0.61880506 -0.01888362  0.03497759  1.98045178 -1.39369139]
 [-0.46119795  0.72111599  0.02419768  0.11943698 -1.39369139  3.08033373]]","{'amplitude': 102.0989929200008, 'color': 0.26911287986864146, 's1': 0.9175764909743243, 's2': 2.5600633768827947, 's3': -0.4097601155610802, 't0': 55551.194440202176}","{'amplitude': 1.0387993558607704, 'color': 0.08011794621597404, 's1': 1.4501466493383013, 's2': 1.8373772911070618, 's3': 2.360988181124678, 't0': 2.0949952579998565}","[[ 4.38900513  0.54345027 -0.01832752 -1.77886681 -1.01148753 -1.52399736]
 [ 0.54345027  1.0791041  -0.05570861 -0.91263161 -1.40697691 -0.78244364]
 [-0.01832752 -0.05570861  0.00641889  0.03015726  0.01882174  0.08722627]
 [-1.77886681 -0.91263161  0.03015726  2.1029253   1.74589227  2.12414789]
 [-1.01148753 -1.40697691  0.01882174  1.74589227  3.37595531  1.47415066]
 [-1.52399736 -0.78244364  0.08722627  2.12414789  1.47415066  5.57426519]]"
psc110460,"{'amplitude': 101.05369810371909, 'color': 0.0041713649163493795, 's1': -0.20163846798401078, 's2': 1.063920019614488, 's3': 0.36411693174980597, 't0': 55561.17216347804}","{'amplitude': 0.18037888939723223, 'color': 0.02118787301590086, 's1': 0.312918148045585, 's2': 0.3539260610213814, 's3': 0.3366837295261097, 't0': 0.23107409991697517}","[[ 0.05339524  0.00994165 -0.00127236 -0.01389949 -0.0048861   0.01535929]
 [ 0.00994165  0.03253654 -0.00354703 -0.01026702 -0.02314667  0.00842497]
 [-0.00127236 -0.00354703  0.00044893  0.00101747  0.00110044 -0.00176516]
 [-0.01389949 -0.01026702  0.00101747  0.09791777 -0.05860559 -0.03474097]
 [-0.0048861  -0.02314667  0.00110044 -0.05860559  0.12526366  0.04027284]
 [ 0.01535929  0.00842497 -0.00176516 -0.03474097  0.04027284  0.11335593]]","{'amplitude': 101.21290280652968, 'color': -0.014626185102875331, 's1': -0.4474838461530215, 's2': 1.2120656476933462, 's3': 0.3562412977172021, 't0': 55561.301482534196}","{'amplitude': 0.24773626548522854, 'color': 0.028072783048143462, 's1': 0.33535178740023414, 's2': 0.4203951610220023, 's3': 0.3960797903650457, 't0': 0.2817323510656819}","[[ 7.93731176e-02  9.56819248e-03 -2.25398691e-03 -2.32358393e-02
   2.86213129e-02  3.68179401e-02]
 [ 9.56819248e-03  6.13732572e-02 -6.52273966e-03 -2.51523855e-02
  -2.69683239e-02  5.39342193e-03]
 [-2.25398691e-03 -6.52273966e-03  7.88081148e-04  3.61228660e-03
   1.52241524e-04 -2.29793909e-03]
 [-2.32358393e-02 -2.51523855e-02  3.61228660e-03  1.12460821e-01
  -7.78456044e-02 -5.10359412e-02]
 [ 2.86213129e-02 -2.69683239e-02  1.52241524e-04 -7.78456044e-02
   1.76732091e-01  6.52858499e-02]
 [ 3.68179401e-02  5.39342193e-03 -2.29793909e-03 -5.10359412e-02
   6.52858499e-02  1.56879200e-01]]"
psc110478,"{'amplitude': 102.24074344387934, 'color': -0.061459823032975376, 's1': -0.38400672007465025, 's2': 0.8758464734484671, 's3': 1.3717571728277087, 't0': 55555.26996401137}","{'amplitude': 0.26449454465828753, 'color': 0.026285793258609448, 's1': 0.4628098868757281, 's2': 0.3597900246569577, 's3': 0.6970029307855204, 't0': 0.745012983577038}","[[ 0.55504435  0.06633979 -0.00188119 -0.24727704  0.0126592  -0.3289032 ]
 [ 0.06633979  0.06995736 -0.00626744 -0.06871221 -0.04176971 -0.08194806]
 [-0.00188119 -0.00626744  0.00069094  0.00392121  0.0024079   0.00317646]
 [-0.24727704 -0.06871221  0.00392121  0.21419299  0.01087449  0.21980738]
 [ 0.0126592  -0.04176971  0.0024079   0.01087449  0.12944886  0.02406384]
 [-0.3289032  -0.08194806  0.00317646  0.21980738  0.02406384  0.48581309]]","{'amplitude': 102.54043339416634, 'color': -0.1035520271963326, 's1': -1.3272784309342271, 's2': 1.3689898190409961, 's3': 1.2333834950723535, 't0': 55555.166857076765}","{'amplitude': 0.34194669343980605, 'color': 0.03701888331645716, 's1': 0.7266190997646746, 's2': 0.5793189549469571, 's3': 1.0224385412066983, 't0': 0.6271065528274541}","[[ 0.39326263 -0.00920165  0.00591388  0.18756729 -0.14549033 -0.37768125]
 [-0.00920165  0.11692754 -0.01135236 -0.07897994 -0.05085589 -0.1190514 ]
 [ 0.00591388 -0.01135236  0.0013704   0.01540697 -0.00275519  0.00399027]
 [ 0.18756729 -0.07897994  0.01540697  0.52797532 -0.25376038 -0.20910956]
 [-0.14549033 -0.05085589 -0.00275519 -0.25376038  0.33561045  0.20930328]
 [-0.37768125 -0.1190514   0.00399027 -0.20910956  0.20930328  1.04538057]]"
psc110536,"{'amplitude': 100.4217790063877, 'color': 0.17888112266759873, 's1': 0.33396187624472595, 's2': 0.5393518216461435, 's3': 2.503834514689924, 't0': 55554.131060798565}","{'amplitude': 0.4944630702900941, 'color': 0.04589582754853598, 's1': 1.0557831387892374, 's2': 1.1582339590883404, 's3': 1.1184292220653693, 't0': 2.8692008570490644}","[[ 8.23231356e+00  6.26672139e-01 -1.05784573e-02 -2.61732819e+00
  -8.62931218e-01 -2.50840853e+00]
 [ 6.26672139e-01  2.44493728e-01 -1.86449907e-02 -3.37397380e-01
  -4.34537564e-01 -1.60159531e-01]
 [-1.05784573e-02 -1.86449907e-02  2.10642699e-03  1.30533505e-02
   2.58265966e-02 -7.78842423e-03]
 [-2.61732819e+00 -3.37397380e-01  1.30533505e-02  1.11467804e+00
   6.02580135e-01  7.43102459e-01]
 [-8.62931218e-01 -4.34537564e-01  2.58265966e-02  6.02580135e-01
   1.34150590e+00  2.46288103e-01]
 [-2.50840853e+00 -1.60159531e-01 -7.78842423e-03  7.43102459e-01
   2.46288103e-01  1.25088392e+00]]","{'amplitude': 99.57693679407329, 'color': 0.22425549121978466, 's1': 0.20606532128126387, 's2': 2.581916793531705, 's3': 1.143945538174325, 't0': 55555.846504872905}","{'amplitude': 0.8117439489345545, 'color': 0.06809347619687038, 's1': 1.4234867951294494, 's2': 1.3509646290527555, 's3': 1.949083951693922, 't0': 2.346229783336158}","[[ 5.50479420e+00 -2.62929026e-01  7.53226546e-04 -1.99958783e+00
   1.10706399e+00 -1.80139021e+00]
 [-2.62929026e-01  6.58928239e-01 -4.87019417e-02 -4.78994265e-01
  -6.70386094e-01  1.94922167e-01]
 [ 7.53226546e-04 -4.87019417e-02  4.63672150e-03  4.37646757e-02
   2.37896619e-02 -1.24791322e-02]
 [-1.99958783e+00 -4.78994265e-01  4.37646757e-02  2.02631466e+00
  -2.69629092e-01  6.39612211e-01]
 [ 1.10706399e+00 -6.70386094e-01  2.37896619e-02 -2.69629092e-01
   1.82510543e+00 -2.64405201e-01]
 [-1.80139021e+00  1.94922167e-01 -1.24791322e-02  6.39612211e-01
  -2.64405201e-01  3.79892825e+00]]"
psc110542,"{'amplitude': 105.5150816824192, 'color': -0.0583059213318256, 's1': -0.6845937938823626, 's2': -0.4201972495088915, 's3': -0.02033798985581838, 't0': 55550.86810165926}","{'amplitude': 0.38300083773059207, 'color': 0.042439909402195414, 's1': 0.5752252601120613, 's2': 0.39399639549755316, 's3': 0.9227872773634861, 't0': 0.644272101673255}","[[ 0.41508654  0.0301985  -0.00214621  0.09101822 -0.04404805 -0.1226557 ]
 [ 0.0301985   0.14668964 -0.01569872 -0.08947504  0.04154041 -0.13434348]
 [-0.00214621 -0.01569872  0.00180115  0.00803506 -0.00573519  0.01136479]
 [ 0.09101822 -0.08947504  0.00803506  0.3308841  -0.06891216  0.29423762]
 [-0.04404805  0.04154041 -0.00573519 -0.06891216  0.15523316 -0.04221562]
 [-0.1226557  -0.13434348  0.01136479  0.29423762 -0.04221562  0.85153636]]","{'amplitude': 105.82767510002508, 'color': -0.11946446779859617, 's1': -0.46427687702328196, 's2': 0.6841223174121737, 's3': -0.14027073604514656, 't0': 55551.31392113738}","{'amplitude': 0.5835519783525845, 'color': 0.06882268251650832, 's1': 0.8291497187221364, 's2': 1.314139516415373, 's3': 1.5047526720050681, 't0': 1.2063863222249827}","[[ 1.45536796  0.00694185 -0.01258186 -0.25734659  0.59268747 -0.4639981 ]
 [ 0.00694185  0.34053291 -0.03260173 -0.05647069 -0.22036686 -0.4884704 ]
 [-0.01258186 -0.03260173  0.00473656 -0.01056705 -0.01971271  0.03411489]
 [-0.25734659 -0.05647069 -0.01056705  0.68748926  0.17751728  0.42754784]
 [ 0.59268747 -0.22036686 -0.01971271  0.17751728  1.72696267  0.91567192]
 [-0.4639981  -0.4884704   0.03411489  0.42754784  0.91567192  2.2642806 ]]"
psc110567,"{'amplitude': 100.92606644791005, 'color': 0.14685779259000678, 's1': 0.38883187792806284, 's2': 0.07944677083295536, 's3': -0.6500608671300181, 't0': 55551.49696352191}","{'amplitude': 0.4926349595146674, 'color': 0.041728594798327884, 's1': 0.472041133458424, 's2': 0.9268559864753431, 's3': 1.10261216977833, 't0': 0.5265606364726939}","[[ 0.2772661   0.03057663 -0.00408179  0.05658289 -0.06406096 -0.02004091]
 [ 0.03057663  0.2426892  -0.01792733  0.08840125 -0.3359219   0.32871922]
 [-0.00408179 -0.01792733  0.00174128 -0.00741301  0.01937814 -0.01879846]
 [ 0.05658289  0.08840125 -0.00741301  0.22282283 -0.28136312  0.03444179]
 [-0.06406096 -0.3359219   0.01937814 -0.28136312  0.85906202 -0.40018738]
 [-0.02004091  0.32871922 -0.01879846  0.03444179 -0.40018738  1.2157536 ]]","{'amplitude': 100.61799010295675, 'color': 0.18048864518194896, 's1': 0.6383023730303217, 's2': 0.2709796691260402, 's3': 0.19607132369266422, 't0': 55551.47346246676}","{'amplitude': 0.39611661285224725, 'color': 0.04119520102625009, 's1': 0.3677397948809415, 's2': 0.8700242295419742, 's3': 0.959051883936132, 't0': 0.5775285880232123}","[[ 3.33539270e-01  2.50627002e-02 -1.41700342e-03 -4.04276210e-02
  -1.00984764e-03 -1.34059294e-01]
 [ 2.50627002e-02  1.56908371e-01 -1.34092825e-02 -5.63090876e-02
  -2.04099095e-01 -1.83632017e-02]
 [-1.41700342e-03 -1.34092825e-02  1.69704459e-03  6.72139221e-04
   7.37205095e-03  5.71488155e-04]
 [-4.04276210e-02 -5.63090876e-02  6.72139221e-04  1.35232557e-01
   6.20425482e-02  8.33998087e-02]
 [-1.00984764e-03 -2.04099095e-01  7.37205095e-03  6.20425482e-02
   7.56942160e-01 -1.15492915e-01]
 [-1.34059294e-01 -1.83632017e-02  5.71488155e-04  8.33998087e-02
  -1.15492915e-01  9.19780516e-01]]"
psc110716,"{'amplitude': 103.89787559772742, 'color': 0.030419404476441515, 's1': 1.0844807168719852, 's2': -0.7962983662987589, 's3': -0.9997704447383081, 't0': 55566.345593350045}","{'amplitude': 0.41122789456811865, 'color': 0.047859521993985916, 's1': 0.5106899145684041, 's2': 0.5400156664355497, 's3': 1.3616521447656773, 't0': 0.7323342221041478}","[[ 5.36313413e-01  4.70074447e-02 -4.56365662e-04 -4.31895532e-02
  -5.01753116e-02  3.44548463e-02]
 [ 4.70074447e-02  1.69108381e-01 -1.33810442e-02 -9.51585016e-02
  -5.40291271e-02  6.24774923e-02]
 [-4.56365662e-04 -1.33810442e-02  2.29053385e-03 -5.58843204e-03
  -5.60543886e-03  6.37293785e-03]
 [-4.31895532e-02 -9.51585016e-02 -5.58843204e-03  2.60804189e-01
   9.03836508e-02 -1.02745621e-01]
 [-5.01753116e-02 -5.40291271e-02 -5.60543886e-03  9.03836508e-02
   2.91616920e-01 -2.13767278e-01]
 [ 3.44548463e-02  6.24774923e-02  6.37293785e-03 -1.02745621e-01
  -2.13767278e-01  1.85409656e+00]]","{'amplitude': 104.32338086055306, 'color': -0.019300669361994597, 's1': 1.0389645153165985, 's2': -0.25153700193639666, 's3': -0.5914048814947499, 't0': 55566.05184888928}","{'amplitude': 0.616504538944392, 'color': 0.06683172287017955, 's1': 0.6087516725182929, 's2': 0.9586610607255078, 's3': 1.4439256470049397, 't0': 1.0778017614389768}","[[ 1.16165664  0.26702313 -0.01280135 -0.17474018 -0.27276455 -0.3199708 ]
 [ 0.26702313  0.38007785 -0.03313484 -0.20717917 -0.07836484 -0.32522714]
 [-0.01280135 -0.03313484  0.00446648  0.00251779 -0.01939141  0.02604661]
 [-0.17474018 -0.20717917  0.00251779  0.3705786   0.22231482  0.3135569 ]
 [-0.27276455 -0.07836484 -0.01939141  0.22231482  0.91903103 -0.0329401 ]
 [-0.3199708  -0.32522714  0.02604661  0.3135569  -0.0329401   2.08492127]]"
psc110719,"{'amplitude': 105.98008598777065, 'color': -0.01700178729803428, 's1': -0.794164014690154, 's2': -0.7132702866905205, 's3': 0.8339688000484328, 't0': 55568.00757845441}","{'amplitude': 0.4883577723072726, 'color': 0.0581667512304909, 's1': 0.799161650133548, 's2': 1.0025512178170686, 's3': 1.4293714073678536, 't0': 0.9102700588974714}","[[ 8.28591580e-01 -7.42057333e-02  1.48495358e-03 -2.58622767e-02
   3.73416829e-01 -1.23808819e-01]
 [-7.42057333e-02  2.38493314e-01 -2.47042861e-02 -1.11642395e-01
  -8.11487826e-02  1.23880460e-01]
 [ 1.48495358e-03 -2.47042861e-02  3.38337095e-03  8.69837959e-03
  -8.19644388e-03 -8.76020150e-03]
 [-2.58622767e-02 -1.11642395e-01  8.69837959e-03  6.38659343e-01
  -2.61778532e-01 -1.13059901e-02]
 [ 3.73416829e-01 -8.11487826e-02 -8.19644388e-03 -2.61778532e-01
   1.00510894e+00 -7.28671617e-01]
 [-1.23808819e-01  1.23880460e-01 -8.76020150e-03 -1.13059901e-02
  -7.28671617e-01  2.04310262e+00]]","{'amplitude': 106.0157206369577, 'color': -0.06450744837193827, 's1': -0.11783893123228911, 's2': 0.8233214571959783, 's3': 0.5941010691200435, 't0': 55567.96779807705}","{'amplitude': 0.742505309978014, 'color': 0.0823262603476207, 's1': 1.1863210897012135, 's2': 2.123703802669176, 's3': 1.6182711108880745, 't0': 1.724758649702139}","[[ 2.97479240e+00 -2.80888396e-01 -4.71156491e-02  6.10415444e-01
   2.36005745e+00 -1.37262515e-01]
 [-2.80888396e-01  5.51314135e-01 -3.73013102e-02 -5.03712664e-01
  -4.77345340e-01 -4.44740892e-01]
 [-4.71156491e-02 -3.73013102e-02  6.77761314e-03  3.00338187e-03
  -8.96515905e-02  3.80352149e-02]
 [ 6.10415444e-01 -5.03712664e-01  3.00338187e-03  1.40735773e+00
   1.14216144e+00  1.04437616e+00]
 [ 2.36005745e+00 -4.77345340e-01 -8.96515905e-02  1.14216144e+00
   4.51011784e+00 -3.92650006e-01]
 [-1.37262515e-01 -4.44740892e-01  3.80352149e-02  1.04437616e+00
  -3.92650006e-01  2.61880139e+00]]"
psc110734,"{'amplitude': 104.54976607277514, 'color': -0.06578514295807106, 's1': -0.7387238340399489, 's2': -0.7786493841571722, 's3': 1.2922155242828424, 't0': 55570.951352875534}","{'amplitude': 0.36722152351892207, 'color': 0.04119160407513191, 's1': 0.94119362130801, 's2': 0.30770963845574395, 's3': 1.2305500430985152, 't0': 1.651355811543915}","[[ 2.72697602e+00  1.35144500e-01  1.67710014e-02 -8.45662555e-01
  -2.56637392e-01 -9.31330441e-01]
 [ 1.35144500e-01  1.34851647e-01 -1.14057208e-02 -9.44505079e-02
   1.63559339e-02 -2.25465920e-01]
 [ 1.67710014e-02 -1.14057208e-02  1.69674825e-03 -1.03897980e-02
  -2.24129327e-03 -2.05887495e-03]
 [-8.45662555e-01 -9.44505079e-02 -1.03897980e-02  8.85845433e-01
  -4.92608150e-02  6.12109743e-01]
 [-2.56637392e-01  1.63559339e-02 -2.24129327e-03 -4.92608150e-02
   9.46852216e-02 -8.63633478e-02]
 [-9.31330441e-01 -2.25465920e-01 -2.05887495e-03  6.12109743e-01
  -8.63633478e-02  1.51425341e+00]]","{'amplitude': 104.48394654928995, 'color': -0.06331273891843119, 's1': -0.5888273493895948, 's2': -0.5134111436350913, 's3': 1.4175836298340576, 't0': 55570.8738313273}","{'amplitude': 0.6423522631563053, 'color': 0.060774394206873306, 's1': 0.829284572263667, 's2': 0.8352085517671759, 's3': 1.2435928345337688, 't0': 1.0879605999435915}","[[ 1.18365827  0.309268   -0.02121872 -0.21528693 -0.06822769 -0.45656664]
 [ 0.309268    0.41261643 -0.03495651 -0.20651751  0.09528494 -0.51746024]
 [-0.02121872 -0.03495651  0.00369353  0.00362515 -0.02328804  0.02852704]
 [-0.21528693 -0.20651751  0.00362515  0.6877129   0.22298502  0.41956016]
 [-0.06822769  0.09528494 -0.02328804  0.22298502  0.69757332  0.02068639]
 [-0.45656664 -0.51746024  0.02852704  0.41956016  0.02068639  1.54652314]]"
psc120085,"{'amplitude': 103.006969617917, 'color': 0.059703742103796045, 's1': 1.3318033221951477, 's2': 0.2970146231768219, 's3': -0.713787846057691, 't0': 55571.902365098584}","{'amplitude': 0.32880433012405413, 'color': 0.03313540472791603, 's1': 0.48030597491310706, 's2': 0.871585123759524, 's3': 1.3629476389416788, 't0': 0.8921084080612701}","[[ 7.95857412e-01  1.73408084e-01 -8.95874717e-04 -3.33488974e-01
  -5.16856404e-01 -5.60302079e-01]
 [ 1.73408084e-01  1.08112288e-01 -6.59158755e-03 -9.55501435e-02
  -1.36542902e-01 -1.30756780e-01]
 [-8.95874717e-04 -6.59158755e-03  1.09795505e-03 -2.25543196e-03
  -5.01201552e-03 -3.28782335e-03]
 [-3.33488974e-01 -9.55501435e-02 -2.25543196e-03  2.30693830e-01
   2.54452322e-01  3.27394672e-01]
 [-5.16856404e-01 -1.36542902e-01 -5.01201552e-03  2.54452322e-01
   7.59660628e-01  8.29414173e-01]
 [-5.60302079e-01 -1.30756780e-01 -3.28782335e-03  3.27394672e-01
   8.29414173e-01  1.85762627e+00]]","{'amplitude': 103.4386445683346, 'color': 0.023034607115390345, 's1': 1.035606010039783, 's2': 0.2547855479369229, 's3': -1.0981491792273383, 't0': 55572.02918398281}","{'amplitude': 0.39581297438516183, 'color': 0.044873056194307016, 's1': 0.36391787246196905, 's2': 0.773199533146891, 's3': 1.0321514764795654, 't0': 0.437062099175548}","[[ 1.91023279e-01  4.61474210e-02 -2.19219143e-04 -6.02772764e-02
  -1.17981261e-01 -5.66108264e-03]
 [ 4.61474210e-02  1.56667911e-01 -1.45645092e-02 -6.94237128e-02
  -3.58551742e-02 -1.11471800e-01]
 [-2.19219143e-04 -1.45645092e-02  2.01359117e-03  1.86108196e-03
  -1.14264352e-02  4.11712102e-03]
 [-6.02772764e-02 -6.94237128e-02  1.86108196e-03  1.32436218e-01
   5.07464750e-02  2.11657582e-01]
 [-1.17981261e-01 -3.58551742e-02 -1.14264352e-02  5.07464750e-02
   5.97837518e-01  2.74088379e-01]
 [-5.66108264e-03 -1.11471800e-01  4.11712102e-03  2.11657582e-01
   2.74088379e-01  1.06533667e+00]]"
psc120086,"{'amplitude': 103.47855221251193, 'color': 0.11849266042257614, 's1': -0.44955944600416925, 's2': 1.4198515510084764, 's3': 1.172375762329774, 't0': 55562.63428071911}","{'amplitude': 0.603193471839821, 'color': 0.054808060379311234, 's1': 0.9682610657610451, 's2': 1.2463894909260669, 's3': 1.0827284387024363, 't0': 1.2342307018904244}","[[ 1.52332543  0.23801867 -0.01843424 -0.56178498  0.31772393 -0.37271629]
 [ 0.23801867  0.36384236 -0.02763174 -0.17515656 -0.2560112  -0.35448131]
 [-0.01843424 -0.02763174  0.00300392  0.01959421 -0.00783591  0.01182082]
 [-0.56178498 -0.17515656  0.01959421  0.93752949 -0.61229081  0.11560488]
 [ 0.31772393 -0.2560112  -0.00783591 -0.61229081  1.55348676  0.61286431]
 [-0.37271629 -0.35448131  0.01182082  0.11560488  0.61286431  1.17230087]]","{'amplitude': 103.69473295628443, 'color': 0.07361747710497896, 's1': -1.1114239447694165, 's2': 2.151987383903707, 's3': 0.26313156836269175, 't0': 55563.169576095905}","{'amplitude': 0.8370271672196483, 'color': 0.07943733042771847, 's1': 0.6265140732971094, 's2': 1.3772301528602577, 's3': 1.7387717008247, 't0': 0.976026730589184}","[[ 0.95262818 -0.26084274  0.01462087  0.00502711  0.48009161  0.1146601 ]
 [-0.26084274  0.70061448 -0.0602399   0.12052733 -0.8612286  -0.91265495]
 [ 0.01462087 -0.0602399   0.00631029 -0.00513689  0.04775288  0.08323004]
 [ 0.00502711  0.12052733 -0.00513689  0.39251988 -0.34174814 -0.22099074]
 [ 0.48009161 -0.8612286   0.04775288 -0.34174814  1.89676289  1.39278122]
 [ 0.1146601  -0.91265495  0.08323004 -0.22099074  1.39278122  3.02332703]]"
psc120143,"{'amplitude': 100.14076796509568, 'color': -0.09189130656931038, 's1': -0.015475544091040629, 's2': 0.7916708369873932, 's3': 1.5010036731925813, 't0': 55567.57588990135}","{'amplitude': 0.08111513377687755, 'color': 0.010635392940239536, 's1': 0.1264559319568163, 's2': 0.2212608078713681, 's3': 0.2840288290826491, 't0': 0.2577465242137484}","[[ 0.06643327 -0.0053305   0.00102916  0.01031147 -0.00528799 -0.02572616]
 [-0.0053305   0.00657966 -0.00080042  0.00177467 -0.01106739  0.01630242]
 [ 0.00102916 -0.00080042  0.00011311 -0.00025872  0.00090919 -0.00212334]
 [ 0.01031147  0.00177467 -0.00025872  0.0159911  -0.01186528  0.00936513]
 [-0.00528799 -0.01106739  0.00090919 -0.01186528  0.04895635 -0.04148382]
 [-0.02572616  0.01630242 -0.00212334  0.00936513 -0.04148382  0.08067238]]","{'amplitude': 100.05558618113731, 'color': -0.0823874953229478, 's1': -0.24472452183129745, 's2': 1.2476036730973132, 's3': 0.9004529828614002, 't0': 55567.8158577506}","{'amplitude': 0.08191157230997463, 'color': 0.010543472040068435, 's1': 0.18324780449604794, 's2': 0.20220423201125376, 's3': 0.31090059803400083, 't0': 0.2865505709593321}","[[ 0.08211123 -0.01183261  0.00181126 -0.00600072  0.02212728 -0.07169588]
 [-0.01183261  0.00670951 -0.0008045   0.00161359 -0.00759656  0.01129536]
 [ 0.00181126 -0.0008045   0.00011116 -0.00034417  0.00070851 -0.0019052 ]
 [-0.00600072  0.00161359 -0.00034417  0.03357976 -0.02474586  0.00537512]
 [ 0.02212728 -0.00759656  0.00070851 -0.02474586  0.04088655 -0.01630599]
 [-0.07169588  0.01129536 -0.0019052   0.00537512 -0.01630599  0.09665918]]"
psc120336,"{'amplitude': 99.84065453630994, 'color': 0.03792872807435787, 's1': 0.3127085747528896, 's2': 0.5544597279183265, 's3': -0.009509075521038348, 't0': 55585.98297141138}","{'amplitude': 0.07112707632981922, 'color': 0.010078279168174954, 's1': 0.0892187140773684, 's2': 0.15395834169271805, 's3': 0.20892351851131483, 't0': 0.11746978758417204}","[[ 0.01379915 -0.00079541  0.00049365 -0.00433007 -0.00677018 -0.00917438]
 [-0.00079541  0.00505906 -0.00059123 -0.00020098 -0.00335104  0.00216914]
 [ 0.00049365 -0.00059123  0.00010157 -0.00022369 -0.00031059 -0.00100352]
 [-0.00433007 -0.00020098 -0.00022369  0.00795998  0.00177364  0.00555916]
 [-0.00677018 -0.00335104 -0.00031059  0.00177364  0.02370317  0.01401097]
 [-0.00917438  0.00216914 -0.00100352  0.00555916  0.01401097  0.04364904]]","{'amplitude': 99.7697621928771, 'color': 0.03615233194289536, 's1': 0.3888974279232864, 's2': 0.7961757561453096, 's3': 0.4678872766554222, 't0': 55585.839604668094}","{'amplitude': 0.08511801710378507, 'color': 0.01382580700992677, 's1': 0.0986236289850017, 's2': 0.1692882305686248, 's3': 0.30534821536347917, 't0': 0.16862584599495173}","[[ 0.02843468 -0.00500729  0.00148735 -0.00981906 -0.01273779 -0.03054915]
 [-0.00500729  0.00724508 -0.00104563  0.00160959  0.0001358   0.00663172]
 [ 0.00148735 -0.00104563  0.00019115 -0.0006056  -0.00080635 -0.00203078]
 [-0.00981906  0.00160959 -0.0006056   0.00972662  0.00198983  0.01378741]
 [-0.01273779  0.0001358  -0.00080635  0.00198983  0.02865851  0.00878548]
 [-0.03054915  0.00663172 -0.00203078  0.01378741  0.00878548  0.09323753]]"
psc120369,"{'amplitude': 104.78354658806018, 'color': -0.13937708853273845, 's1': 0.04224771277155729, 's2': 0.0015474165457809478, 's3': -0.4645319876111591, 't0': 55585.0943134848}","{'amplitude': 0.18100900806029682, 'color': 0.024779811931029596, 's1': 0.23349253749930182, 's2': 0.3299653711541314, 's3': 0.663533995984999, 't0': 0.264530305444828}","[[ 0.06997628 -0.00570901  0.00109717 -0.01263441  0.01453467  0.0263483 ]
 [-0.00570901  0.03276426 -0.00411581  0.00734983 -0.00761703 -0.03882523]
 [ 0.00109717 -0.00411581  0.00061404 -0.00167495 -0.00059914  0.00663247]
 [-0.01263441  0.00734983 -0.00167495  0.05451877 -0.00511118  0.02715231]
 [ 0.01453467 -0.00761703 -0.00059914 -0.00511118  0.10887715  0.03019674]
 [ 0.0263483  -0.03882523  0.00663247  0.02715231  0.03019674  0.44027736]]","{'amplitude': 104.79646619211, 'color': -0.14371255906099467, 's1': -0.0242372141358037, 's2': 0.307821021384323, 's3': -0.19071189410824554, 't0': 55585.231827100324}","{'amplitude': 0.26036290810259227, 'color': 0.036058357453740975, 's1': 0.31468797609823157, 's2': 0.4680586185580893, 's3': 0.6539590157140217, 't0': 0.2994820626291706}","[[ 0.08968951 -0.01381584  0.00233465 -0.02958598  0.02240895  0.05371305]
 [-0.01381584  0.06778884 -0.00876838  0.00523069  0.0253122  -0.06563836]
 [ 0.00233465 -0.00876838  0.00130021 -0.00300611 -0.00740799  0.00628661]
 [-0.02958598  0.00523069 -0.00300611  0.09902852  0.00791756  0.03981638]
 [ 0.02240895  0.0253122  -0.00740799  0.00791756  0.21907887  0.07614665]
 [ 0.05371305 -0.06563836  0.00628661  0.03981638  0.07614665  0.42766239]]"
psc120400,"{'amplitude': 104.84461933172632, 'color': -0.1279195140469308, 's1': -0.02800223436187112, 's2': -0.11566621433493644, 's3': -1.0275553337348724, 't0': 55581.26201471716}","{'amplitude': 0.2082048577411746, 'color': 0.03139029972483216, 's1': 0.4286933893893291, 's2': 0.28418480881464137, 's3': 0.5484754271700116, 't0': 0.24680719297369905}","[[ 6.09137905e-02 -9.83480049e-04  3.41575244e-05  1.14162584e-02
  -1.15346038e-02 -1.49841411e-02]
 [-9.83480049e-04  4.33492628e-02 -5.98693318e-03  2.87189432e-02
  -9.33706552e-04 -1.91059634e-02]
 [ 3.41575244e-05 -5.98693318e-03  9.85350917e-04 -8.14559744e-03
   1.19642042e-03  6.25755511e-03]
 [ 1.14162584e-02  2.87189432e-02 -8.14559744e-03  1.83778022e-01
  -4.60272269e-02 -1.04352557e-01]
 [-1.15346038e-02 -9.33706552e-04  1.19642042e-03 -4.60272269e-02
   8.07610056e-02  1.03992451e-01]
 [-1.49841411e-02 -1.91059634e-02  6.25755511e-03 -1.04352557e-01
   1.03992451e-01  3.00825294e-01]]","{'amplitude': 104.56565626343293, 'color': -0.10809093081596877, 's1': 0.4058013061759532, 's2': -0.248099372750493, 's3': -1.1234496314466145, 't0': 55581.35482010852}","{'amplitude': 0.2590806464500188, 'color': 0.0322670403165587, 's1': 0.2210849060516087, 's2': 0.24003226609443595, 's3': 0.3988971061359808, 't0': 0.24459813190407073}","[[ 5.98282461e-02 -2.24197711e-03  5.02834365e-05  2.60520733e-03
  -4.02524603e-03 -1.20859655e-02]
 [-2.24197711e-03  6.71227814e-02 -7.84537544e-03 -8.31856666e-03
   1.16002049e-02 -1.57412491e-03]
 [ 5.02834365e-05 -7.84537544e-03  1.04116189e-03 -8.16817895e-04
  -4.04206153e-04  3.17095279e-03]
 [ 2.60520733e-03 -8.31856666e-03 -8.16817895e-04  4.88785357e-02
  -2.81976050e-02 -4.46232010e-02]
 [-4.02524603e-03  1.16002049e-02 -4.04206153e-04 -2.81976050e-02
   5.76154888e-02  5.71780697e-02]
 [-1.20859655e-02 -1.57412491e-03  3.17095279e-03 -4.46232010e-02
   5.71780697e-02  1.59118901e-01]]"
psc120444,"{'amplitude': 104.3529447227012, 'color': -0.2080637007796954, 's1': -0.4065066837070711, 's2': 0.5169617834824884, 's3': -0.842150607809906, 't0': 55577.33468921669}","{'amplitude': 0.5209439031083334, 'color': 0.07876672262146028, 's1': 0.5867055085135344, 's2': 0.6320300366389768, 's3': 0.9236922267482426, 't0': 0.6149916459264404}","[[ 3.78214725e-01 -7.69143069e-02  9.11693313e-03 -4.49121167e-02
   8.41993414e-02 -2.11206907e-01]
 [-7.69143069e-02  2.71382550e-01 -3.94812093e-02  1.57449205e-01
  -7.38672503e-02  5.81188296e-02]
 [ 9.11693313e-03 -3.94812093e-02  6.20419659e-03 -2.67076053e-02
   4.17566285e-03 -4.73142995e-04]
 [-4.49121167e-02  1.57449205e-01 -2.67076053e-02  3.44223354e-01
  -1.63182373e-01 -1.03820004e-02]
 [ 8.41993414e-02 -7.38672503e-02  4.17566285e-03 -1.63182373e-01
   3.99461967e-01 -2.99484717e-02]
 [-2.11206907e-01  5.81188296e-02 -4.73142995e-04 -1.03820004e-02
  -2.99484717e-02  8.53207330e-01]]","{'amplitude': 104.14962677954247, 'color': -0.18186202760012468, 's1': -0.8340075692299627, 's2': 1.3278018447020508, 's3': 0.26932208982929434, 't0': 55578.28157078919}","{'amplitude': 0.683975276870883, 'color': 0.08291239367845829, 's1': 0.876388135723173, 's2': 1.200894710207525, 's3': 1.4092579116049921, 't0': 1.053348404165973}","[[ 1.10954286e+00 -3.02758813e-01  3.05983113e-02 -1.35473306e-01
   4.59433853e-01 -1.20529025e-01]
 [-3.02758813e-01  4.67822179e-01 -5.06353548e-02  2.15321619e-01
  -4.44996867e-01 -1.64788323e-01]
 [ 3.05983113e-02 -5.06353548e-02  6.87446503e-03 -2.97265972e-02
   1.84498097e-02  2.76117370e-04]
 [-1.35473306e-01  2.15321619e-01 -2.97265972e-02  7.68056164e-01
  -3.72882455e-01  2.84223016e-01]
 [ 4.59433853e-01 -4.44996867e-01  1.84498097e-02 -3.72882455e-01
   1.44214811e+00  5.21116783e-01]
 [-1.20529025e-01 -1.64788323e-01  2.76117370e-04  2.84223016e-01
   5.21116783e-01  1.98600786e+00]]"
psc120585,"{'amplitude': 102.79528128457598, 'color': -0.18518774166646385, 's1': -0.4706967481812319, 's2': 0.5837327934498958, 's3': 0.17933298128108918, 't0': 55584.38077504031}","{'amplitude': 0.11613022802750482, 'color': 0.014739891683495047, 's1': 0.19450282653229684, 's2': 0.30793062469887433, 's3': 0.39942795971675576, 't0': 0.37877458152753746}","[[ 1.43470184e-01 -8.11180261e-05  1.54734907e-03  1.74406965e-02
  -5.78256409e-03 -3.51415773e-02]
 [-8.11180261e-05  1.34862299e-02 -1.43102569e-03 -3.81624650e-03
  -4.33952176e-03 -1.52175866e-02]
 [ 1.54734907e-03 -1.43102569e-03  2.17264407e-04  4.39712001e-04
  -1.28983730e-03  4.67086992e-04]
 [ 1.74406965e-02 -3.81624650e-03  4.39712001e-04  3.78313495e-02
  -2.05061287e-02  2.07877308e-02]
 [-5.78256409e-03 -4.33952176e-03 -1.28983730e-03 -2.05061287e-02
   9.48212696e-02  2.03052565e-02]
 [-3.51415773e-02 -1.52175866e-02  4.67086992e-04  2.07877308e-02
   2.03052565e-02  1.59542695e-01]]","{'amplitude': 102.89565417991172, 'color': -0.19832469100564482, 's1': -0.5550497733971912, 's2': 0.7499991551359141, 's3': 0.04593014436324194, 't0': 55584.42108544614}","{'amplitude': 0.1307263706210898, 'color': 0.016921373501708786, 's1': 0.2610506322832196, 's2': 0.3883963463222835, 's3': 0.44450495420229597, 't0': 0.5119092172460971}","[[ 0.26205105 -0.00057706  0.00255667  0.05426673 -0.02121063 -0.07638315]
 [-0.00057706  0.01708938 -0.00181481 -0.00566265 -0.00444152 -0.02091104]
 [ 0.00255667 -0.00181481  0.00028633  0.00116653 -0.0024726   0.00057066]
 [ 0.05426673 -0.00566265  0.00116653  0.06814743 -0.04187115  0.02415208]
 [-0.02121063 -0.00444152 -0.0024726  -0.04187115  0.15085172  0.03224678]
 [-0.07638315 -0.02091104  0.00057066  0.02415208  0.03224678  0.19758465]]"
psc120706,"{'amplitude': 102.79876013473414, 'color': 0.014118308085168885, 's1': -0.3013134955978448, 's2': 1.2910669967596287, 's3': 0.5930790127852223, 't0': 55593.98085068454}","{'amplitude': 0.6529467844369041, 'color': 0.03630400139247798, 's1': 0.8794854211212778, 's2': 1.346738055154798, 's3': 1.6351581827229065, 't0': 1.4012409412114595}","[[ 1.96347618e+00 -2.27043607e-01  6.42275454e-03 -3.81370422e-01
   6.41870841e-01 -4.78600121e-01]
 [-2.27043607e-01  4.26339503e-01 -1.92744241e-02 -3.61250305e-01
  -7.65764517e-01 -7.08186440e-01]
 [ 6.42275454e-03 -1.92744241e-02  1.31798052e-03  1.71752746e-02
   2.36909785e-02  3.10607054e-02]
 [-3.81370422e-01 -3.61250305e-01  1.71752746e-02  7.73494606e-01
   5.11425825e-01  8.84092460e-01]
 [ 6.41870841e-01 -7.65764517e-01  2.36909785e-02  5.11425825e-01
   1.81370339e+00  1.38620963e+00]
 [-4.78600121e-01 -7.08186440e-01  3.10607054e-02  8.84092460e-01
   1.38620963e+00  2.67374228e+00]]","{'amplitude': 102.84867201997984, 'color': 0.0027228555990306217, 's1': -0.23716811711075012, 's2': 1.444150239507507, 's3': 0.4161765000484337, 't0': 55593.71055749176}","{'amplitude': 0.6741989035148777, 'color': 0.04938977866714983, 's1': 0.9637153249355891, 's2': 1.3174296202967806, 's3': 1.753685667390405, 't0': 1.4668055290530297}","[[ 2.15151846e+00 -9.07619787e-02 -9.15148587e-03 -5.73191796e-01
   9.07326591e-01 -3.06517180e-01]
 [-9.07619787e-02  4.54544162e-01 -2.76865064e-02 -4.32493374e-01
  -6.65143501e-01 -8.34183341e-01]
 [-9.15148587e-03 -2.76865064e-02  2.43935024e-03  2.87809731e-02
   2.17276313e-02  5.65485546e-02]
 [-5.73191796e-01 -4.32493374e-01  2.87809731e-02  9.28747228e-01
   3.95416803e-01  1.07443550e+00]
 [ 9.07326591e-01 -6.65143501e-01  2.17276313e-02  3.95416803e-01
   1.73562080e+00  1.30114133e+00]
 [-3.06517180e-01 -8.34183341e-01  5.65485546e-02  1.07443550e+00
   1.30114133e+00  3.07541342e+00]]"
psc130283,"{'amplitude': 95.69908323583522, 'color': 0.0761008445429743, 's1': 1.6259102470091926, 's2': 0.8024911238100317, 's3': -0.7927522463706951, 't0': 55602.85905783801}","{'amplitude': 0.32105630787702444, 'color': 0.032740904475487255, 's1': 0.13884549792755121, 's2': 0.497410273381209, 's3': 0.4935066614344668, 't0': 0.33276908302630015}","[[ 0.11073526  0.04180348 -0.00307284 -0.03172905 -0.05935828 -0.00684444]
 [ 0.04180348  0.10307715 -0.00968944 -0.01768305 -0.0851888   0.07120359]
 [-0.00307284 -0.00968944  0.00107197  0.00091268  0.00544974 -0.00606449]
 [-0.03172905 -0.01768305  0.00091268  0.01927807  0.00633186  0.00737522]
 [-0.05935828 -0.0851888   0.00544974  0.00633186  0.24741698 -0.1367237 ]
 [-0.00684444  0.07120359 -0.00606449  0.00737522 -0.1367237   0.24354882]]","{'amplitude': 95.79892231552145, 'color': 0.07178661393354356, 's1': 1.5557755275323841, 's2': 0.6028657156218935, 's3': -0.31308651920508634, 't0': 55602.97905695543}","{'amplitude': 0.5501224863452184, 'color': 0.05030028217020078, 's1': 0.2508615855023927, 's2': 0.630417154970022, 's3': 0.48703060330694387, 't0': 0.5002324565020099}","[[ 0.25023251  0.21683868 -0.01835227 -0.1039414  -0.21368562 -0.09111835]
 [ 0.21683868  0.30263475 -0.02656521 -0.11481495 -0.24305272 -0.09151569]
 [-0.01835227 -0.02656521  0.00253012  0.00880125  0.01867404  0.007511  ]
 [-0.1039414  -0.11481495  0.00880125  0.06293154  0.08968285  0.04988376]
 [-0.21368562 -0.24305272  0.01867404  0.08968285  0.39742579  0.0270582 ]
 [-0.09111835 -0.09151569  0.007511    0.04988376  0.0270582   0.23719881]]"
psc130308,"{'amplitude': 96.06481216096459, 'color': 0.10779769620739216, 's1': 0.6431798047107776, 's2': 0.7235104009061883, 's3': -0.05904532691810881, 't0': 55596.159426272956}","{'amplitude': 0.06933631890711679, 'color': 0.009585616422801714, 's1': 0.04184110910394834, 's2': 0.08217587066743874, 's3': 0.10497941232178574, 't0': 0.19959960240443983}","[[ 3.98400013e-02 -1.31792534e-03  5.22294705e-04  2.50222932e-03
   1.33756177e-04 -6.50539215e-03]
 [-1.31792534e-03  4.80752512e-03 -5.85537820e-04 -7.78936023e-05
  -2.35973205e-03  7.94700579e-04]
 [ 5.22294705e-04 -5.85537820e-04  9.18840422e-05 -8.06038354e-05
   5.68490915e-05 -1.77899718e-04]
 [ 2.50222932e-03 -7.78936023e-05 -8.06038354e-05  1.75067841e-03
   1.06523820e-03  5.87681569e-04]
 [ 1.33756177e-04 -2.35973205e-03  5.68490915e-05  1.06523820e-03
   6.75287372e-03 -2.16060772e-03]
 [-6.50539215e-03  7.94700579e-04 -1.77899718e-04  5.87681569e-04
  -2.16060772e-03  1.10206770e-02]]","{'amplitude': 96.09140444035725, 'color': 0.11203003152514678, 's1': 0.5323899155651272, 's2': 0.6313636308511635, 's3': -0.22318333098391432, 't0': 55596.168856163764}","{'amplitude': 0.08068336128985659, 'color': 0.010487043614824162, 's1': 0.0549025603520642, 's2': 0.12043792313911476, 's3': 0.17015426222750923, 't0': 0.22413922977569295}","[[ 5.02383943e-02 -3.94022408e-03  7.31071859e-04  5.75524119e-03
   5.51325498e-03 -5.35949840e-03]
 [-3.94022408e-03  6.50980479e-03 -7.54754374e-04 -1.06776892e-03
  -3.99996560e-03 -1.24585086e-03]
 [ 7.31071859e-04 -7.54754374e-04  1.09978084e-04  1.76053043e-05
   6.38266724e-05 -6.09085368e-05]
 [ 5.75524119e-03 -1.06776892e-03  1.76053043e-05  3.01429113e-03
   3.49504590e-03  2.30161501e-03]
 [ 5.51325498e-03 -3.99996560e-03  6.38266724e-05  3.49504590e-03
   1.45052933e-02  3.58084428e-03]
 [-5.35949840e-03 -1.24585086e-03 -6.09085368e-05  2.30161501e-03
   3.58084428e-03  2.89524730e-02]]"
psc130514,"{'amplitude': 95.08497818456097, 'color': -0.08796958384931193, 's1': -0.6559219788868804, 's2': -1.2130942025619649, 's3': -0.34469075225429413, 't0': 56222.84477558846}","{'amplitude': 2.4983777863044123, 'color': 0.07149672863687, 's1': 0.6242540785409039, 's2': 2.138378396471632, 's3': 1.834038473816694, 't0': 613.0027262110016}","[[ 3.75772342e+05 -1.47319043e+03  8.75586854e+00  2.45147450e+02
  -1.09002479e+03 -9.99325280e+02]
 [-1.47319043e+03  6.24189156e+00 -6.54682546e-02 -1.05429695e+00
   3.90267495e+00  4.04554766e+00]
 [ 8.75586854e+00 -6.54682546e-02  5.11178221e-03  2.37312990e-03
  -1.70069844e-02 -1.92896878e-02]
 [ 2.45147450e+02 -1.05429695e+00  2.37312990e-03  3.89693155e-01
  -2.32959448e-01 -7.99679905e-01]
 [-1.09002479e+03  3.90267495e+00 -1.70069844e-02 -2.32959448e-01
   4.57266217e+00  2.33552436e+00]
 [-9.99325280e+02  4.04554766e+00 -1.92896878e-02 -7.99679905e-01
   2.33552436e+00  3.36369712e+00]]","{'amplitude': 97.47994827432152, 'color': -0.09442141757898807, 's1': -1.7703443539855679, 's2': 1.0347520155363228, 's3': -0.28210129340757767, 't0': 55613.26059657228}","{'amplitude': 0.08857205598442729, 'color': 0.010950565814234193, 's1': 0.13002456415729868, 's2': 0.16484203512444764, 's3': 0.15127944483222072, 't0': 0.192184632577755}","[[ 0.03693493 -0.01080338  0.00090362 -0.02315615  0.02804234 -0.02232838]
 [-0.01080338  0.00784501 -0.00090836  0.00774802 -0.00910888  0.00660437]
 [ 0.00090362 -0.00090836  0.00011991 -0.00072774  0.0006738  -0.00054501]
 [-0.02315615  0.00774802 -0.00072774  0.01690639 -0.01774747  0.0137073 ]
 [ 0.02804234 -0.00910888  0.0006738  -0.01774747  0.0271729  -0.02014962]
 [-0.02232838  0.00660437 -0.00054501  0.0137073  -0.02014962  0.02288547]]"
psc130755,"{'amplitude': 103.6194576756485, 'color': -0.134051560546562, 's1': -0.22534467044746576, 's2': 0.8185486317935649, 's3': 0.3783763512992065, 't0': 55596.28830832854}","{'amplitude': 0.34103897364628183, 'color': 0.03191173751820905, 's1': 0.5884899524420328, 's2': 0.9035765211542671, 's3': 1.0128319622276205, 't0': 1.2319341237787864}","[[ 1.51766169e+00  4.82390163e-03  1.12251741e-02 -2.79909552e-01
   9.02235227e-02 -7.40270351e-01]
 [ 4.82390163e-03  1.16307582e-01 -8.58988734e-03 -6.93835148e-02
  -9.10888781e-02 -1.62474523e-01]
 [ 1.12251741e-02 -8.58988734e-03  1.01835899e-03  6.28628995e-03
  -4.47174101e-03  1.00428294e-02]
 [-2.79909552e-01 -6.93835148e-02  6.28628995e-03  3.46320424e-01
  -3.01674442e-01  3.18163072e-01]
 [ 9.02235227e-02 -9.10888781e-02 -4.47174101e-03 -3.01674442e-01
   8.16450530e-01 -1.01912045e-01]
 [-7.40270351e-01 -1.62474523e-01  1.00428294e-02  3.18163072e-01
  -1.01912045e-01  1.02582858e+00]]","{'amplitude': 103.80268975272575, 'color': -0.163922681798902, 's1': -0.6929660967047154, 's2': 1.3368308308584587, 's3': 0.32805480467329173, 't0': 55595.976949338576}","{'amplitude': 0.35885610896822157, 'color': 0.042752071363458426, 's1': 0.5087863855363082, 's2': 0.9616139171603755, 's3': 0.8619828277920125, 't0': 1.0452413567590602}","[[ 1.09252949 -0.19643836  0.02865827  0.14548102 -0.08734685 -0.18327192]
 [-0.19643836  0.12877771 -0.01301446 -0.04469922 -0.07975543 -0.09788443]
 [ 0.02865827 -0.01301446  0.00182774  0.01076886 -0.00979828  0.01148617]
 [ 0.14548102 -0.04469922  0.01076886  0.25886359 -0.33200659  0.0406728 ]
 [-0.08734685 -0.07975543 -0.00979828 -0.33200659  0.92470133 -0.02723696]
 [-0.18327192 -0.09788443  0.01148617  0.0406728  -0.02723696  0.7430144 ]]"
psc130862,"{'amplitude': 104.67190190028867, 'color': -0.13668660256221518, 's1': -0.4692177215264578, 's2': 0.4550745256098742, 's3': 0.25568862229433553, 't0': 55607.81927958083}","{'amplitude': 0.25985006575756225, 'color': 0.027788234891746075, 's1': 0.37460899660785796, 's2': 0.7180407381219135, 's3': 1.0580284085495593, 't0': 0.39988257845105707}","[[ 1.59906077e-01  3.70440881e-02 -2.71337468e-03 -4.87267552e-02
  -8.48156265e-02 -3.38188439e-02]
 [ 3.70440881e-02  6.75220567e-02 -5.64312714e-03 -4.46538138e-02
  -5.46778272e-02 -3.75862406e-02]
 [-2.71337468e-03 -5.64312714e-03  7.72185998e-04  3.58910329e-03
  -4.57066732e-03  2.61261054e-03]
 [-4.87267552e-02 -4.46538138e-02  3.58910329e-03  1.40331900e-01
  -1.97455281e-02  8.49735403e-02]
 [-8.48156265e-02 -5.46778272e-02 -4.57066732e-03 -1.97455281e-02
   5.15582502e-01  1.48553229e-01]
 [-3.38188439e-02 -3.75862406e-02  2.61261054e-03  8.49735403e-02
   1.48553229e-01  1.11942411e+00]]","{'amplitude': 104.95200124274862, 'color': -0.17249367487774853, 's1': -0.7876323684545983, 's2': 0.8282111314752965, 's3': 0.8895393421653803, 't0': 55607.90130832994}","{'amplitude': 0.3593649010135964, 'color': 0.038415296709223966, 's1': 0.5672834372902263, 's2': 0.7429624909101074, 's3': 0.9679186059576302, 't0': 0.5392459445111712}","[[ 2.90786189e-01  7.74435762e-02 -5.56842588e-03 -1.45033311e-01
  -6.54013624e-02 -1.81372753e-01]
 [ 7.74435762e-02  1.29143132e-01 -1.15609611e-02 -1.22367245e-01
  -3.31726313e-02 -1.08227410e-01]
 [-5.56842588e-03 -1.15609611e-02  1.47573502e-03  1.21710923e-02
  -1.04323259e-02  2.99211303e-04]
 [-1.45033311e-01 -1.22367245e-01  1.21710923e-02  3.21810498e-01
  -8.35792238e-02  1.34903930e-01]
 [-6.54013624e-02 -3.31726313e-02 -1.04323259e-02 -8.35792238e-02
   5.51993263e-01  2.01778342e-01]
 [-1.81372753e-01 -1.08227410e-01  2.99211303e-04  1.34903930e-01
   2.01778342e-01  9.36866428e-01]]"
psc140152,"{'amplitude': 101.10048310608444, 'color': -0.1453534602601159, 's1': -1.263510590884171, 's2': 0.8449284171360759, 's3': 0.1597248097431853, 't0': 55639.89148536674}","{'amplitude': 0.08233787095328782, 'color': 0.00985071155328736, 's1': 0.1497072046437621, 's2': 0.19688903489337248, 's3': 0.6810907973845323, 't0': 0.1631846212827324}","[[ 2.66292206e-02 -3.47692923e-03  4.61711740e-04 -3.28999044e-03
   5.92765364e-03 -7.73298050e-02]
 [-3.47692923e-03  6.77952499e-03 -7.49872446e-04  5.63451312e-04
  -1.23593512e-03  2.55703786e-02]
 [ 4.61711740e-04 -7.49872446e-04  9.70365181e-05 -1.97306758e-05
  -2.28303000e-04 -4.02881592e-03]
 [-3.28999044e-03  5.63451312e-04 -1.97306758e-05  2.24122471e-02
  -1.97207053e-02 -6.04535279e-03]
 [ 5.92765364e-03 -1.23593512e-03 -2.28303000e-04 -1.97207053e-02
   3.87652921e-02  2.40064383e-02]
 [-7.73298050e-02  2.55703786e-02 -4.02881592e-03 -6.04535279e-03
   2.40064383e-02  4.63884674e-01]]","{'amplitude': 101.0850755896742, 'color': -0.15055742054009294, 's1': -1.3476124987687335, 's2': 0.944937440242794, 's3': 0.7236037080133569, 't0': 55639.86658386575}","{'amplitude': 0.12144843697289802, 'color': 0.010701702582373093, 's1': 0.4955043554809438, 's2': 0.5350115217029227, 's3': 0.6159359689466508, 't0': 0.2811713649762796}","[[ 7.90573365e-02 -1.65868346e-02  1.12960812e-03 -1.12998014e-01
   1.18889224e-01 -1.48228836e-01]
 [-1.65868346e-02  1.47497228e-02 -1.12497018e-03  4.33754413e-02
  -4.94136719e-02  3.46153270e-02]
 [ 1.12960812e-03 -1.12497018e-03  1.14526438e-04 -3.18348493e-03
   3.44478777e-03 -3.16137603e-03]
 [-1.12998014e-01  4.33754413e-02 -3.18348493e-03  2.45524566e-01
  -2.51690727e-01  2.64846333e-01]
 [ 1.18889224e-01 -4.94136719e-02  3.44478777e-03 -2.51690727e-01
   2.86237328e-01 -2.82023268e-01]
 [-1.48228836e-01  3.46153270e-02 -3.16137603e-03  2.64846333e-01
  -2.82023268e-01  3.79377118e-01]]"
psc140181,"{'amplitude': 96.98689539726038, 'color': 0.01629255671677688, 's1': -0.6757708667780211, 's2': 0.8160102159168455, 's3': 1.5067383339741938, 't0': 55642.85901211331}","{'amplitude': 0.05094153301867783, 'color': 0.006294606796492748, 's1': 0.12945957604911124, 's2': 0.11000822968243096, 's3': 0.37046968787987244, 't0': 0.08679814815596958}","[[ 7.53391852e-03  3.11669719e-04  1.06709820e-04 -4.73323388e-03
  -2.13075351e-03 -1.38718905e-02]
 [ 3.11669719e-04  2.59503979e-03 -2.12681970e-04 -2.14103874e-03
  -3.45712617e-03 -1.02171468e-02]
 [ 1.06709820e-04 -2.12681970e-04  3.96220747e-05 -3.14415366e-04
  -6.48632112e-05 -4.09707584e-04]
 [-4.73323388e-03 -2.14103874e-03 -3.14415366e-04  1.67597818e-02
   9.71483798e-03  3.91013435e-02]
 [-2.13075351e-03 -3.45712617e-03 -6.48632112e-05  9.71483798e-03
   1.21018106e-02  3.26796589e-02]
 [-1.38718905e-02 -1.02171468e-02 -4.09707584e-04  3.91013435e-02
   3.26796589e-02  1.37247790e-01]]","{'amplitude': 96.95950645807636, 'color': 0.017778011699240655, 's1': -0.6318021187011811, 's2': 0.8536178805389112, 's3': 1.6278092433182336, 't0': 55642.85875006847}","{'amplitude': 0.050471248690789616, 'color': 0.006560565142972648, 's1': 0.09523634294817415, 's2': 0.056421420122144544, 's3': 0.07953475124100767, 't0': 0.06751976522058138}","[[ 4.55891870e-03 -1.00388829e-03  1.44820003e-04 -3.36839289e-03
   5.06745327e-04  1.20567958e-03]
 [-1.00388829e-03  2.54734694e-03 -3.15613970e-04  2.31965670e-03
  -1.52980892e-03 -7.63378130e-04]
 [ 1.44820003e-04 -3.15613970e-04  4.30410150e-05 -3.54566517e-04
   1.39288807e-04  1.05801026e-04]
 [-3.36839289e-03  2.31965670e-03 -3.54566517e-04  9.06996102e-03
  -1.24185366e-03 -1.58663694e-03]
 [ 5.06745327e-04 -1.52980892e-03  1.39288807e-04 -1.24185366e-03
   3.18337665e-03 -7.57344141e-05]
 [ 1.20567958e-03 -7.63378130e-04  1.05801026e-04 -1.58663694e-03
  -7.57344141e-05  6.32577665e-03]]"
psc150254,"{'amplitude': 102.3328360750861, 'color': 0.06806609038524807, 's1': -0.1564427424659238, 's2': 0.8207502873373731, 's3': -0.17847633752699804, 't0': 55678.752836857595}","{'amplitude': 0.15346782870623438, 'color': 0.01707737290809053, 's1': 0.21088750423569783, 's2': 0.3259218930523426, 's3': 0.378468702578632, 't0': 0.2019797231788929}","[[ 0.04079581 -0.0062665   0.00045195  0.00227587  0.00306766 -0.00974001]
 [-0.0062665   0.02355237 -0.00222853 -0.00799257 -0.02028598 -0.01195885]
 [ 0.00045195 -0.00222853  0.00029164  0.00049914 -0.00017227  0.00234764]
 [ 0.00227587 -0.00799257  0.00049914  0.04447354 -0.01229479  0.01193343]
 [ 0.00306766 -0.02028598 -0.00017227 -0.01229479  0.10622508 -0.01407581]
 [-0.00974001 -0.01195885  0.00234764  0.01193343 -0.01407581  0.14323856]]","{'amplitude': 102.36441707268015, 'color': 0.06117299982361588, 's1': -0.19247635736261773, 's2': 0.8975839416037398, 's3': -0.353334606097604, 't0': 55678.728712921846}","{'amplitude': 0.17458135488173512, 'color': 0.02021223540530889, 's1': 0.21897862227317744, 's2': 0.363194266733801, 's3': 0.5266150506413683, 't0': 0.20773156110298818}","[[ 4.31524015e-02 -5.06915472e-03  4.62141968e-04  5.16322445e-04
  -6.24660230e-04 -4.52596835e-03]
 [-5.06915472e-03  3.04786495e-02 -2.98629838e-03 -9.32261677e-03
  -2.44727776e-02 -1.35247813e-02]
 [ 4.62141968e-04 -2.98629838e-03  4.08534460e-04  7.14754309e-04
  -1.33577841e-04  4.62449052e-03]
 [ 5.16322445e-04 -9.32261677e-03  7.14754309e-04  4.79516370e-02
  -1.52362255e-02  1.20143286e-03]
 [-6.24660230e-04 -2.44727776e-02 -1.33577841e-04 -1.52362255e-02
   1.31910075e-01 -8.03186277e-03]
 [-4.52596835e-03 -1.35247813e-02  4.62449052e-03  1.20143286e-03
  -8.03186277e-03  2.77323412e-01]]"
psc150457,"{'amplitude': 103.72389034096186, 'color': -0.1280887622659574, 's1': -0.4478669240389468, 's2': -0.0703162211694723, 's3': 0.4999647284804245, 't0': 55686.830077817845}","{'amplitude': 0.18777986284481302, 'color': 0.023167749463530573, 's1': 0.2257978362727854, 's2': 0.32378765844757484, 's3': 0.7583991530769835, 't0': 0.23436778678305129}","[[ 5.49282595e-02 -2.95643014e-03  3.68709630e-04 -3.00826615e-02
  -1.18041047e-02 -5.45048701e-03]
 [-2.95643014e-03  3.52612769e-02 -4.13429814e-03 -7.05667727e-03
   9.23216637e-03 -6.59752659e-02]
 [ 3.68709630e-04 -4.13429814e-03  5.36744615e-04  2.36399029e-04
  -2.63414720e-03  8.77744159e-03]
 [-3.00826615e-02 -7.05667727e-03  2.36399029e-04  5.09846629e-02
   4.37112201e-03  3.77749696e-02]
 [-1.18041047e-02  9.23216637e-03 -2.63414720e-03  4.37112201e-03
   1.04838448e-01 -8.41908978e-02]
 [-5.45048701e-03 -6.59752659e-02  8.77744159e-03  3.77749696e-02
  -8.41908978e-02  5.75169275e-01]]","{'amplitude': 103.72135973757025, 'color': -0.13313139927571108, 's1': -0.5391744288662305, 's2': 0.11978379605665698, 's3': -0.08998874140207934, 't0': 55686.837617128636}","{'amplitude': 0.2429058207742962, 'color': 0.027871430876165948, 's1': 0.37286121349443757, 's2': 0.5790904023446269, 's3': 1.1278188043393678, 't0': 0.3520201611139388}","[[ 1.23918194e-01  2.00020507e-03 -1.46981205e-03 -9.89672770e-02
   7.05852732e-02 -1.51613996e-01]
 [ 2.00020507e-03  5.90032378e-02 -6.05879282e-03 -2.39141834e-02
  -6.49592383e-03 -8.60658212e-02]
 [-1.46981205e-03 -6.05879282e-03  7.76816659e-04  3.83607961e-03
  -5.13382794e-03  1.67456980e-02]
 [-9.89672770e-02 -2.39141834e-02  3.83607961e-03  1.39025485e-01
  -1.03302102e-01  2.53996169e-01]
 [ 7.05852732e-02 -6.49592383e-03 -5.13382794e-03 -1.03302102e-01
   3.35345694e-01 -3.46012933e-01]
 [-1.51613996e-01 -8.60658212e-02  1.67456980e-02  2.53996169e-01
  -3.46012933e-01  1.27197526e+00]]"
psc150509,"{'amplitude': 103.95429368059442, 'color': -0.2169906984502263, 's1': -0.5403816352374056, 's2': 0.5775168128127505, 's3': 0.13204683615795268, 't0': 55681.75540368831}","{'amplitude': 0.18747292347965083, 'color': 0.02047580721741801, 's1': 0.3398954471879438, 's2': 0.5449492181451632, 's3': 0.6584244399356507, 't0': 0.442521166123771}","[[ 1.95824982e-01 -1.26055519e-02  3.31184157e-04  5.84615347e-02
  -4.93874069e-02 -5.48481243e-02]
 [-1.26055519e-02  3.51460970e-02 -3.35485199e-03 -1.39679594e-02
  -2.67431805e-02 -4.11338123e-02]
 [ 3.31184157e-04 -3.35485199e-03  4.19258681e-04  2.15915948e-03
  -1.21761092e-03  1.33281924e-03]
 [ 5.84615347e-02 -1.39679594e-02  2.15915948e-03  1.15528915e-01
  -1.06453764e-01 -6.66248361e-02]
 [-4.93874069e-02 -2.67431805e-02 -1.21761092e-03 -1.06453764e-01
   2.96969650e-01  2.06537619e-01]
 [-5.48481243e-02 -4.11338123e-02  1.33281924e-03 -6.66248361e-02
   2.06537619e-01  4.33522743e-01]]","{'amplitude': 104.01640681216149, 'color': -0.22532000260749352, 's1': -0.665093741739913, 's2': 0.7503615979349646, 's3': 0.1662839752426844, 't0': 55681.81420586945}","{'amplitude': 0.2666606737785403, 'color': 0.025679229539871624, 's1': 0.4125058733385383, 's2': 0.624863193430612, 's3': 0.6661752937166782, 't0': 0.5391345726970114}","[[ 2.90666087e-01 -6.38916725e-02  3.32500726e-03  4.85891275e-02
   6.91057764e-02  7.76784603e-02]
 [-6.38916725e-02  7.11079149e-02 -6.15392504e-03 -3.25979059e-02
  -5.20633829e-02 -8.87544085e-02]
 [ 3.32500726e-03 -6.15392504e-03  6.59422830e-04  4.39943978e-03
  -2.90990022e-04  4.79688639e-03]
 [ 4.85891275e-02 -3.25979059e-02  4.39943978e-03  1.70161096e-01
  -1.55460229e-01  2.62860785e-02]
 [ 6.91057764e-02 -5.20633829e-02 -2.90990022e-04 -1.55460229e-01
   3.90454011e-01  1.57528741e-01]
 [ 7.76784603e-02 -8.87544085e-02  4.79688639e-03  2.62860785e-02
   1.57528741e-01  4.43789522e-01]]"
psc150573,"{'amplitude': 104.9191129606273, 'color': -0.29258248871367787, 's1': -0.7654316023186514, 's2': 0.9250335588457147, 's3': -0.10219664350880228, 't0': 55689.17133396785}","{'amplitude': 0.33024450292740726, 'color': 0.03747226079498295, 's1': 0.5484802947595621, 's2': 1.0917252184808162, 's3': 0.81052400817087, 't0': 0.3161862424431958}","[[ 9.99737399e-02  1.97776063e-02 -1.33332844e-03 -4.34752498e-02
   6.36902982e-03 -7.37852588e-02]
 [ 1.97776063e-02  1.09061432e-01 -1.05171439e-02  1.01995008e-02
  -5.57420879e-02  2.05440605e-02]
 [-1.33332844e-03 -1.05171439e-02  1.40417033e-03  3.14084952e-03
  -9.64194950e-03 -4.29084717e-04]
 [-4.34752498e-02  1.01995008e-02  3.14084952e-03  3.00830634e-01
  -4.75949946e-01  9.80812614e-02]
 [ 6.36902982e-03 -5.57420879e-02 -9.64194950e-03 -4.75949946e-01
   1.19186395e+00 -2.78995101e-01]
 [-7.37852588e-02  2.05440605e-02 -4.29084717e-04  9.80812614e-02
  -2.78995101e-01  6.56949168e-01]]","{'amplitude': 104.72307072629486, 'color': -0.2777911089054523, 's1': -0.4121435090241468, 's2': 0.5358658608487493, 's3': -0.41865522162956986, 't0': 55689.07208635103}","{'amplitude': 0.4595439025416711, 'color': 0.050208140974961894, 's1': 0.7880207314093409, 's2': 0.9832932236750249, 's3': 1.1377000494647445, 't0': 0.4123023934638991}","[[ 0.16999326  0.07883369 -0.00667254 -0.24350055  0.21897731 -0.21174695]
 [ 0.07883369  0.2111806  -0.02070176 -0.13057653  0.08012614 -0.14003955]
 [-0.00667254 -0.02070176  0.00252086  0.00821376 -0.01239633  0.02111835]
 [-0.24350055 -0.13057653  0.00821376  0.62097667 -0.62235614  0.31447483]
 [ 0.21897731  0.08012614 -0.01239633 -0.62235614  0.96686556 -0.47819277]
 [-0.21174695 -0.14003955  0.02111835  0.31447483 -0.47819277  1.2943614 ]]"
psc151034,"{'amplitude': 98.71329439417315, 'color': -0.1248697965096954, 's1': -0.7501147329257718, 's2': 1.0478083721657523, 's3': 0.7708736908979075, 't0': 55687.01481124157}","{'amplitude': 0.0995280301256087, 'color': 0.011780376269842114, 's1': 0.16340120790619017, 's2': 0.17004309897441114, 's3': 0.36724470890940536, 't0': 0.056500834248554024}","[[ 3.19234427e-03  2.50340495e-04 -4.08885411e-05 -1.09045909e-03
   6.39617756e-04  2.89751780e-03]
 [ 2.50340495e-04  9.90582878e-03 -1.14289346e-03  1.24509415e-02
  -1.37728618e-02 -2.94219985e-02]
 [-4.08885411e-05 -1.14289346e-03  1.38777265e-04 -1.52216173e-03
   1.54397300e-03  3.44030281e-03]
 [-1.09045909e-03  1.24509415e-02 -1.52216173e-03  2.66999547e-02
  -2.46544330e-02 -5.22492654e-02]
 [ 6.39617756e-04 -1.37728618e-02  1.54397300e-03 -2.46544330e-02
   2.89146555e-02  5.49023605e-02]
 [ 2.89751780e-03 -2.94219985e-02  3.44030281e-03 -5.22492654e-02
   5.49023605e-02  1.34868676e-01]]","{'amplitude': 98.77403782682195, 'color': -0.13230015602184866, 's1': -0.9815283774320771, 's2': 1.1920979220438424, 's3': 0.7325873209945587, 't0': 55687.0067825423}","{'amplitude': 0.05392690606800518, 'color': 0.007086295399640377, 's1': 0.08869047798135028, 's2': 0.12199799631077343, 's3': 0.1906689532335836, 't0': 0.05717195350143933}","[[ 3.26863227e-03  3.99577343e-05  6.07746116e-05 -2.09126669e-03
  -2.30239514e-03  2.13751938e-03]
 [ 3.99577343e-05  2.90811120e-03 -3.08896220e-04  6.87969811e-04
  -1.53630729e-03 -5.27455439e-04]
 [ 6.07746116e-05 -3.08896220e-04  5.02155825e-05 -2.45212458e-04
  -2.78502578e-04  5.31071604e-04]
 [-2.09126669e-03  6.87969811e-04 -2.45212458e-04  7.86600088e-03
   3.35984087e-03 -7.24138009e-03]
 [-2.30239514e-03 -1.53630729e-03 -2.78502578e-04  3.35984087e-03
   1.48835111e-02 -1.73974135e-02]
 [ 2.13751938e-03 -5.27455439e-04  5.31071604e-04 -7.24138009e-03
  -1.73974135e-02  3.63546497e-02]]"
psc160039,"{'amplitude': 103.17528113440555, 'color': -0.1015283809592843, 's1': 0.7088962759392271, 's2': 0.2911913754070445, 's3': -0.16235775912192466, 't0': 55701.1774373354}","{'amplitude': 0.1464928070133599, 'color': 0.017203543281214328, 's1': 0.12446841614080532, 's2': 0.3298241516866331, 's3': 0.2881674232306698, 't0': 0.2416571198649259}","[[ 0.05839816  0.00580278 -0.00029562  0.00351481 -0.01623184  0.00110454]
 [ 0.00580278  0.02146014 -0.00214418 -0.00827397 -0.00333929 -0.02140222]
 [-0.00029562 -0.00214418  0.00029596  0.00021402 -0.00205373  0.00170769]
 [ 0.00351481 -0.00827397  0.00021402  0.01549239  0.00989681  0.02184994]
 [-0.01623184 -0.00333929 -0.00205373  0.00989681  0.10878397  0.00159766]
 [ 0.00110454 -0.02140222  0.00170769  0.02184994  0.00159766  0.08304046]]","{'amplitude': 103.15239436962496, 'color': -0.10352298330257118, 's1': 0.7627878094027326, 's2': 0.4351277515264966, 's3': -0.07089872665266901, 't0': 55701.19977406375}","{'amplitude': 0.16043474682629452, 'color': 0.018046599748262688, 's1': 0.12644425809283785, 's2': 0.376894819373295, 's3': 0.29570832718674445, 't0': 0.2657173646287504}","[[ 7.06057179e-02  1.15530775e-02 -8.24523680e-04  1.50302855e-03
  -2.14074087e-02 -3.67989937e-03]
 [ 1.15530775e-02  2.57393080e-02 -2.40295795e-03 -9.33577327e-03
  -1.03402822e-02 -2.46582322e-02]
 [-8.24523680e-04 -2.40295795e-03  3.25679762e-04  1.37815745e-04
  -2.26683176e-03  1.56902483e-03]
 [ 1.50302855e-03 -9.33577327e-03  1.37815745e-04  1.59881504e-02
   1.88597872e-02  2.17995674e-02]
 [-2.14074087e-02 -1.03402822e-02 -2.26683176e-03  1.88597872e-02
   1.42049705e-01  2.22939544e-02]
 [-3.67989937e-03 -2.46582322e-02  1.56902483e-03  2.17995674e-02
   2.22939544e-02  8.74434148e-02]]"
psc160046,"{'amplitude': 97.27593994899861, 'color': 0.2960920897318581, 's1': 1.6482839935777127, 's2': 0.7726833966235311, 's3': -0.8219742445497684, 't0': 55710.6543218508}","{'amplitude': 0.21675669494769906, 'color': 0.017452189262155474, 's1': 0.16572157650056282, 's2': 0.266942594653506, 's3': 0.3398278033516297, 't0': 0.2907352932647636}","[[ 8.45270107e-02  2.49481598e-02 -3.76520967e-04 -3.01972696e-02
  -3.42652788e-02 -6.29557364e-02]
 [ 2.49481598e-02  4.69834648e-02 -2.65480718e-03 -2.84426507e-02
  -4.12406104e-02 -1.65962475e-02]
 [-3.76520967e-04 -2.65480718e-03  3.04578910e-04  7.03472244e-04
   1.13118343e-03 -6.52773079e-05]
 [-3.01972696e-02 -2.84426507e-02  7.03472244e-04  2.74636409e-02
   2.73603445e-02  2.99363678e-02]
 [-3.42652788e-02 -4.12406104e-02  1.13118343e-03  2.73603445e-02
   7.12583488e-02  2.03595186e-02]
 [-6.29557364e-02 -1.65962475e-02 -6.52773079e-05  2.99363678e-02
   2.03595186e-02  1.15482936e-01]]","{'amplitude': 97.17248111199834, 'color': 0.3108155300881496, 's1': 1.6338216316868202, 's2': 0.5833151815665413, 's3': -0.6277148798844928, 't0': 55710.75566057527}","{'amplitude': 0.2165549350772358, 'color': 0.02854476709426167, 's1': 0.16744579146914287, 's2': 0.5331280543782261, 's3': 0.39339075712693267, 't0': 0.29060209567206946}","[[ 0.08444958  0.016871    0.00127304 -0.02893449 -0.08757066  0.00450069]
 [ 0.016871    0.04689604 -0.00452029 -0.02002696 -0.0223672   0.00574592]
 [ 0.00127304 -0.00452029  0.0008148  -0.0004971  -0.00628394  0.00319133]
 [-0.02893449 -0.02002696 -0.0004971   0.02803809  0.05499286 -0.0202604 ]
 [-0.08757066 -0.0223672  -0.00628394  0.05499286  0.28422552 -0.12526156]
 [ 0.00450069  0.00574592  0.00319133 -0.0202604  -0.12526156  0.15475629]]"
psc160070,"{'amplitude': 104.57419250296768, 'color': -0.10850765301060328, 's1': -1.0030084163850725, 's2': 0.7587784821980395, 's3': 0.5009282679837085, 't0': 55713.07842931547}","{'amplitude': 0.2701157599707198, 'color': 0.027565690222943456, 's1': 0.42681058916990466, 's2': 0.7028192914014624, 's3': 0.8516270905785237, 't0': 0.8173172863582578}","[[ 0.66800755  0.03711748 -0.00086989 -0.0507429   0.08536936 -0.32433365]
 [ 0.03711748  0.07296252 -0.00625844 -0.04682677 -0.05379124 -0.02987187]
 [-0.00086989 -0.00625844  0.00075987  0.00478874 -0.00252281  0.00206493]
 [-0.0507429  -0.04682677  0.00478874  0.18216728 -0.06382672  0.07368086]
 [ 0.08536936 -0.05379124 -0.00252281 -0.06382672  0.49395496 -0.26557316]
 [-0.32433365 -0.02987187  0.00206493  0.07368086 -0.26557316  0.7252687 ]]","{'amplitude': 104.62493620400278, 'color': -0.11794223736668746, 's1': -0.9149743222596606, 's2': 0.8097385054252476, 's3': 0.61411919081411, 't0': 55713.18185553324}","{'amplitude': 0.3227758289547016, 'color': 0.03518757865829515, 's1': 0.43449314592797145, 's2': 0.6867309326130068, 's3': 1.035372218901575, 't0': 0.7637653891562128}","[[ 5.83337570e-01  4.88141118e-02 -3.18880834e-03 -3.54896842e-02
   7.53670266e-02 -3.24727029e-01]
 [ 4.88141118e-02  1.04184236e-01 -9.96510590e-03 -7.25319875e-02
   8.16421919e-04 -1.98857321e-01]
 [-3.18880834e-03 -9.96510590e-03  1.23816569e-03  8.64508034e-03
  -8.29532807e-03  1.28713186e-02]
 [-3.54896842e-02 -7.25319875e-02  8.64508034e-03  1.88784294e-01
  -1.27734041e-01  1.54723499e-01]
 [ 7.53670266e-02  8.16421919e-04 -8.29532807e-03 -1.27734041e-01
   4.71599374e-01 -5.19976203e-02]
 [-3.24727029e-01 -1.98857321e-01  1.28713186e-02  1.54723499e-01
  -5.19976203e-02  1.07199563e+00]]"
psc160098,"{'amplitude': 101.98652135837705, 'color': 0.014847344235804976, 's1': 1.1861564707558325, 's2': -0.171638702451, 's3': 0.6846578765871851, 't0': 55704.52415807161}","{'amplitude': 0.6515191723193179, 'color': 0.0415799077192529, 's1': 1.1781596073615117, 's2': 1.5379276619319882, 's3': 2.0448095154701873, 't0': 1.768472502699856}","[[ 3.12749499e+00  8.26240267e-01 -2.43823479e-03 -1.79846198e+00
   2.85302877e-01 -2.52302752e+00]
 [ 8.26240267e-01  4.24477232e-01 -1.11845134e-02 -4.87382777e-01
  -1.44778084e-01 -6.08731223e-01]
 [-2.43823479e-03 -1.11845134e-02  1.72888873e-03  9.50413721e-03
  -2.05165121e-02  3.16024713e-02]
 [-1.79846198e+00 -4.87382777e-01  9.50413721e-03  1.38806006e+00
  -3.22007300e-01  1.96182288e+00]
 [ 2.85302877e-01 -1.44778084e-01 -2.05165121e-02 -3.22007300e-01
   2.36522149e+00 -1.73714297e+00]
 [-2.52302752e+00 -6.08731223e-01  3.16024713e-02  1.96182288e+00
  -1.73714297e+00  4.18124595e+00]]","{'amplitude': 102.4532766680209, 'color': 0.02738940248009867, 's1': 0.01788017275775935, 's2': 0.06531613149534934, 's3': -0.1415573638395894, 't0': 55706.2834513351}","{'amplitude': 0.40315379052095973, 'color': 0.040936272599705184, 's1': 0.6291139692558921, 's2': 1.6115738908136414, 's3': 1.074351305999734, 't0': 0.8353325150327323}","[[ 6.97780411e-01 -1.27701224e-01 -7.11574966e-04 -2.93107244e-01
   8.66119619e-01 -1.39874622e-01]
 [-1.27701224e-01  1.62532979e-01 -1.20259874e-02 -1.56255680e-02
  -2.19475015e-01 -1.10681469e-01]
 [-7.11574966e-04 -1.20259874e-02  1.67577841e-03  4.10936767e-03
  -1.85331033e-02  1.39238798e-02]
 [-2.93107244e-01 -1.56255680e-02  4.10936767e-03  3.95784386e-01
  -5.13153586e-01  2.65179974e-01]
 [ 8.66119619e-01 -2.19475015e-01 -1.85331033e-02 -5.13153586e-01
   2.59717041e+00 -3.21398727e-01]
 [-1.39874622e-01 -1.10681469e-01  1.39238798e-02  2.65179974e-01
  -3.21398727e-01  1.15423073e+00]]"
psc160099,"{'amplitude': 97.49392516994398, 'color': -0.029969378722345022, 's1': -0.7997265400924316, 's2': 1.1149365311706336, 's3': 0.585598916761634, 't0': 55703.57330649595}","{'amplitude': 0.08067833941289225, 'color': 0.009358326429314983, 's1': 0.062340754897218964, 's2': 0.12377594751856473, 's3': 0.09345713730965373, 't0': 0.17434352891678237}","[[ 3.03956661e-02  1.31545422e-04  3.08553093e-04  5.47799971e-03
  -2.62541385e-04 -3.60772797e-03]
 [ 1.31545422e-04  6.50899445e-03 -7.02146877e-04  1.25220300e-03
  -8.78368858e-03  2.84952361e-03]
 [ 3.08553093e-04 -7.02146877e-04  8.75782736e-05 -1.14618495e-04
   8.13977086e-04 -3.54585183e-04]
 [ 5.47799971e-03  1.25220300e-03 -1.14618495e-04  3.88636972e-03
  -1.97290685e-03  5.38764452e-04]
 [-2.62541385e-04 -8.78368858e-03  8.13977086e-04 -1.97290685e-03
   1.53204852e-02 -3.86025261e-03]
 [-3.60772797e-03  2.84952361e-03 -3.54585183e-04  5.38764452e-04
  -3.86025261e-03  8.73423651e-03]]","{'amplitude': 97.31253691344538, 'color': -0.0014470382107481848, 's1': -0.6479620073102355, 's2': 0.9999386957461522, 's3': 1.0846886003538243, 't0': 55703.56208213088}","{'amplitude': 0.08301734946858477, 'color': 0.013825006276548809, 's1': 0.08233377038597815, 's2': 0.09187849839159831, 's3': 0.30249384354123293, 't0': 0.2086664211408754}","[[ 4.35416753e-02 -6.73706804e-03  1.49161850e-03  1.89869782e-03
  -2.96194083e-04 -3.49063031e-02]
 [-6.73706804e-03  6.89188031e-03 -1.11637469e-03 -9.28787599e-05
   1.34294130e-03  1.55923206e-02]
 [ 1.49161850e-03 -1.11637469e-03  1.91130799e-04  8.37866571e-05
  -3.49983819e-04 -2.66978931e-03]
 [ 1.89869782e-03 -9.28787599e-05  8.37866571e-05  6.77884975e-03
  -4.12244064e-03  1.70241784e-03]
 [-2.96194083e-04  1.34294130e-03 -3.49983819e-04 -4.12244064e-03
   8.44165847e-03  5.43678810e-03]
 [-3.49063031e-02  1.55923206e-02 -2.66978931e-03  1.70241784e-03
   5.43678810e-03  9.15025254e-02]]"
psc160126,"{'amplitude': 103.73420828422785, 'color': -0.032308571263719804, 's1': -0.41773061941266243, 's2': 0.28157507522462843, 's3': 0.1874304416779339, 't0': 55711.79482778982}","{'amplitude': 0.5305822424839791, 'color': 0.05460446808406276, 's1': 1.2999679528991404, 's2': 1.891596035882913, 's3': 1.5103920742898593, 't0': 1.7378668062956693}","[[ 3.02018104e+00  1.67144614e-01 -5.59248711e-04 -8.74396307e-01
   1.34984028e+00 -1.52057449e+00]
 [ 1.67144614e-01  2.81517516e-01 -1.97076937e-02 -3.86281089e-01
  -8.61609989e-02 -4.65221248e-01]
 [-5.59248711e-04 -1.97076937e-02  2.98164793e-03  3.55580418e-02
  -4.63194921e-02  4.40911819e-02]
 [-8.74396307e-01 -3.86281089e-01  3.55580418e-02  1.68991668e+00
  -1.02718641e+00  1.38860868e+00]
 [ 1.34984028e+00 -8.61609989e-02 -4.63194921e-02 -1.02718641e+00
   3.57813556e+00 -1.14595398e+00]
 [-1.52057449e+00 -4.65221248e-01  4.40911819e-02  1.38860868e+00
  -1.14595398e+00  2.28128422e+00]]","{'amplitude': 103.32606754802842, 'color': 0.01990293134911285, 's1': 0.11294661481579112, 's2': -0.6433824423555177, 's3': 1.669281307848776, 't0': 55710.579422663126}","{'amplitude': 0.6381428099332775, 'color': 0.07065888059299438, 's1': 0.7354999964193204, 's2': 0.8482381425546134, 's3': 1.1933909661949338, 't0': 1.1482835837812884}","[[ 1.31855519  0.08908805  0.00579438 -0.29112318  0.13485462 -0.53854972]
 [ 0.08908805  0.40722625 -0.04220004 -0.2170759   0.20204574 -0.39200947]
 [ 0.00579438 -0.04220004  0.00499268  0.01745305 -0.02721717  0.03252954]
 [-0.29112318 -0.2170759   0.01745305  0.54096024 -0.07117452  0.04382416]
 [ 0.13485462  0.20204574 -0.02721717 -0.07117452  0.71950795 -0.6129461 ]
 [-0.53854972 -0.39200947  0.03252954  0.04382416 -0.6129461   1.424182  ]]"
psc160197,"{'amplitude': 104.6009408249531, 'color': -0.07532201262747873, 's1': -0.034915353756042974, 's2': 0.7700536324655192, 's3': -0.49690619345264275, 't0': 55712.009829127106}","{'amplitude': 0.3449655596357595, 'color': 0.04142213202762427, 's1': 0.3538508856367597, 's2': 0.7628534935840584, 's3': 1.4723671216396037, 't0': 0.5746995729695368}","[[ 3.30279599e-01 -1.27561855e-02  4.07371091e-04  1.28749504e-02
  -6.20007803e-04 -1.69663686e-01]
 [-1.27561855e-02  1.19001237e-01 -1.14276859e-02 -2.28010809e-02
  -8.19383932e-02 -1.82148275e-01]
 [ 4.07371091e-04 -1.14276859e-02  1.71579302e-03  4.52247209e-03
  -6.39725745e-03  1.50448821e-02]
 [ 1.28749504e-02 -2.28010809e-02  4.52247209e-03  1.25210449e-01
  -5.98585388e-02  1.72878075e-01]
 [-6.20007803e-04 -8.19383932e-02 -6.39725745e-03 -5.98585388e-02
   5.81945453e-01  4.26667065e-01]
 [-1.69663686e-01 -1.82148275e-01  1.50448821e-02  1.72878075e-01
   4.26667065e-01  2.16786494e+00]]","{'amplitude': 103.94540240591137, 'color': -0.04560186423260152, 's1': 0.06802177579305399, 's2': 2.158779429458162, 's3': 1.2572333318352693, 't0': 55711.857243773164}","{'amplitude': 0.6887988136812347, 'color': 0.04995119611577347, 's1': 0.8154087727827896, 's2': 1.2392696940037196, 's3': 1.107401587237151, 't0': 1.6609853195592337}","[[ 2.75887223e+00  2.33270740e-02 -7.07573746e-03 -4.43530710e-01
   2.03908847e-01 -8.11828830e-01]
 [ 2.33270740e-02  4.74443806e-01 -2.80724290e-02 -1.06539252e-01
  -6.47792094e-01 -4.63200685e-01]
 [-7.07573746e-03 -2.80724290e-02  2.49512199e-03  6.95739489e-03
   1.82164808e-02  2.09881668e-02]
 [-4.43530710e-01 -1.06539252e-01  6.95739489e-03  6.64891467e-01
  -1.21148841e-01  5.26011272e-02]
 [ 2.03908847e-01 -6.47792094e-01  1.82164808e-02 -1.21148841e-01
   1.53578937e+00  8.12352940e-01]
 [-8.11828830e-01 -4.63200685e-01  2.09881668e-02  5.26011272e-02
   8.12352940e-01  1.22633828e+00]]"
psc160198,"{'amplitude': 104.59530773001471, 'color': -0.12733558830784247, 's1': -0.4055144936804938, 's2': 0.30321515452899356, 's3': 0.1283650697978814, 't0': 55718.46784234779}","{'amplitude': 0.21151418671433142, 'color': 0.02750461020808972, 's1': 0.27601019450228376, 's2': 0.5784371294668842, 's3': 0.6598031387039328, 't0': 0.3681565853322818}","[[ 0.13553927  0.0131539  -0.00190743  0.01743996 -0.03520057  0.00254958]
 [ 0.0131539   0.04473825 -0.00523445  0.0011059  -0.02017428 -0.06501045]
 [-0.00190743 -0.00523445  0.0007565  -0.00139314 -0.00302252  0.0065911 ]
 [ 0.01743996  0.0011059  -0.00139314  0.07618163 -0.00051036 -0.00953406]
 [-0.03520057 -0.02017428 -0.00302252 -0.00051036  0.33458951  0.15537212]
 [ 0.00254958 -0.06501045  0.0065911  -0.00953406  0.15537212  0.43534018]]","{'amplitude': 104.48545263216342, 'color': -0.11619302133529259, 's1': -0.4854343193386967, 's2': 0.37858144981545666, 's3': 0.25104568559410456, 't0': 55718.47606027959}","{'amplitude': 0.27223594939221535, 'color': 0.031431580679334103, 's1': 0.3590293772726989, 's2': 0.6215054927916525, 's3': 0.7899772383177335, 't0': 0.3809140047970911}","[[ 1.45095479e-01  1.67235621e-02 -1.78549121e-03  4.02110807e-02
  -5.64242856e-02 -1.55561872e-02]
 [ 1.67235621e-02  7.41124121e-02 -7.57931149e-03 -1.24151884e-02
  -4.52915914e-02 -1.38613992e-01]
 [-1.78549121e-03 -7.57931149e-03  9.87944264e-04  5.21308160e-04
  -2.36443157e-03  1.22401051e-02]
 [ 4.02110807e-02 -1.24151884e-02  5.21308160e-04  1.28902094e-01
  -2.89685138e-02  2.62651563e-02]
 [-5.64242856e-02 -4.52915914e-02 -2.36443157e-03 -2.89685138e-02
   3.86269078e-01  2.02934156e-01]
 [-1.55561872e-02 -1.38613992e-01  1.22401051e-02  2.62651563e-02
   2.02934156e-01  6.24064037e-01]]"
psc160200,"{'amplitude': 104.68127319045875, 'color': 0.030416422808902013, 's1': 0.8661826412575047, 's2': 0.5192032038215423, 's3': -1.7310886661598845, 't0': 55710.25976273341}","{'amplitude': 0.8325824484146302, 'color': 0.09117154037174871, 's1': 1.8524913194735788, 's2': 1.9305699691386502, 's3': 3.0648579828272458, 't0': 3.6391450770557827}","[[ 1.32433769e+01 -3.89549013e-01  4.28617242e-02 -1.21607795e+00
  -1.57968227e+00 -4.00941192e+00]
 [-3.89549013e-01  6.93193533e-01 -5.99958217e-02 -6.01732959e-01
  -1.51683324e-01  7.43668229e-02]
 [ 4.28617242e-02 -5.99958217e-02  8.31224977e-03 -1.86415641e-03
  -2.70956766e-02 -2.29896181e-02]
 [-1.21607795e+00 -6.01732959e-01 -1.86415641e-03  3.43172409e+00
   2.62232419e-02  5.74145539e-02]
 [-1.57968227e+00 -1.51683324e-01 -2.70956766e-02  2.62232419e-02
   3.72710041e+00  4.57936188e+00]
 [-4.00941192e+00  7.43668229e-02 -2.29896181e-02  5.74145539e-02
   4.57936188e+00  9.39335445e+00]]","{'amplitude': 104.27519313339451, 'color': 0.09271710510813828, 's1': 0.20279010978625683, 's2': 1.4724002132222205, 's3': -1.1015573002909944, 't0': 55709.976978679755}","{'amplitude': 0.8256165399129702, 'color': 0.10315164229195363, 's1': 1.93783755171706, 's2': 1.7621075407961928, 's3': 3.368323094089437, 't0': 3.605135459501175}","[[ 1.29970017e+01 -5.02332932e-01  9.58337644e-02 -4.20631674e+00
  -1.48488272e+00 -7.09056723e+00]
 [-5.02332932e-01  6.81642671e-01 -7.31637422e-02 -5.58854744e-02
  -9.23312102e-02  5.59358478e-01]
 [ 9.58337644e-02 -7.31637422e-02  1.06402613e-02 -4.79680318e-02
  -3.56387413e-02 -7.47804763e-02]
 [-4.20631674e+00 -5.58854744e-02 -4.79680318e-02  3.75521438e+00
   1.05192728e+00  2.61870842e+00]
 [-1.48488272e+00 -9.23312102e-02 -3.56387413e-02  1.05192728e+00
   3.10502299e+00  3.82295753e+00]
 [-7.09056723e+00  5.59358478e-01 -7.47804763e-02  2.61870842e+00
   3.82295753e+00  1.13456005e+01]]"
psc170078,"{'amplitude': 104.61174143519254, 'color': -0.1046008364499146, 's1': 0.5936903507318322, 's2': -0.018641319246008006, 's3': -0.8711976586166186, 't0': 55728.511259420324}","{'amplitude': 0.4585891499054992, 'color': 0.04664933169086875, 's1': 0.6179695694078914, 's2': 0.5565107168612102, 's3': 1.1541384455095671, 't0': 0.6959839049694719}","[[ 4.84393596e-01  1.41885861e-01 -7.85070116e-03 -3.39939714e-01
  -5.60189297e-02  1.00612646e-01]
 [ 1.41885861e-01  2.10304008e-01 -1.77818309e-02 -1.47760948e-01
  -6.96332577e-02  7.15614901e-03]
 [-7.85070116e-03 -1.77818309e-02  2.17616015e-03  6.53591844e-03
  -4.90315496e-04  1.47845412e-02]
 [-3.39939714e-01 -1.47760948e-01  6.53591844e-03  3.81886389e-01
   3.19283901e-02 -3.87647227e-02]
 [-5.60189297e-02 -6.96332577e-02 -4.90315496e-04  3.19283901e-02
   3.09704178e-01 -7.25518377e-02]
 [ 1.00612646e-01  7.15614901e-03  1.47845412e-02 -3.87647227e-02
  -7.25518377e-02  1.33203555e+00]]","{'amplitude': 105.2041418138834, 'color': -0.17482660331327735, 's1': 0.2105643929590182, 's2': 0.3251905285785576, 's3': -0.6295957912393043, 't0': 55729.25821821014}","{'amplitude': 0.5644203304866505, 'color': 0.06436568136091265, 's1': 0.7448731533204811, 's2': 0.6844366360840283, 's3': 1.4039407906370895, 't0': 0.8678781693608153}","[[ 0.75321252  0.15155246 -0.01617557 -0.49200404  0.10348709 -0.12780714]
 [ 0.15155246  0.31857031 -0.03122485 -0.17305694 -0.03266105 -0.23682767]
 [-0.01617557 -0.03122485  0.00414294  0.01341249 -0.00775555  0.0483503 ]
 [-0.49200404 -0.17305694  0.01341249  0.55483601 -0.05471323  0.21394872]
 [ 0.10348709 -0.03266105 -0.00775555 -0.05471323  0.46845351 -0.03401358]
 [-0.12780714 -0.23682767  0.0483503   0.21394872 -0.03401358  1.97104974]]"
psc170428,"{'amplitude': 103.70465353247782, 'color': -0.017218016817742942, 's1': 0.6659724895735852, 's2': -0.07299719178652649, 's3': -1.0910945481104, 't0': 55739.041128142824}","{'amplitude': 0.19650181790433352, 'color': 0.022201978079005556, 's1': 0.13665331498296293, 's2': 0.4583488008687277, 's3': 0.7667605074016073, 't0': 0.5287294581863193}","[[ 2.79554840e-01 -1.92104283e-02  2.10663023e-03  5.63729893e-03
   3.46008525e-02 -1.30038167e-01]
 [-1.92104283e-02  3.86129644e-02 -2.84753353e-03 -2.32616528e-03
  -1.63914296e-02  5.99841060e-02]
 [ 2.10663023e-03 -2.84753353e-03  4.92927831e-04  6.30124241e-04
  -2.73927133e-03  3.86161989e-03]
 [ 5.63729893e-03 -2.32616528e-03  6.30124241e-04  1.86741285e-02
  -3.32425162e-02  3.55609132e-02]
 [ 3.46008525e-02 -1.63914296e-02 -2.73927133e-03 -3.32425162e-02
   2.10083623e-01 -1.68442276e-01]
 [-1.30038167e-01  5.99841060e-02  3.86161989e-03  3.55609132e-02
  -1.68442276e-01  5.87921676e-01]]","{'amplitude': 103.58795092571216, 'color': -0.006893289075267439, 's1': 0.6102093401075868, 's2': 0.0006976409777753522, 's3': -0.9320104459092555, 't0': 55739.01298487158}","{'amplitude': 0.27018100393926303, 'color': 0.036140744529077846, 's1': 0.22333655421451634, 's2': 0.5664138419574576, 's3': 1.1353371437284945, 't0': 0.5587380315681454}","[[ 0.31218819 -0.02330927  0.00487952  0.00927759  0.0043171  -0.02682206]
 [-0.02330927  0.07299777 -0.0067713  -0.02006603  0.01565298  0.03869848]
 [ 0.00487952 -0.0067713   0.00130615  0.00258892 -0.01154955  0.01885666]
 [ 0.00927759 -0.02006603  0.00258892  0.04987922 -0.04340052  0.06938412]
 [ 0.0043171   0.01565298 -0.01154955 -0.04340052  0.32082464 -0.31379225]
 [-0.02682206  0.03869848  0.01885666  0.06938412 -0.31379225  1.28899043]]"
psc180166,"{'amplitude': 98.99312883522374, 'color': 0.011472803137001022, 's1': -0.5863176668667704, 's2': 0.7679741026280283, 's3': 0.5211166036700571, 't0': 55764.407851511896}","{'amplitude': 0.05828271565938918, 'color': 0.007456448911844835, 's1': 0.12960158283874093, 's2': 0.18574786700369017, 's3': 0.24170216802480618, 't0': 0.09388593894968125}","[[ 8.81456953e-03 -5.89599436e-04  1.32735985e-04  6.39350565e-04
  -8.71831334e-04 -2.16133796e-03]
 [-5.89599436e-04  3.39687494e-03 -3.83587979e-04 -1.04781503e-03
  -2.13863986e-03  1.47040505e-03]
 [ 1.32735985e-04 -3.83587979e-04  5.55986304e-05  7.74438534e-05
  -2.06043136e-04 -7.16660492e-04]
 [ 6.39350565e-04 -1.04781503e-03  7.74438534e-05  1.67965703e-02
  -1.09228613e-02  2.56089564e-03]
 [-8.71831334e-04 -2.13863986e-03 -2.06043136e-04 -1.09228613e-02
   3.45022701e-02  1.99078092e-02]
 [-2.16133796e-03  1.47040505e-03 -7.16660492e-04  2.56089564e-03
   1.99078092e-02  5.84199380e-02]]","{'amplitude': 99.05205411796098, 'color': 0.0046261176746155794, 's1': -0.716739884210763, 's2': 0.8540883238725417, 's3': 0.3273296483214877, 't0': 55764.43805099884}","{'amplitude': 0.06767686978187541, 'color': 0.007564786364177346, 's1': 0.16042528473856446, 's2': 0.20742015972976463, 's3': 0.4350937264956729, 't0': 0.12107399203817346}","[[ 1.46589115e-02 -3.17114284e-04  1.25370863e-04  1.10587682e-03
  -2.71326461e-03 -2.86483354e-02]
 [-3.17114284e-04  4.58015870e-03 -4.58422562e-04 -3.83674188e-03
  -6.02036679e-04 -2.76674505e-03]
 [ 1.25370863e-04 -4.58422562e-04  5.72259927e-05  3.75163252e-04
  -3.04854504e-04 -7.88354419e-05]
 [ 1.10587682e-03 -3.83674188e-03  3.75163252e-04  2.57362720e-02
  -2.18355054e-02  1.26756547e-02]
 [-2.71326461e-03 -6.02036679e-04 -3.04854504e-04 -2.18355054e-02
   4.30231227e-02  1.19222639e-02]
 [-2.86483354e-02 -2.76674505e-03 -7.88354419e-05  1.26756547e-02
   1.19222639e-02  1.89306551e-01]]"
psc180417,"{'amplitude': 103.27215581312534, 'color': 0.011319015283433499, 's1': 1.0123555799526094, 's2': -0.416924606881452, 's3': -1.7743169569135515, 't0': 55768.133262751246}","{'amplitude': 0.36988116260641046, 'color': 0.036636040350161214, 's1': 0.44521820115720323, 's2': 0.548932009365193, 's3': 1.1021075399906968, 't0': 0.7716171787186672}","[[ 5.95393070e-01 -8.22055763e-02  1.04111567e-02  1.02814843e-01
  -4.43198183e-03 -1.84115164e-01]
 [-8.22055763e-02  1.36812074e-01 -1.09536557e-02 -8.81108298e-02
  -4.05513815e-02  1.91135633e-01]
 [ 1.04111567e-02 -1.09536557e-02  1.34219945e-03  2.09767895e-03
   1.04389252e-04 -5.12624429e-03]
 [ 1.02814843e-01 -8.81108298e-02  2.09767895e-03  1.98219247e-01
  -1.23268707e-02 -2.46571943e-01]
 [-4.43198183e-03 -4.05513815e-02  1.04389252e-04 -1.23268707e-02
   3.01326351e-01 -5.13023853e-03]
 [-1.84115164e-01  1.91135633e-01 -5.12624429e-03 -2.46571943e-01
  -5.13023853e-03  1.21464103e+00]]","{'amplitude': 103.7373819425254, 'color': -0.06225121484187856, 's1': 0.08366819994603898, 's2': 0.9853394756386277, 's3': -0.13728823851783387, 't0': 55765.70567609614}","{'amplitude': 0.6602536197305119, 'color': 0.07596684944412688, 's1': 1.0311098248560087, 's2': 1.5422767105385609, 's3': 1.993941303628421, 't0': 2.1510861718082888}","[[ 4.62717172 -0.14856768  0.03214247  0.17996067 -0.15745538 -1.40597253]
 [-0.14856768  0.43593484 -0.04338064 -0.30688388 -0.0929909  -0.61761502]
 [ 0.03214247 -0.04338064  0.00577096  0.04149497 -0.03211428  0.0641382 ]
 [ 0.17996067 -0.30688388  0.04149497  1.06318747 -0.84705564  0.16380618]
 [-0.15745538 -0.0929909  -0.03211428 -0.84705564  2.37861745  0.98370131]
 [-1.40597253 -0.61761502  0.0641382   0.16380618  0.98370131  3.97580192]]"
psc180561,"{'amplitude': 101.27730788667779, 'color': 0.17054841557379763, 's1': -0.19535361815982977, 's2': 0.8928879415681052, 's3': -0.8011770944957891, 't0': 55784.809288517405}","{'amplitude': 0.1816144490240573, 'color': 0.018722302178249807, 's1': 0.24704673300863197, 's2': 0.33755193208036127, 's3': 0.7141532228970783, 't0': 0.16832107207066468}","[[ 2.83319833e-02 -2.90731285e-03 -7.50843022e-05 -1.58621674e-02
   8.40922395e-03 -3.14079602e-02]
 [-2.90731285e-03  3.29838081e-02 -3.09120106e-03  1.32473971e-02
  -3.03440753e-02  4.26958053e-02]
 [-7.50843022e-05 -3.09120106e-03  3.50524599e-04 -1.35525100e-03
   1.79415152e-03 -2.94385560e-03]
 [-1.58621674e-02  1.32473971e-02 -1.35525100e-03  6.10320883e-02
  -3.01364464e-02  1.04346445e-01]
 [ 8.40922395e-03 -3.03440753e-02  1.79415152e-03 -3.01364464e-02
   1.13941307e-01  8.42012420e-03]
 [-3.14079602e-02  4.26958053e-02 -2.94385560e-03  1.04346445e-01
   8.42012420e-03  5.10014826e-01]]","{'amplitude': 101.23875342196983, 'color': 0.17368910060539092, 's1': 0.021039013191906583, 's2': 0.9315308238380662, 's3': -0.11931386305128619, 't0': 55784.75938893323}","{'amplitude': 0.1955453069235996, 'color': 0.021780686582076637, 's1': 0.3037813107683371, 's2': 0.29871020744048526, 's3': 0.8577755738250166, 't0': 0.19395515353309753}","[[ 3.76186016e-02 -5.64000165e-03  2.50433636e-04 -2.29191276e-02
  -4.67499429e-04 -4.68071821e-02]
 [-5.64000165e-03  3.82379671e-02 -3.87520268e-03  1.51480192e-02
  -1.86516760e-02  5.44229553e-02]
 [ 2.50433636e-04 -3.87520268e-03  4.74398308e-04 -2.28912119e-03
   6.20883729e-04 -5.86302140e-03]
 [-2.29191276e-02  1.51480192e-02 -2.28912119e-03  9.22830848e-02
  -2.46434308e-03  2.00231333e-01]
 [-4.67499429e-04 -1.86516760e-02  6.20883729e-04 -2.46434308e-03
   8.92277880e-02  3.30723136e-02]
 [-4.68071821e-02  5.44229553e-02 -5.86302140e-03  2.00231333e-01
   3.30723136e-02  7.35778935e-01]]"
psc190049,"{'amplitude': 102.85810842121566, 'color': -0.155175642894786, 's1': 0.1339848277388051, 's2': -0.22388850487766232, 's3': 0.3997976093022005, 't0': 55785.34966705854}","{'amplitude': 0.1429080909689322, 'color': 0.01790815360416474, 's1': 0.21487218769719274, 's2': 0.28382148149167263, 's3': 0.25599558332420513, 't0': 0.1478628435402543}","[[ 0.02186342 -0.00375395  0.00028163  0.003839   -0.00286336  0.02197526]
 [-0.00375395  0.02042272 -0.0023216   0.00385664  0.00516659 -0.0116293 ]
 [ 0.00028163 -0.0023216   0.0003207  -0.00161027 -0.00147471  0.00102181]
 [ 0.003839    0.00385664 -0.00161027  0.04617006 -0.00813316  0.01319862]
 [-0.00286336  0.00516659 -0.00147471 -0.00813316  0.08055463 -0.02637734]
 [ 0.02197526 -0.0116293   0.00102181  0.01319862 -0.02637734  0.06553374]]","{'amplitude': 103.04454679894201, 'color': -0.17989093703432774, 's1': 0.086041026723156, 's2': 0.13050298835681812, 's3': 0.13831244621105424, 't0': 55785.33451658937}","{'amplitude': 0.16726327022424337, 'color': 0.021891410516622127, 's1': 0.2550431434709355, 's2': 0.5106718802663139, 's3': 0.4373104181655676, 't0': 0.16054584729716218}","[[ 2.57749691e-02 -5.38876664e-03  2.18184796e-04 -4.57786826e-03
   1.80210885e-02  9.68866031e-03]
 [-5.38876664e-03  2.79770016e-02 -3.16389035e-03  5.74896460e-03
   5.21091905e-03 -1.51714716e-02]
 [ 2.18184796e-04 -3.16389035e-03  4.79233854e-04 -1.49933893e-03
  -4.66056282e-03  3.52977833e-03]
 [-4.57786826e-03  5.74896460e-03 -1.49933893e-03  6.50470050e-02
  -4.43244427e-02  4.97788524e-02]
 [ 1.80210885e-02  5.21091905e-03 -4.66056282e-03 -4.43244427e-02
   2.60785769e-01 -1.51628127e-01]
 [ 9.68866031e-03 -1.51714716e-02  3.52977833e-03  4.97788524e-02
  -1.51628127e-01  1.91240402e-01]]"
psc190209,"{'amplitude': 104.28951083668791, 'color': -0.09785663158111738, 's1': -0.738018193782007, 's2': 0.7321829490307866, 's3': 1.064895224961797, 't0': 55795.79333950714}","{'amplitude': 0.22080996991100998, 'color': 0.025807352284329847, 's1': 0.35218372918421265, 's2': 0.6341079571999861, 's3': 0.38788780612656343, 't0': 0.3633560633164394}","[[ 0.13202763  0.00290006  0.00091386  0.02791168 -0.05047996  0.04726798]
 [ 0.00290006  0.04875704 -0.0049418   0.00481811 -0.0244115  -0.02091968]
 [ 0.00091386 -0.0049418   0.00066602  0.00096032 -0.004282    0.00157503]
 [ 0.02791168  0.00481811  0.00096032  0.12403338 -0.1087518   0.02164828]
 [-0.05047996 -0.0244115  -0.004282   -0.1087518   0.4020929  -0.00158297]
 [ 0.04726798 -0.02091968  0.00157503  0.02164828 -0.00158297  0.15045695]]","{'amplitude': 104.44718514192726, 'color': -0.11764340618562359, 's1': -0.8538294664661349, 's2': 0.8681711902220836, 's3': 0.9038973689940227, 't0': 55795.82057331781}","{'amplitude': 0.3648301025818378, 'color': 0.03781756870101786, 's1': 0.4246600843756112, 's2': 0.649755857424694, 's3': 0.6863998552789453, 't0': 0.38680938572229157}","[[ 0.1496215  -0.00154297  0.00105339  0.03349212 -0.03632784  0.02624855]
 [-0.00154297  0.133101   -0.01278675 -0.00721341 -0.06718688 -0.12820956]
 [ 0.00105339 -0.01278675  0.00143017  0.00239226 -0.00088092  0.0118074 ]
 [ 0.03349212 -0.00721341  0.00239226  0.18033619 -0.12758997  0.00475939]
 [-0.03632784 -0.06718688 -0.00088092 -0.12758997  0.42218267  0.0673304 ]
 [ 0.02624855 -0.12820956  0.0118074   0.00475939  0.0673304   0.47114476]]"
psc190230,"{'amplitude': 99.53792581876073, 'color': -0.013014710882919413, 's1': 0.7743806353167348, 's2': 0.027875931637507626, 's3': -0.22252799692039307, 't0': 55800.61761506841}","{'amplitude': 0.050666334988816376, 'color': 0.007382990815110063, 's1': 0.06663546872672384, 's2': 0.14018893480834166, 's3': 0.16755048497057634, 't0': 0.12510636814854792}","[[ 1.56516034e-02  7.62848902e-04 -1.24890070e-04  2.60401834e-03
  -4.93191281e-03  5.90584583e-05]
 [ 7.62848902e-04  2.56707750e-03 -3.30783571e-04 -6.63104535e-04
   1.27327531e-03  2.84614677e-03]
 [-1.24890070e-04 -3.30783571e-04  5.45085534e-05 -5.60212376e-05
  -2.28003775e-04 -2.93967815e-04]
 [ 2.60401834e-03 -6.63104535e-04 -5.60212376e-05  4.44028569e-03
  -5.34665977e-03 -7.24657303e-03]
 [-4.93191281e-03  1.27327531e-03 -2.28003775e-04 -5.34665977e-03
   1.96529374e-02  1.35035639e-02]
 [ 5.90584583e-05  2.84614677e-03 -2.93967815e-04 -7.24657303e-03
   1.35035639e-02  2.80731650e-02]]","{'amplitude': 99.7024526173061, 'color': -0.029274283009648024, 's1': 0.6998691858685786, 's2': 0.14480813801960687, 's3': -0.5770875618829838, 't0': 55800.50853809561}","{'amplitude': 0.05552098185519753, 'color': 0.0075021932224957006, 's1': 0.03810723649582325, 's2': 0.08391650470183455, 's3': 0.12179759367833322, 't0': 0.09515658676952332}","[[ 9.05477601e-03 -2.22035673e-04  1.55562922e-05  9.89877534e-04
  -8.53206292e-04 -9.54411990e-04]
 [-2.22035673e-04  3.08257943e-03 -3.81939251e-04  1.65166523e-05
  -2.65333036e-04  5.09844427e-04]
 [ 1.55562922e-05 -3.81939251e-04  5.62829031e-05 -6.73034428e-05
  -4.24944046e-05 -1.91552793e-05]
 [ 9.89877534e-04  1.65166523e-05 -6.73034428e-05  1.45216147e-03
  -7.88516249e-04  1.30902077e-03]
 [-8.53206292e-04 -2.65333036e-04 -4.24944046e-05 -7.88516249e-04
   7.04197976e-03 -1.63262724e-03]
 [-9.54411990e-04  5.09844427e-04 -1.91552793e-05  1.30902077e-03
  -1.63262724e-03  1.48346538e-02]]"
psc190260,"{'amplitude': 99.250207221561, 'color': -0.020683527812178814, 's1': -1.1435344009666095, 's2': 0.9448838061672824, 's3': 0.09162977866179085, 't0': 55811.08942957053}","{'amplitude': 0.06558870733972116, 'color': 0.00773778384311699, 's1': 0.09366555190799615, 's2': 0.14722912841934443, 's3': 0.2285022426930633, 't0': 0.07934114279881525}","[[ 6.29501694e-03 -1.63573327e-03  1.47202632e-04 -9.11687163e-04
   2.79138047e-03 -6.15378596e-03]
 [-1.63573327e-03  4.30187853e-03 -4.56606008e-04  1.84745689e-03
  -4.09621854e-03  6.99252099e-03]
 [ 1.47202632e-04 -4.56606008e-04  5.98732988e-05 -1.60197671e-04
   8.26498195e-05 -7.82206394e-04]
 [-9.11687163e-04  1.84745689e-03 -1.60197671e-04  8.77323561e-03
  -7.72075914e-03 -1.19600032e-04]
 [ 2.79138047e-03 -4.09621854e-03  8.26498195e-05 -7.72075914e-03
   2.16764163e-02 -5.47557454e-03]
 [-6.15378596e-03  6.99252099e-03 -7.82206394e-04 -1.19600032e-04
  -5.47557454e-03  5.22132749e-02]]","{'amplitude': 99.20727564586225, 'color': -0.014477210444348382, 's1': -1.1738031149504868, 's2': 0.8796440188091534, 's3': 0.15992698576107361, 't0': 55811.01755039048}","{'amplitude': 0.07237677290821538, 'color': 0.008719618918146696, 's1': 0.11445328066683239, 's2': 0.137545825869002, 's3': 0.2769051058623859, 't0': 0.08239566084770503}","[[ 6.78904493e-03  7.46755051e-05 -3.26371370e-05 -1.69967102e-03
   3.10684198e-03 -9.90066403e-03]
 [ 7.46755051e-05  5.23839726e-03 -5.93505722e-04 -1.86022074e-04
  -1.30722635e-03  9.23754491e-04]
 [-3.26371370e-05 -5.93505722e-04  7.60317541e-05  3.62184434e-05
  -1.13032583e-04 -1.94941094e-04]
 [-1.69967102e-03 -1.86022074e-04  3.62184434e-05  1.30995535e-02
  -8.68305509e-03  4.58220594e-03]
 [ 3.10684198e-03 -1.30722635e-03 -1.13032583e-04 -8.68305509e-03
   1.89188542e-02 -7.83933822e-03]
 [-9.90066403e-03  9.23754491e-04 -1.94941094e-04  4.58220594e-03
  -7.83933822e-03  7.66764377e-02]]"
psc190327,"{'amplitude': 103.94025566485192, 'color': -0.024421303034561727, 's1': 1.6653516345157995, 's2': -1.5127811926889154, 's3': -0.028752749833697255, 't0': 55809.16527392149}","{'amplitude': 0.8940835508783472, 'color': 0.055254935043484964, 's1': 0.573566240536863, 's2': 0.3015575226501448, 's3': 1.171832946825786, 't0': 0.8326670653972948}","[[ 6.93334442e-01  2.43715920e-01 -1.78601787e-02 -4.40780242e-02
   1.40989568e-02 -6.17373693e-01]
 [ 2.43715920e-01  7.99385396e-01 -3.57887356e-02 -3.87251109e-01
  -4.66732743e-02 -3.83580757e-01]
 [-1.78601787e-02 -3.57887356e-02  3.05310785e-03  4.63681152e-03
  -9.20399607e-05  3.25686832e-02]
 [-4.40780242e-02 -3.87251109e-01  4.63681152e-03  3.28978232e-01
   3.85300791e-02  5.56421992e-03]
 [ 1.40989568e-02 -4.66732743e-02 -9.20399607e-05  3.85300791e-02
   9.09369395e-02 -7.22626578e-02]
 [-6.17373693e-01 -3.83580757e-01  3.25686832e-02  5.56421992e-03
  -7.22626578e-02  1.37319246e+00]]","{'amplitude': 104.05676379090234, 'color': -0.03923263878343769, 's1': 1.5657227740666555, 's2': -0.6769838119033806, 's3': -0.6679782313330738, 't0': 55809.138177197325}","{'amplitude': 1.026950692747182, 'color': 0.06990705764882589, 's1': 0.8033850423369776, 's2': 1.558346005045131, 's3': 1.2915155708058308, 't0': 0.8336053480620249}","[[ 0.69489788  0.07875372 -0.01025685  0.01866822 -0.2831409  -0.37559923]
 [ 0.07875372  1.05462773 -0.05206393 -0.53188124 -0.09635622 -0.40043431]
 [-0.01025685 -0.05206393  0.004887    0.01108128 -0.02482462  0.0453579 ]
 [ 0.01866822 -0.53188124  0.01108128  0.64542753 -0.26540363  0.3039103 ]
 [-0.2831409  -0.09635622 -0.02482462 -0.26540363  2.42844227 -0.79884301]
 [-0.37559923 -0.40043431  0.0453579   0.3039103  -0.79884301  1.66801247]]"
psc190340,"{'amplitude': 98.9928326527922, 'color': -0.03210319748927633, 's1': -0.7003507236297905, 's2': 0.6830161068920861, 's3': 0.5106756217332954, 't0': 55815.71931544744}","{'amplitude': 0.046412545142647074, 'color': 0.006099007165889721, 's1': 0.0710691718135553, 's2': 0.09821876963525072, 's3': 0.06544427611768845, 't0': 0.048927566824456446}","[[ 2.39390680e-03  1.18586305e-04 -7.24374558e-06 -1.38805899e-03
   7.88316339e-04  2.00212646e-04]
 [ 1.18586305e-04  2.15412435e-03 -2.66923175e-04 -2.66320688e-04
  -1.35924815e-03  2.95526647e-04]
 [-7.24374558e-06 -2.66923175e-04  3.71978884e-05  2.64713782e-05
   6.43580397e-05 -2.68231546e-05]
 [-1.38805899e-03 -2.66320688e-04  2.64713782e-05  5.05082718e-03
  -3.97454257e-03  8.51176667e-04]
 [ 7.88316339e-04 -1.35924815e-03  6.43580397e-05 -3.97454257e-03
   9.64692671e-03 -9.18259634e-04]
 [ 2.00212646e-04  2.95526647e-04 -2.68231546e-05  8.51176667e-04
  -9.18259634e-04  4.28295328e-03]]","{'amplitude': 99.01841924398659, 'color': -0.03881587617959421, 's1': -0.7573510505487274, 's2': 0.9241044465975831, 's3': 0.2703723074934265, 't0': 55815.771166791186}","{'amplitude': 0.04915751689435452, 'color': 0.005637259908151486, 's1': 0.10827541213881543, 's2': 0.17140895973233766, 's3': 0.09600444636474674, 't0': 0.05332287613983682}","[[ 2.84332912e-03 -1.64307181e-04 -6.39348942e-06 -2.38165134e-03
   3.40778244e-03 -6.10869027e-04]
 [-1.64307181e-04  2.41646147e-03 -2.45114077e-04  1.27020217e-04
  -2.70867166e-03  1.74267884e-04]
 [-6.39348942e-06 -2.45114077e-04  3.17786993e-05  3.10597459e-05
  -3.16670415e-06  2.40179920e-05]
 [-2.38165134e-03  1.27020217e-04  3.10597459e-05  1.17235649e-02
  -1.39000040e-02  1.84926065e-03]
 [ 3.40778244e-03 -2.70867166e-03 -3.16670415e-06 -1.39000040e-02
   2.93810315e-02 -4.57216568e-03]
 [-6.10869027e-04  1.74267884e-04  2.40179920e-05  1.84926065e-03
  -4.57216568e-03  9.21685372e-03]]"
psc300105,"{'amplitude': 96.83240744601818, 'color': 0.09285200066986046, 's1': -0.4595330343504351, 's2': 1.157053988834553, 's3': 0.7594686944739346, 't0': 55785.154924059796}","{'amplitude': 0.04851566922295829, 'color': 0.005626323306889166, 's1': 0.1754335072503889, 's2': 0.07623976805988217, 's3': 0.07897563107831773, 't0': 0.058267828711490166}","[[ 3.39513986e-03  6.36186799e-04  1.40542292e-06 -3.33126516e-03
  -7.38850337e-04  1.49996069e-03]
 [ 6.36186799e-04  2.35377016e-03 -2.01534689e-04 -2.71165552e-03
  -2.19157824e-03  8.37834313e-04]
 [ 1.40542292e-06 -2.01534689e-04  3.16555140e-05 -2.57245764e-04
   8.84600894e-05 -1.07997881e-04]
 [-3.33126516e-03 -2.71165552e-03 -2.57245764e-04  3.07769155e-02
   1.41742193e-03  2.29645355e-03]
 [-7.38850337e-04 -2.19157824e-03  8.84600894e-05  1.41742193e-03
   5.81250223e-03 -1.04134547e-03]
 [ 1.49996069e-03  8.37834313e-04 -1.07997881e-04  2.29645355e-03
  -1.04134547e-03  6.23715030e-03]]","{'amplitude': 96.87513090325722, 'color': 0.08996675110433572, 's1': -0.556285201786724, 's2': 1.1062219010409287, 's3': 0.6288666474874793, 't0': 55785.16439472598}","{'amplitude': 0.05275455767196592, 'color': 0.006147762018994555, 's1': 0.09508400493282645, 's2': 0.09759363555662347, 's3': 0.12425518641157429, 't0': 0.046666975277355374}","[[ 2.17780658e-03 -2.65471884e-04  2.49023962e-05 -6.60122716e-04
   7.16331126e-04  5.47072667e-04]
 [-2.65471884e-04  2.78304336e-03 -2.95674285e-04  4.15639231e-04
  -2.83073819e-03 -6.30635574e-04]
 [ 2.49023962e-05 -2.95674285e-04  3.77949778e-05 -9.82165501e-05
   1.72069590e-04  2.15109578e-05]
 [-6.60122716e-04  4.15639231e-04 -9.82165501e-05  9.04096799e-03
  -3.62946532e-03  5.87193537e-03]
 [ 7.16331126e-04 -2.83073819e-03  1.72069590e-04 -3.62946532e-03
   9.52451770e-03  2.87422201e-04]
 [ 5.47072667e-04 -6.30635574e-04  2.15109578e-05  5.87193537e-03
   2.87422201e-04  1.54393514e-02]]"
psc310039,"{'amplitude': 100.25851953810232, 'color': 0.012395932654513605, 's1': 0.23654819297432592, 's2': 0.42391702721553354, 's3': -0.8419197633930328, 't0': 55823.816448629485}","{'amplitude': 0.08990008999634468, 'color': 0.01035726001682616, 's1': 0.07933719958750768, 's2': 0.1262550073036513, 's3': 0.23145875202372468, 't0': 0.10103798350106338}","[[ 1.02086741e-02  1.40891069e-03 -1.89342927e-05  2.79348563e-04
  -9.39773713e-05  1.01700256e-02]
 [ 1.40891069e-03  8.08202618e-03 -8.53629744e-04  1.24955696e-03
  -4.02961500e-03  9.26484825e-03]
 [-1.89342927e-05 -8.53629744e-04  1.07272835e-04 -1.26868657e-04
   1.52410459e-04 -5.78721875e-04]
 [ 2.79348563e-04  1.24955696e-03 -1.26868657e-04  6.29439124e-03
  -2.87083339e-03  5.81432759e-03]
 [-9.39773713e-05 -4.02961500e-03  1.52410459e-04 -2.87083339e-03
   1.59403269e-02 -2.15199686e-03]
 [ 1.01700256e-02  9.26484825e-03 -5.78721875e-04  5.81432759e-03
  -2.15199686e-03  5.35731539e-02]]","{'amplitude': 100.2366985779466, 'color': 0.014528443548576277, 's1': 0.26489900171680236, 's2': 0.3441122153899121, 's3': -0.9663229676015533, 't0': 55823.8144138698}","{'amplitude': 0.10452083420066496, 'color': 0.011444539048043972, 's1': 0.08539217765991876, 's2': 0.17646584307940583, 's3': 0.24622066721087876, 't0': 0.10315740967427281}","[[ 1.06414512e-02  2.24868443e-03 -8.65886548e-05  4.11838482e-04
  -2.77899615e-03  6.40356173e-03]
 [ 2.24868443e-03  1.09246048e-02 -1.08763027e-03  2.90572755e-03
  -7.84529067e-03  1.28173623e-02]
 [-8.65886548e-05 -1.08763027e-03  1.30977474e-04 -2.01565069e-04
   2.67050441e-04 -7.12544792e-04]
 [ 4.11838482e-04  2.90572755e-03 -2.01565069e-04  7.29182401e-03
  -7.03827787e-03  9.55317751e-03]
 [-2.77899615e-03 -7.84529067e-03  2.67050441e-04 -7.03827787e-03
   3.11401938e-02 -1.45467753e-02]
 [ 6.40356173e-03  1.28173623e-02 -7.12544792e-04  9.55317751e-03
  -1.45467753e-02  6.06246170e-02]]"
psc310051,"{'amplitude': 101.86811030229292, 'color': 0.1224239393951035, 's1': 0.17206293686956556, 's2': 0.8421935735545191, 's3': -0.536436362010133, 't0': 55820.72817965305}","{'amplitude': 0.22627432782464615, 'color': 0.022206808894731707, 's1': 0.4141133405889308, 's2': 0.6013242999871908, 's3': 1.1649801430412867, 't0': 0.27636107572976026}","[[ 7.63754442e-02  4.84035330e-03  1.59247418e-03 -4.20310400e-02
  -3.22008412e-04  5.17088246e-02]
 [ 4.84035330e-03  5.12000714e-02 -3.11950601e-03  2.59738819e-03
  -5.79401966e-02  7.10704514e-02]
 [ 1.59247418e-03 -3.11950601e-03  4.93142361e-04 -2.58311599e-03
   2.26253242e-03  6.55350331e-03]
 [-4.20310400e-02  2.59738819e-03 -2.58311599e-03  1.71489859e-01
  -5.90434333e-02  1.75743811e-02]
 [-3.22008412e-04 -5.79401966e-02  2.26253242e-03 -5.90434333e-02
   3.61590914e-01  1.18296396e-01]
 [ 5.17088246e-02  7.10704514e-02  6.55350331e-03  1.75743811e-02
   1.18296396e-01  1.35717873e+00]]","{'amplitude': 101.8744388162063, 'color': 0.11805549568417939, 's1': 0.24359056529767545, 's2': 0.9089787453490877, 's3': -0.674255781749284, 't0': 55820.73626645643}","{'amplitude': 0.29521433780800527, 'color': 0.03019227560306074, 's1': 0.3023302075873751, 's2': 0.5422679700944294, 's3': 1.172754774678018, 't0': 0.2416295169635011}","[[ 5.83848235e-02 -3.23664180e-03  6.66715197e-04 -2.97814789e-02
   1.74689976e-02 -1.77915033e-02]
 [-3.23664180e-03  8.71515052e-02 -7.18668472e-03 -1.10526575e-02
  -5.80176161e-02 -7.40077239e-03]
 [ 6.66715197e-04 -7.18668472e-03  9.11573506e-04  6.18173573e-05
   1.44144189e-03  9.97525354e-03]
 [-2.97814789e-02 -1.10526575e-02  6.18173573e-05  9.14035544e-02
   3.51470600e-03  1.76983750e-01]
 [ 1.74689976e-02 -5.80176161e-02  1.44144189e-03  3.51470600e-03
   2.94054551e-01  1.34711133e-01]
 [-1.77915033e-02 -7.40077239e-03  9.97525354e-03  1.76983750e-01
   1.34711133e-01  1.37535376e+00]]"
psc310058,"{'amplitude': 105.13701152161434, 'color': -0.004403553152046295, 's1': -1.2878318705993004, 's2': 0.7301514511918845, 's3': 0.29581652334430275, 't0': 55821.66399310262}","{'amplitude': 0.4835439686003699, 'color': 0.03650206244191844, 's1': 0.785385514250803, 's2': 1.862016688356597, 's3': 0.8870159219089414, 't0': 0.6134916042048433}","[[ 3.76371948e-01 -2.37583770e-02 -4.67248803e-04 -1.38725269e-01
   1.54876316e-01 -5.52489295e-02]
 [-2.37583770e-02  2.33814770e-01 -1.07598009e-02 -1.07047975e-01
  -5.69510810e-01 -1.77280218e-01]
 [-4.67248803e-04 -1.07598009e-02  1.33240056e-03  9.49174955e-03
  -9.67380026e-03  5.01590572e-03]
 [-1.38725269e-01 -1.07047975e-01  9.49174955e-03  6.16830406e-01
  -1.88910705e-01  1.88285765e-01]
 [ 1.54876316e-01 -5.69510810e-01 -9.67380026e-03 -1.88910705e-01
   3.46710615e+00  3.99197551e-01]
 [-5.52489295e-02 -1.77280218e-01  5.01590572e-03  1.88285765e-01
   3.99197551e-01  7.86797246e-01]]","{'amplitude': 105.10276174634059, 'color': -0.011460094297656018, 's1': -1.1893302200667417, 's2': 0.9526233334715822, 's3': 0.0942121155828587, 't0': 55821.96632310128}","{'amplitude': 0.5696113517205944, 'color': 0.05853944834536778, 's1': 1.1673688506981197, 's2': 1.77251793538508, 's3': 1.5555401493366658, 't0': 1.2788728563348701}","[[ 1.63551578 -0.29892363  0.00620492  0.31848379  0.70233192  0.10840496]
 [-0.29892363  0.32445709 -0.02051588 -0.4017642  -0.47862861 -0.42647515]
 [ 0.00620492 -0.02051588  0.00342687  0.02007585 -0.03431479  0.04339606]
 [ 0.31848379 -0.4017642   0.02007585  1.36275003  0.58487687  1.03949086]
 [ 0.70233192 -0.47862861 -0.03431479  0.58487687  3.14181983  0.34465554]
 [ 0.10840496 -0.42647515  0.04339606  1.03949086  0.34465554  2.41970516]]"
psc310090,"{'amplitude': 104.1715380753439, 'color': -0.056451917906078106, 's1': 1.3583051072970014, 's2': 2.059773771392294, 's3': -0.4588971034239091, 't0': 55818.853586837184}","{'amplitude': 1.15075615671316, 'color': 0.1364809367472681, 's1': 1.0638801639942332, 's2': 2.0097624392538482, 's3': 1.9683925567447396, 't0': 1.7818688250313355}","[[ 3.17505651  1.00055783 -0.08717838 -0.96124924 -0.69734155 -0.73342472]
 [ 1.00055783  1.32423973 -0.12860079 -0.97704422 -0.58804328 -0.97724279]
 [-0.08717838 -0.12860079  0.01862705  0.09292187 -0.07029734  0.16512723]
 [-0.96124924 -0.97704422  0.09292187  1.131841    0.29384258  1.27752471]
 [-0.69734155 -0.58804328 -0.07029734  0.29384258  4.03914506 -1.26091366]
 [-0.73342472 -0.97724279  0.16512723  1.27752471 -1.26091366  3.87456926]]","{'amplitude': 104.07062003438503, 'color': -0.05678594913474433, 's1': 1.6777597248700244, 's2': 2.522646231449736, 's3': -0.23561304150191123, 't0': 55818.73809748615}","{'amplitude': 1.0737278236020067, 'color': 0.12447186991988406, 's1': 1.1501863353055957, 's2': 1.6780143214877001, 's3': 1.7425841547920589, 't0': 2.063188582468836}","[[ 4.25674713  1.4382451  -0.12575736 -1.78851116 -1.08827601 -1.57173727]
 [ 1.4382451   1.15289144 -0.1086539  -0.93377979 -0.61746567 -0.77597744]
 [-0.12575736 -0.1086539   0.01549325  0.07115192 -0.04001185  0.09824222]
 [-1.78851116 -0.93377979  0.07115192  1.32292861  0.77090247  1.27452702]
 [-1.08827601 -0.61746567 -0.04001185  0.77090247  2.81573206  0.32760361]
 [-1.57173727 -0.77597744  0.09824222  1.27452702  0.32760361  3.03659954]]"
psc310161,"{'amplitude': 102.53410399985779, 'color': -0.044996004870820186, 's1': -0.11564150783941728, 's2': 0.24166474665156926, 's3': -0.956714977969113, 't0': 55839.69303626777}","{'amplitude': 0.1864384519139729, 'color': 0.019945071414959603, 's1': 0.1730496616330974, 's2': 0.42402034459589655, 's3': 0.5602945139539338, 't0': 0.15381843059978917}","[[ 0.02366011  0.0033592  -0.00058082 -0.00070107 -0.01126539 -0.0292618 ]
 [ 0.0033592   0.0347593  -0.00336379  0.01471407 -0.05738083 -0.01191423]
 [-0.00058082 -0.00336379  0.00039781 -0.00159027  0.0042614   0.0037378 ]
 [-0.00070107  0.01471407 -0.00159027  0.02994619 -0.03604976 -0.01098394]
 [-0.01126539 -0.05738083  0.0042614  -0.03604976  0.17979325  0.04777925]
 [-0.0292618  -0.01191423  0.0037378  -0.01098394  0.04777925  0.31392994]]","{'amplitude': 102.61204496056266, 'color': -0.05509143517136118, 's1': -0.2350501060779482, 's2': 0.28421676888192343, 's3': -1.2025349562522711, 't0': 55839.68810186602}","{'amplitude': 0.15368157067883847, 'color': 0.01917030367714295, 's1': 0.2376884999633943, 's2': 0.45471397970700855, 's3': 0.5257707400822633, 't0': 0.1575640728488672}","[[ 0.02482644  0.00125745 -0.00045163 -0.00626106  0.00888726 -0.0077653 ]
 [ 0.00125745  0.02361803 -0.00257146  0.01787017 -0.03819126 -0.01078358]
 [-0.00045163 -0.00257146  0.0003675  -0.00203459  0.00250591  0.00379642]
 [-0.00626106  0.01787017 -0.00203459  0.05649582 -0.07053487 -0.0222471 ]
 [ 0.00888726 -0.03819126  0.00250591 -0.07053487  0.2067648   0.065636  ]
 [-0.0077653  -0.01078358  0.00379642 -0.0222471   0.065636    0.27643487]]"
psc310188,"{'amplitude': 104.16239295768803, 'color': -0.06801602746286664, 's1': 0.18002042760038708, 's2': -0.15579297835209877, 's3': 0.2097679197702258, 't0': 55825.91962326527}","{'amplitude': 0.21564084009267195, 'color': 0.024627932082445656, 's1': 0.23343994624309794, 's2': 0.38004228127367795, 's3': 0.6878165165010625, 't0': 0.22554647771782052}","[[ 0.05087121 -0.01079953  0.00126315 -0.00289693  0.00651023  0.03014527]
 [-0.01079953  0.04650097 -0.0049109  -0.02000419 -0.00107037 -0.08581872]
 [ 0.00126315 -0.0049109   0.00060654  0.00059946 -0.00144109  0.0075186 ]
 [-0.00289693 -0.02000419  0.00059946  0.05449421  0.0194506   0.07061422]
 [ 0.00651023 -0.00107037 -0.00144109  0.0194506   0.14443214 -0.00363625]
 [ 0.03014527 -0.08581872  0.0075186   0.07061422 -0.00363625  0.47309156]]","{'amplitude': 104.41009017140217, 'color': -0.09850239311721423, 's1': 0.0628714759127203, 's2': 0.08850982422691524, 's3': -0.33475284867011357, 't0': 55825.81793643314}","{'amplitude': 0.25345011305577925, 'color': 0.03101096201598726, 's1': 0.2441819915830576, 's2': 0.436405251414122, 's3': 0.8000357670059045, 't0': 0.23923344106064048}","[[ 0.05723264 -0.00748711  0.00118641 -0.00514261  0.01219499  0.05157687]
 [-0.00748711  0.06423696 -0.00743239 -0.02117601  0.00697555 -0.10920555]
 [ 0.00118641 -0.00743239  0.00096168  0.0013712  -0.00310354  0.01319078]
 [-0.00514261 -0.02117601  0.0013712   0.05962485 -0.00078347  0.07914776]
 [ 0.01219499  0.00697555 -0.00310354 -0.00078347  0.19044954  0.03183957]
 [ 0.05157687 -0.10920555  0.01319078  0.07914776  0.03183957  0.64005723]]"
psc310238,"{'amplitude': 102.92775209482303, 'color': -0.0806222839649421, 's1': -0.2227341244916694, 's2': 1.0620570613054652, 's3': 0.06393054383995464, 't0': 55839.575213229444}","{'amplitude': 0.1919766428171652, 'color': 0.01815628150944622, 's1': 0.33375903202339624, 's2': 0.7125966368297757, 's3': 0.5204684126095195, 't0': 0.1468361889021292}","[[ 2.15608664e-02 -3.01887681e-03  2.04322375e-04 -6.55427349e-03
   7.56427174e-03  2.19006767e-03]
 [-3.01887681e-03  3.68550314e-02 -3.04803317e-03  3.45385527e-02
  -9.47748910e-02 -4.25467832e-02]
 [ 2.04322375e-04 -3.04803317e-03  3.29650558e-04 -2.08469824e-03
   4.25424172e-03  3.86274921e-03]
 [-6.55427349e-03  3.45385527e-02 -2.08469824e-03  1.11395091e-01
  -1.90588634e-01 -4.81235263e-02]
 [ 7.56427174e-03 -9.47748910e-02  4.25424172e-03 -1.90588634e-01
   5.07793967e-01  1.47060333e-01]
 [ 2.19006767e-03 -4.25467832e-02  3.86274921e-03 -4.81235263e-02
   1.47060333e-01  2.70887369e-01]]","{'amplitude': 102.84496237321589, 'color': -0.06622286610560993, 's1': 0.21281646468843088, 's2': 0.35617546960904245, 's3': 0.10048771904398668, 't0': 55839.48790145328}","{'amplitude': 0.2081094985789378, 'color': 0.021519990044509087, 's1': 0.27977332243424413, 's2': 0.4712489781028051, 's3': 0.5797114339405207, 't0': 0.15209845304733421}","[[ 2.31339394e-02  8.53288474e-04 -1.30515554e-04 -9.17343655e-03
   3.60465981e-03  7.57408095e-03]
 [ 8.53288474e-04  4.33095634e-02 -4.08485083e-03 -1.16981406e-02
  -2.46789418e-02 -7.20293307e-02]
 [-1.30515554e-04 -4.08485083e-03  4.63109972e-04  1.01646536e-03
  -1.64849247e-04  6.86857404e-03]
 [-9.17343655e-03 -1.16981406e-02  1.01646536e-03  7.82731119e-02
  -6.99021744e-02  6.54310594e-02]
 [ 3.60465981e-03 -2.46789418e-02 -1.64849247e-04 -6.99021744e-02
   2.22075599e-01 -2.43330202e-02]
 [ 7.57408095e-03 -7.20293307e-02  6.86857404e-03  6.54310594e-02
  -2.43330202e-02  3.36065347e-01]]"
psc310574,"{'amplitude': 102.0008339959069, 'color': -0.02048571550489047, 's1': 0.2961543158677765, 's2': 0.8471691120203959, 's3': 0.4817902781880721, 't0': 55841.83524044484}","{'amplitude': 0.17303660605986151, 'color': 0.018464642980445613, 's1': 0.2370247598306208, 's2': 0.5353548301845839, 's3': 0.4194294041732919, 't0': 0.1636405225210972}","[[ 2.67782206e-02  7.71015180e-03 -1.12531528e-04 -1.55532798e-02
  -8.27385916e-03 -2.77032914e-02]
 [ 7.71015180e-03  2.99416670e-02 -2.54396044e-03  5.14535555e-03
  -5.18053691e-02  7.59017476e-03]
 [-1.12531528e-04 -2.54396044e-03  3.40943040e-04 -1.87761188e-03
   1.79345086e-03 -1.68268716e-03]
 [-1.55532798e-02  5.14535555e-03 -1.87761188e-03  5.61807368e-02
  -3.84222388e-02  5.09684190e-02]
 [-8.27385916e-03 -5.18053691e-02  1.79345086e-03 -3.84222388e-02
   2.86604794e-01 -8.63923142e-02]
 [-2.77032914e-02  7.59017476e-03 -1.68268716e-03  5.09684190e-02
  -8.63923142e-02  1.75921025e-01]]","{'amplitude': 102.00393113753739, 'color': -0.01985112898707763, 's1': 0.3452248217903483, 's2': 0.6733780628745599, 's3': 0.5594106270414289, 't0': 55841.832236976516}","{'amplitude': 0.18984425728581952, 'color': 0.020228827343163325, 's1': 0.2024838113396937, 's2': 0.5633160098947035, 's3': 0.41022589086477534, 't0': 0.1551371322737078}","[[ 0.02406753  0.00669582 -0.00039248 -0.00769849 -0.0023121  -0.01494791]
 [ 0.00669582  0.03604084 -0.00326978  0.00499835 -0.04634412  0.00219503]
 [-0.00039248 -0.00326978  0.00040921 -0.00146831  0.00135279 -0.00091698]
 [-0.00769849  0.00499835 -0.00146831  0.04099969 -0.04249916  0.04531002]
 [-0.0023121  -0.04634412  0.00135279 -0.04249916  0.31732493 -0.09631489]
 [-0.01494791  0.00219503 -0.00091698  0.04531002 -0.09631489  0.16828528]]"
psc320099,"{'amplitude': 104.38716464362173, 'color': -0.0699363371103843, 's1': -0.28109484096686893, 's2': 0.6163406091334971, 's3': 0.7566977898533344, 't0': 55846.41565989386}","{'amplitude': 0.353374744489342, 'color': 0.03441171203642625, 's1': 0.7042986482867316, 's2': 0.8286564656041898, 's3': 1.39359528763079, 't0': 0.6591836966995728}","[[ 4.34523146e-01  1.12579538e-01 -4.21807604e-03 -3.35873706e-01
  -1.38420975e-02 -3.78559469e-01]
 [ 1.12579538e-01  1.24873710e-01 -9.86883085e-03 -1.32865797e-01
  -1.08591153e-01 -2.20973046e-01]
 [-4.21807604e-03 -9.86883085e-03  1.18416593e-03  5.61326038e-03
   1.72499339e-03  1.14683116e-02]
 [-3.35873706e-01 -1.32865797e-01  5.61326038e-03  4.96036586e-01
   1.61698206e-02  6.58091021e-01]
 [-1.38420975e-02 -1.08591153e-01  1.72499339e-03  1.61698206e-02
   6.86671538e-01  1.31622384e-01]
 [-3.78559469e-01 -2.20973046e-01  1.14683116e-02  6.58091021e-01
   1.31622384e-01  1.94210783e+00]]","{'amplitude': 104.50384025835493, 'color': -0.0821732781700719, 's1': -0.9242229772283787, 's2': 1.0583454406402752, 's3': -0.20414471097456338, 't0': 55846.773932737175}","{'amplitude': 0.4855651615772763, 'color': 0.05353268151000683, 's1': 0.5440260895616703, 's2': 0.9584954201296416, 's3': 1.4322640497084582, 't0': 0.42980002797230454}","[[ 1.84728064e-01  4.55607265e-03 -1.35064856e-03 -1.14566783e-01
   2.25740005e-02 -1.36009302e-01]
 [ 4.55607265e-03  2.35773526e-01 -2.25726498e-02 -6.15953637e-03
  -1.64313408e-01 -2.23416995e-01]
 [-1.35064856e-03 -2.25726498e-02  2.86574799e-03  3.40287071e-03
  -2.62754901e-03  3.94472302e-02]
 [-1.14566783e-01 -6.15953637e-03  3.40287071e-03  2.95964386e-01
  -1.37090299e-01  3.06224716e-01]
 [ 2.25740005e-02 -1.64313408e-01 -2.62754901e-03 -1.37090299e-01
   9.18713470e-01 -1.38358872e-01]
 [-1.36009302e-01 -2.23416995e-01  3.94472302e-02  3.06224716e-01
  -1.38358872e-01  2.05138031e+00]]"
psc320258,"{'amplitude': 102.98214056897466, 'color': -0.00612209136449197, 's1': 1.0661025707924001, 's2': 1.8672722198709555, 's3': -1.0706982587554497, 't0': 55855.85092077205}","{'amplitude': 0.6342445691336511, 'color': 0.05411226897958394, 's1': 0.6308184245455043, 's2': 1.7168290942803652, 's3': 1.7379712456583354, 't0': 1.6059389474617434}","[[ 2.57903990e+00 -2.83930510e-01 -1.97928632e-02 -9.77097221e-02
   1.87219938e+00 -9.09512711e-01]
 [-2.83930510e-01  4.02266173e-01 -1.67283412e-02 -2.23542037e-01
  -6.31260883e-01 -7.67110151e-02]
 [-1.97928632e-02 -1.67283412e-02  2.92813765e-03  1.25261137e-02
  -3.18895239e-02  5.41543956e-02]
 [-9.77097221e-02 -2.23542037e-01  1.25261137e-02  3.97931885e-01
   2.29107822e-01  5.94658815e-01]
 [ 1.87219938e+00 -6.31260883e-01 -3.18895239e-02  2.29107822e-01
   2.94750214e+00 -1.22480324e+00]
 [-9.09512711e-01 -7.67110151e-02  5.41543956e-02  5.94658815e-01
  -1.22480324e+00  3.02054405e+00]]","{'amplitude': 103.53300328649316, 'color': -0.06351687599534578, 's1': 0.9544126221123701, 's2': 1.9548679139942484, 's3': -1.4597145079020344, 't0': 55855.88280629012}","{'amplitude': 0.6899368209221683, 'color': 0.07457585578303054, 's1': 0.5700791162175717, 's2': 1.5958133130286123, 's3': 1.1147952279637827, 't0': 1.247705282737971}","[[ 1.55676847 -0.50491722  0.02231046  0.10165036  1.23225588  0.48112155]
 [-0.50491722  0.47601282 -0.03344998 -0.15142615 -0.54741524 -0.0924    ]
 [ 0.02231046 -0.03344998  0.00556156 -0.00533755 -0.0325403   0.02603163]
 [ 0.10165036 -0.15142615 -0.00533755  0.3249902   0.47933718  0.13033124]
 [ 1.23225588 -0.54741524 -0.0325403   0.47933718  2.54662013  0.01196124]
 [ 0.48112155 -0.0924      0.02603163  0.13033124  0.01196124  1.2427684 ]]"
psc320469,"{'amplitude': 102.48050249882546, 'color': 0.1270924108006805, 's1': -0.14572370146989122, 's2': 1.3820548750294883, 's3': 0.5133261854747557, 't0': 55868.56810802436}","{'amplitude': 1.1406119761327547, 'color': 0.13733368371341942, 's1': 1.4401395942479507, 's2': 1.9313383962473951, 's3': 2.582944517768877, 't0': 2.180773777661014}","[[ 4.75577427  0.60631769 -0.08336206 -2.09278742  1.68438661 -0.03562793]
 [ 0.60631769  1.30099568 -0.13874413 -0.66312875 -0.36025802  0.68270142]
 [-0.08336206 -0.13874413  0.01886054  0.04423031 -0.04448118 -0.08405085]
 [-2.09278742 -0.66312875  0.04423031  2.07400205 -0.20811053  0.14793568]
 [ 1.68438661 -0.36025802 -0.04448118 -0.20811053  3.730068    0.86380235]
 [-0.03562793  0.68270142 -0.08405085  0.14793568  0.86380235  6.67160238]]","{'amplitude': 103.39013792982325, 'color': 0.03316888998966938, 's1': -0.5766178009757519, 's2': 0.7942764262079263, 's3': -0.043011453838030234, 't0': 55869.083526576134}","{'amplitude': 1.0429984420106313, 'color': 0.1487118556866282, 's1': 1.426851227584135, 's2': 1.6596239461945959, 's3': 2.7103000828879433, 't0': 1.2436517793284578}","[[ 1.54666975e+00 -1.69461348e-02  3.98685597e-03 -9.58726319e-01
   6.80767749e-01  3.16436581e-01]
 [-1.69461348e-02  1.08784575e+00 -1.40240608e-01  7.85578685e-02
  -4.26796063e-01 -9.39746058e-03]
 [ 3.98685597e-03 -1.40240608e-01  2.21152160e-02 -4.14582024e-02
   9.33361185e-03  6.64794422e-02]
 [-9.58726319e-01  7.85578685e-02 -4.14582024e-02  2.03590443e+00
  -8.47564466e-01 -7.77590212e-01]
 [ 6.80767749e-01 -4.26796063e-01  9.33361185e-03 -8.47564466e-01
   2.75435164e+00 -5.08066265e-01]
 [ 3.16436581e-01 -9.39746058e-03  6.64794422e-02 -7.77590212e-01
  -5.08066265e-01  7.34572654e+00]]"
psc330022,"{'amplitude': 102.10471438317404, 'color': 0.020758699740660937, 's1': 0.7140468157083543, 's2': 0.003269526782121674, 's3': 0.5478141888503854, 't0': 55871.11009246973}","{'amplitude': 0.3363150082441557, 'color': 0.044754373219854475, 's1': 0.34198059611168014, 's2': 0.831737553931014, 's3': 0.8111025706648612, 't0': 0.3110462688370222}","[[ 0.09674978  0.05340111 -0.00420132 -0.0350521   0.02110113 -0.03911504]
 [ 0.05340111  0.11310778 -0.01237832 -0.00524269  0.03395551 -0.07129295]
 [-0.00420132 -0.01237832  0.00200295 -0.00618326 -0.00710217 -0.00157032]
 [-0.0350521  -0.00524269 -0.00618326  0.11695073 -0.07133704  0.16625749]
 [ 0.02110113  0.03395551 -0.00710217 -0.07133704  0.69178736 -0.31014811]
 [-0.03911504 -0.07129295 -0.00157032  0.16625749 -0.31014811  0.65788738]]","{'amplitude': 102.72252548550321, 'color': -0.041812199002384746, 's1': 0.47372450147635675, 's2': 0.5525211525941635, 's3': -0.4999991785986318, 't0': 55871.13943483087}","{'amplitude': 0.4723955967520187, 'color': 0.05392640120429283, 's1': 0.46151249126313976, 's2': 0.7839110741230135, 's3': 0.8659070320078691, 't0': 0.33869298290765976}","[[ 0.11471294  0.01245118 -0.0027177  -0.05759337  0.05990275 -0.009262  ]
 [ 0.01245118  0.2231576  -0.0234843   0.10314735 -0.13093367  0.13626166]
 [-0.0027177  -0.0234843   0.00290806 -0.01307453  0.00724649 -0.01001972]
 [-0.05759337  0.10314735 -0.01307453  0.21299378 -0.20141723  0.22517893]
 [ 0.05990275 -0.13093367  0.00724649 -0.20141723  0.61451657 -0.38198654]
 [-0.009262    0.13626166 -0.01001972  0.22517893 -0.38198654  0.74979499]]"
psc330083,"{'amplitude': 101.66170184968601, 'color': -0.10193805012738459, 's1': -0.6574239336040136, 's2': 1.2279954486213887, 's3': 0.6691777566342948, 't0': 55888.457488912645}","{'amplitude': 0.09975509797256223, 'color': 0.011184101615714136, 's1': 0.15988488442873924, 's2': 0.30981779035498275, 's3': 0.27677422362218246, 't0': 0.2615011924658423}","[[ 6.83828737e-02  5.57188235e-04  1.14196606e-03 -2.85840780e-04
  -3.52748520e-02 -3.98372636e-02]
 [ 5.57188235e-04  9.95107957e-03 -8.88202199e-04 -4.41363984e-04
  -1.76528930e-02 -6.72169504e-03]
 [ 1.14196606e-03 -8.88202199e-04  1.25084129e-04  2.28624498e-04
   3.07581615e-05 -5.39453146e-04]
 [-2.85840780e-04 -4.41363984e-04  2.28624498e-04  2.55631763e-02
  -1.40653507e-02  2.19793128e-03]
 [-3.52748520e-02 -1.76528930e-02  3.07581615e-05 -1.40653507e-02
   9.59870632e-02  4.66193604e-02]
 [-3.98372636e-02 -6.72169504e-03 -5.39453146e-04  2.19793128e-03
   4.66193604e-02  7.66039709e-02]]","{'amplitude': 101.68093385454753, 'color': -0.11184861593747608, 's1': -0.7819508084936798, 's2': 1.530631632714671, 's3': 0.5021127071049964, 't0': 55888.29536987456}","{'amplitude': 0.1503848933731499, 'color': 0.014293383260208686, 's1': 0.21754276263572625, 's2': 0.4679379689653637, 's3': 0.3318674399405927, 't0': 0.2925757167571365}","[[ 8.56005500e-02 -4.49142035e-03  1.70778315e-03  9.92878786e-03
  -2.85326565e-02 -4.07563442e-02]
 [-4.49142035e-03  2.26156162e-02 -1.59350718e-03  1.91109122e-03
  -4.50560772e-02 -1.17960471e-02]
 [ 1.70778315e-03 -1.59350718e-03  2.04300805e-04  9.92400083e-04
  -3.04660920e-05  2.36162364e-04]
 [ 9.92878786e-03  1.91109122e-03  9.92400083e-04  4.73248536e-02
  -4.72848512e-02  1.10317363e-02]
 [-2.85326565e-02 -4.50560772e-02 -3.04660920e-05 -4.72848512e-02
   2.18965943e-01  4.67968985e-02]
 [-4.07563442e-02 -1.17960471e-02  2.36162364e-04  1.10317363e-02
   4.67968985e-02  1.10135998e-01]]"
psc330089,"{'amplitude': 103.78156837253269, 'color': 0.021335418219772494, 's1': 0.001120972903244721, 's2': 0.9050825968995306, 's3': 1.7122122535928392, 't0': 55889.85720214132}","{'amplitude': 0.5601593894640503, 'color': 0.033510511448411454, 's1': 1.0575049753892936, 's2': 1.5191702867277121, 's3': 1.5825315111681204, 't0': 2.1806714541181367}","[[ 4.75532799e+00  8.46950436e-01 -1.01631576e-02 -1.84387422e+00
  -2.14636552e+00 -2.50349993e+00]
 [ 8.46950436e-01  3.13778542e-01 -1.03408205e-02 -4.82373311e-01
  -6.11578206e-01 -6.81290921e-01]
 [-1.01631576e-02 -1.03408205e-02  1.12295438e-03  1.12755584e-02
  -3.45114539e-03  1.27982284e-02]
 [-1.84387422e+00 -4.82373311e-01  1.12755584e-02  1.11831677e+00
   1.02720931e+00  1.10670272e+00]
 [-2.14636552e+00 -6.11578206e-01 -3.45114539e-03  1.02720931e+00
   2.30787836e+00  1.42001407e+00]
 [-2.50349993e+00 -6.81290921e-01  1.27982284e-02  1.10670272e+00
   1.42001407e+00  2.50440598e+00]]","{'amplitude': 104.70279255579847, 'color': -0.0650398875942167, 's1': -1.7145191923241134, 's2': 0.7066792838535972, 's3': -0.025242570674979984, 't0': 55890.09445733142}","{'amplitude': 0.43552147703880606, 'color': 0.057052905225610406, 's1': 0.8861290170577252, 's2': 1.0041425588620503, 's3': 1.7971079215186503, 't0': 1.3720010759618835}","[[ 1.88238695 -0.14582738  0.04216145  0.70637948 -0.40743799  0.43554184]
 [-0.14582738  0.18967896 -0.0208381  -0.19735201 -0.08407379 -0.50012716]
 [ 0.04216145 -0.0208381   0.00325503  0.03644604 -0.01573146  0.0546495 ]
 [ 0.70637948 -0.19735201  0.03644604  0.78522463 -0.26442359  0.66710975]
 [-0.40743799 -0.08407379 -0.01573146 -0.26442359  1.00830228  0.56769541]
 [ 0.43554184 -0.50012716  0.0546495   0.66710975  0.56769541  3.22959688]]"
psc330128,"{'amplitude': 103.79909973190561, 'color': -0.11705664718680846, 's1': -0.00719850782602926, 's2': 0.3309553377020557, 's3': -0.021542069308069785, 't0': 55890.875711563596}","{'amplitude': 0.24896516135125052, 'color': 0.028199416770265565, 's1': 0.3626122483374711, 's2': 0.48277039465968985, 's3': 0.9458019880644184, 't0': 0.48950620576656634}","[[ 2.39616325e-01 -9.36233739e-03  3.25097534e-03 -3.07575963e-02
  -3.73782933e-02 -1.39669903e-01]
 [-9.36233739e-03  6.19836516e-02 -6.17109522e-03 -3.41671591e-02
  -1.04055337e-02 -1.23432863e-01]
 [ 3.25097534e-03 -6.17109522e-03  7.95207106e-04  2.48733606e-03
  -3.96476931e-03  9.50550937e-03]
 [-3.07575963e-02 -3.41671591e-02  2.48733606e-03  1.31487643e-01
  -1.48299482e-02  1.30394355e-01]
 [-3.73782933e-02 -1.04055337e-02 -3.96476931e-03 -1.48299482e-02
   2.33067254e-01  6.82698962e-02]
 [-1.39669903e-01 -1.23432863e-01  9.50550937e-03  1.30394355e-01
   6.82698962e-02  8.94541401e-01]]","{'amplitude': 103.75179670542146, 'color': -0.12988766219851056, 's1': 0.01380087847378041, 's2': 0.9440010472774365, 's3': 0.2760056694013833, 't0': 55890.90419294691}","{'amplitude': 0.3218401041209826, 'color': 0.03694429514975464, 's1': 0.45677409460431223, 's2': 0.7783146409500598, 's3': 1.0903177520296492, 't0': 0.5547059974776571}","[[ 0.30769874 -0.02110519  0.00546904 -0.01991771 -0.08505122 -0.16025112]
 [-0.02110519  0.10358105 -0.00935342 -0.0807484  -0.047      -0.22008345]
 [ 0.00546904 -0.00935342  0.00136488  0.00721914 -0.0107205   0.01867556]
 [-0.01991771 -0.0807484   0.00721914  0.20864257 -0.01069488  0.27250746]
 [-0.08505122 -0.047      -0.0107205  -0.01069488  0.60577368  0.20716028]
 [-0.16025112 -0.22008345  0.01867556  0.27250746  0.20716028  1.1887928 ]]"
psc330146,"{'amplitude': 98.95061521780502, 'color': 0.05441732334302928, 's1': 1.3987268323579534, 's2': 0.8411126533607522, 's3': -0.05634496532924111, 't0': 55893.30848526015}","{'amplitude': 0.13868591470350086, 'color': 0.014514703929235302, 's1': 0.0908342755023749, 's2': 0.21576067413465194, 's3': 0.18894038345873743, 't0': 0.2139836776462609}","[[ 0.04578901  0.01235876 -0.00073056 -0.00987178 -0.01957783 -0.01314205]
 [ 0.01235876  0.01923378 -0.00172915 -0.00660487 -0.01632962 -0.00268334]
 [-0.00073056 -0.00172915  0.00021068  0.00015839  0.00096853 -0.00024489]
 [-0.00987178 -0.00660487  0.00015839  0.00825087  0.00540548  0.00802375]
 [-0.01957783 -0.01632962  0.00096853  0.00540548  0.04655267  0.00231537]
 [-0.01314205 -0.00268334 -0.00024489  0.00802375  0.00231537  0.03569847]]","{'amplitude': 99.05750861097327, 'color': 0.04601226253147997, 's1': 1.3107438679363932, 's2': 0.7870581287131119, 's3': -0.175642030184034, 't0': 55893.413025064016}","{'amplitude': 0.21936850525432078, 'color': 0.01860200121514736, 's1': 0.1644709634691113, 's2': 0.31950355360819477, 's3': 0.4723694982714065, 't0': 0.28791870764086347}","[[ 0.08289718  0.02900512 -0.00159861 -0.02693756 -0.02470433 -0.07186177]
 [ 0.02900512  0.04812254 -0.00358317 -0.02475695 -0.03864692 -0.0560087 ]
 [-0.00159861 -0.00358317  0.00034603  0.00108846  0.00226634  0.00313307]
 [-0.02693756 -0.02475695  0.00108846  0.0270507   0.00996225  0.04641444]
 [-0.02470433 -0.03864692  0.00226634  0.00996225  0.10208252  0.04028293]
 [-0.07186177 -0.0560087   0.00313307  0.04641444  0.04028293  0.22313294]]"
psc340125,"{'amplitude': 102.26737452116683, 'color': 0.07861389927840144, 's1': 1.1069061041571344, 's2': 1.2557285023454519, 's3': -0.7308020062139285, 't0': 55905.13029110572}","{'amplitude': 1.2718316890845895, 'color': 0.08129706141533795, 's1': 1.9230792546699385, 's2': 2.3197698433637273, 's3': 1.7833736246557288, 't0': 1.979559664926778}","[[ 3.91865647e+00  1.38105011e+00 -1.63895675e-02 -2.74555489e+00
  -2.49474911e+00 -1.03859405e+00]
 [ 1.38105011e+00  1.61755585e+00 -5.36182047e-02 -1.67055697e+00
  -2.34349015e+00 -8.81972796e-01]
 [-1.63895675e-02 -5.36182047e-02  6.60921219e-03 -5.25270787e-03
   1.96038799e-02  3.98574485e-02]
 [-2.74555489e+00 -1.67055697e+00 -5.25270787e-03  3.69823382e+00
   3.05709640e+00  1.66578262e+00]
 [-2.49474911e+00 -2.34349015e+00  1.96038799e-02  3.05709640e+00
   5.38133213e+00  1.95401451e+00]
 [-1.03859405e+00 -8.81972796e-01  3.98574485e-02  1.66578262e+00
   1.95401451e+00  3.18042149e+00]]","{'amplitude': 101.47493776507504, 'color': 0.057198673465410944, 's1': 2.3098064359553105, 's2': 1.8474648289234723, 's3': -0.38905694661670354, 't0': 55905.20398437928}","{'amplitude': 1.4517215281696754, 'color': 0.11736977413728555, 's1': 1.718087897925443, 's2': 1.7621016161610743, 's3': 1.486876306128486, 't0': 1.3754051112162566}","[[ 1.89173922  0.72507804 -0.03395101 -1.16882605 -0.06785604 -0.1884673 ]
 [ 0.72507804  2.1074954  -0.11317292 -1.83597099 -0.11792452  0.18418654]
 [-0.03395101 -0.11317292  0.01377566  0.02554894 -0.04953962  0.05405848]
 [-1.16882605 -1.83597099  0.02554894  2.95182602  0.02312104 -0.6264285 ]
 [-0.06785604 -0.11792452 -0.04953962  0.02312104  3.10500211 -0.47649118]
 [-0.1884673   0.18418654  0.05405848 -0.6264285  -0.47649118  2.21080115]]"
psc340229,"{'amplitude': 99.09496085055879, 'color': 0.07578832500710539, 's1': 0.3853320998382717, 's2': 0.7409307770560072, 's3': -0.7752096560143336, 't0': 55919.477379953314}","{'amplitude': 0.414898109851108, 'color': 0.05528194745538951, 's1': 0.5862173360472756, 's2': 0.5134756035701032, 's3': 0.582020900976946, 't0': 0.60377437986212}","[[ 0.3645435  -0.04992845  0.00335203 -0.18884492  0.08532321  0.10818368]
 [-0.04992845  0.17214044 -0.02206548  0.18245135 -0.17466155 -0.0511388 ]
 [ 0.00335203 -0.02206548  0.00305609 -0.02408669  0.02064503  0.00792344]
 [-0.18884492  0.18245135 -0.02408669  0.34365077 -0.24353165 -0.165961  ]
 [ 0.08532321 -0.17466155  0.02064503 -0.24353165  0.2636572   0.13612538]
 [ 0.10818368 -0.0511388   0.00792344 -0.165961    0.13612538  0.33874833]]","{'amplitude': 98.72309746687161, 'color': 0.12397941974357389, 's1': 0.13152972118014533, 's2': 0.658220599227055, 's3': 0.33570730944180005, 't0': 55919.66658546906}","{'amplitude': 0.4304535409165828, 'color': 0.056332085653751675, 's1': 0.6406966035798813, 's2': 0.5408053949812229, 's3': 1.3434530253449983, 't0': 0.752336956679656}","[[ 0.5660109  -0.05823287 -0.00269806 -0.15580116  0.151527    0.24863901]
 [-0.05823287  0.18529025 -0.02138417  0.15981907 -0.14106243 -0.30532699]
 [-0.00269806 -0.02138417  0.0031733  -0.0235501   0.01066089  0.02562782]
 [-0.15580116  0.15981907 -0.0235501   0.41049214 -0.12902669 -0.27295876]
 [ 0.151527   -0.14106243  0.01066089 -0.12902669  0.29247048  0.15206504]
 [ 0.24863901 -0.30532699  0.02562782 -0.27295876  0.15206504  1.80486603]]"
psc340309,"{'amplitude': 101.40682944117863, 'color': 0.014745936777679665, 's1': -0.5301861803486869, 's2': 0.5626116251418759, 's3': 3.917549872134807, 't0': 55922.57479898139}","{'amplitude': 0.3801834005520962, 'color': 0.05994275796521369, 's1': 0.9144751788435939, 's2': 1.0741974046618221, 's3': 0.5770948135683509, 't0': 1.3839801817458717}","[[ 1.91540114  0.16513766 -0.02419151 -0.55139803 -0.16445516 -0.29247329]
 [ 0.16513766  0.14453942 -0.01925267 -0.09054502 -0.12856694  0.01420039]
 [-0.02419151 -0.01925267  0.00359313 -0.00480927  0.00520261  0.00734274]
 [-0.55139803 -0.09054502 -0.00480927  0.83626485  0.09531784 -0.1009394 ]
 [-0.16445516 -0.12856694  0.00520261  0.09531784  1.15390006 -0.01310011]
 [-0.29247329  0.01420039  0.00734274 -0.1009394  -0.01310011  0.33303842]]","{'amplitude': 100.43238014813659, 'color': 0.02546893667024731, 's1': 0.5158127178852254, 's2': 2.9360855063846567, 's3': 1.1161919105131093, 't0': 55924.20069870198}","{'amplitude': 0.8408862872879567, 'color': 0.07398076557572072, 's1': 0.8726812311843972, 's2': 1.4468470036215495, 's3': 1.753884885004948, 't0': 1.9579556928906297}","[[ 3.8335905  -0.7361722   0.0132062  -0.50569042  1.56967582 -2.4581468 ]
 [-0.7361722   0.70708975 -0.04882059 -0.29491206 -0.97133672  0.79669309]
 [ 0.0132062  -0.04882059  0.00547315  0.01140133  0.03583197 -0.00984088]
 [-0.50569042 -0.29491206  0.01140133  0.76157253  0.54308766  0.0163946 ]
 [ 1.56967582 -0.97133672  0.03583197  0.54308766  2.09336625 -1.87132718]
 [-2.4581468   0.79669309 -0.00984088  0.0163946  -1.87132718  3.07611219]]"
psc340334,"{'amplitude': 104.42530421301694, 'color': -0.12270896541781119, 's1': -0.21383923154992696, 's2': -1.5160237968382118, 's3': -0.03364285486870513, 't0': 55912.812560064245}","{'amplitude': 0.37478724862325247, 'color': 0.04891353460744006, 's1': 0.6539706826688894, 's2': 0.3509257281809551, 's3': 0.9716364532584673, 't0': 2.117260341275785}","[[ 4.48279135e+00 -2.84054637e-01  4.63530101e-02  1.10088689e+00
  -4.22071398e-01  5.39549334e-01]
 [-2.84054637e-01  1.40465482e-01 -1.71241460e-02 -9.41145320e-02
   4.08147457e-02 -5.66692517e-02]
 [ 4.63530101e-02 -1.71241460e-02  2.39253387e-03  1.18003333e-02
  -6.31622132e-03  7.26617009e-03]
 [ 1.10088689e+00 -9.41145320e-02  1.18003333e-02  4.27677654e-01
  -1.44981217e-01  2.02407512e-01]
 [-4.22071398e-01  4.08147457e-02 -6.31622132e-03 -1.44981217e-01
   1.23148867e-01 -1.74275425e-01]
 [ 5.39549334e-01 -5.66692517e-02  7.26617009e-03  2.02407512e-01
  -1.74275425e-01  9.44077397e-01]]","{'amplitude': 104.13188497929292, 'color': -0.12280708988420745, 's1': 0.24469950226077614, 's2': -0.4410487189102455, 's3': 0.046932683118917705, 't0': 55913.842257295764}","{'amplitude': 0.8382791466671167, 'color': 0.094891322715753, 's1': 0.9399131863373518, 's2': 1.7363185815464444, 's3': 1.2671190972553794, 't0': 2.031005628600701}","[[ 4.12498386 -0.66034117  0.03384718  1.32754151  0.59606818  0.52523373]
 [-0.66034117  0.70271193 -0.06831917 -0.34718467 -0.04753705 -0.46517698]
 [ 0.03384718 -0.06831917  0.00900436  0.00993752 -0.04772274  0.04305462]
 [ 1.32754151 -0.34718467  0.00993752  0.8834368   0.14700552  0.1537763 ]
 [ 0.59606818 -0.04753705 -0.04772274  0.14700552  3.01480222  0.39109848]
 [ 0.52523373 -0.46517698  0.04305462  0.1537763   0.39109848  1.60559081]]"
psc340347,"{'amplitude': 102.38790045300254, 'color': -0.012223776285634917, 's1': -0.9413106120029319, 's2': 0.05415232879848545, 's3': -1.3300020746103536, 't0': 55910.744153217674}","{'amplitude': 0.3927626919273216, 'color': 0.04234393897579183, 's1': 0.8413109383263391, 's2': 1.1054879191872757, 's3': 2.4336780991264457, 't0': 2.0525485505605556}","[[ 4.21295555e+00 -9.38063011e-02  1.76175729e-02  7.47266069e-01
  -6.40415658e-01 -7.05303425e-01]
 [-9.38063011e-02  1.54262532e-01 -1.16260955e-02 -1.93747300e-02
  -1.20857602e-01  3.64373166e-01]
 [ 1.76175729e-02 -1.16260955e-02  1.79300917e-03 -3.85311299e-03
   8.95880481e-04 -2.25974766e-02]
 [ 7.47266069e-01 -1.93747300e-02 -3.85311299e-03  7.07804095e-01
  -1.18423776e-01  9.20698028e-01]
 [-6.40415658e-01 -1.20857602e-01  8.95880481e-04 -1.18423776e-01
   1.22210354e+00  4.01441306e-01]
 [-7.05303425e-01  3.64373166e-01 -2.25974766e-02  9.20698028e-01
   4.01441306e-01  5.92278909e+00]]","{'amplitude': 102.12565392876975, 'color': -0.00750516086278754, 's1': -0.6326562734450597, 's2': 0.6838126963015773, 's3': -1.1567101462378067, 't0': 55910.01498064921}","{'amplitude': 0.6768592581781518, 'color': 0.0758186027425146, 's1': 1.1482330328484376, 's2': 1.3347595598411144, 's3': 2.7354604755158176, 't0': 3.201240804324532}","[[ 1.02479427e+01 -1.12573419e+00  1.63171831e-01  1.13251867e+00
  -7.82804635e-01 -1.13074001e+00]
 [-1.12573419e+00  4.58138455e-01 -4.63796023e-02 -2.86085092e-01
  -1.13928139e-01  2.40230678e-01]
 [ 1.63171831e-01 -4.63796023e-02  5.74846052e-03  3.18252036e-02
  -9.30207606e-03 -1.87481211e-02]
 [ 1.13251867e+00 -2.86085092e-01  3.18252036e-02  1.31843910e+00
   3.78283851e-01  1.70504753e+00]
 [-7.82804635e-01 -1.13928139e-01 -9.30207606e-03  3.78283851e-01
   1.78158308e+00  1.99107604e+00]
 [-1.13074001e+00  2.40230678e-01 -1.87481211e-02  1.70504753e+00
   1.99107604e+00  7.48274401e+00]]"
psc350027,"{'amplitude': 103.19883901802586, 'color': 0.05222977686434086, 's1': 0.029563764751616692, 's2': 0.10808066080801014, 's3': 0.28267201191325186, 't0': 55942.356984680366}","{'amplitude': 0.19751311569166388, 'color': 0.03276978501639104, 's1': 0.28118054624404015, 's2': 0.6293816625559823, 's3': 0.916251224573437, 't0': 0.2995353220497925}","[[ 8.97214092e-02  1.23114935e-02  1.16459661e-04 -1.93417778e-02
   1.26525921e-02 -2.79668730e-02]
 [ 1.23114935e-02  3.90114309e-02 -5.73419843e-03  8.32452106e-03
   2.86721202e-02 -4.11774680e-02]
 [ 1.16459661e-04 -5.73419843e-03  1.07385881e-03 -3.46444850e-03
  -6.94008954e-03  7.66638024e-03]
 [-1.93417778e-02  8.32452106e-03 -3.46444850e-03  7.90624996e-02
  -9.13645719e-03  1.11627354e-01]
 [ 1.26525921e-02  2.86721202e-02 -6.94008954e-03 -9.13645719e-03
   3.96121277e-01 -9.59506408e-02]
 [-2.79668730e-02 -4.11774680e-02  7.66638024e-03  1.11627354e-01
  -9.59506408e-02  8.39516307e-01]]","{'amplitude': 103.26100928293499, 'color': 0.03280296760682482, 's1': 0.29404753409766665, 's2': 0.11877815511923959, 's3': 0.44784301052944786, 't0': 55942.17446235978}","{'amplitude': 0.28992354570326434, 'color': 0.043521564556611735, 's1': 0.3534338985582399, 's2': 0.682445097277458, 's3': 0.837572528861942, 't0': 0.35919024598241267}","[[ 0.12901763  0.0191637   0.00116264 -0.06306423  0.01112121 -0.09603508]
 [ 0.0191637   0.08405566 -0.01133219  0.00383973  0.07807307 -0.10220502]
 [ 0.00116264 -0.01133219  0.00189413 -0.00549024 -0.01384546  0.01172547]
 [-0.06306423  0.00383973 -0.00549024  0.12491552 -0.0368597   0.10637794]
 [ 0.01112121  0.07807307 -0.01384546 -0.0368597   0.46573131 -0.18364401]
 [-0.09603508 -0.10220502  0.01172547  0.10637794 -0.18364401  0.70152774]]"
psc350047,"{'amplitude': 102.88631195947717, 'color': -0.06302960113082982, 's1': 0.7776004993974442, 's2': 0.13493450981777372, 's3': -1.4680464378755442, 't0': 55936.06674690754}","{'amplitude': 0.33253697383836595, 'color': 0.040881513912411356, 's1': 0.39355262742473557, 's2': 0.8002821654625398, 's3': 0.9084585851919765, 't0': 0.5181505585875339}","[[ 0.26848     0.06136686 -0.01190849  0.10876303 -0.01562081  0.06958442]
 [ 0.06136686  0.11058084 -0.01072413  0.04150181 -0.04753564  0.17197787]
 [-0.01190849 -0.01072413  0.0016713  -0.00887392 -0.0008537  -0.00874826]
 [ 0.10876303  0.04150181 -0.00887392  0.15488367 -0.15007742  0.0808643 ]
 [-0.01562081 -0.04753564 -0.0008537  -0.15007742  0.64045154 -0.14916366]
 [ 0.06958442  0.17197787 -0.00874826  0.0808643  -0.14916366  0.825297  ]]","{'amplitude': 102.58208844956341, 'color': -0.027069445745513582, 's1': 0.8055332577609533, 's2': 0.10653061804529448, 's3': -1.3553097902456228, 't0': 55935.99751312291}","{'amplitude': 0.37572285335431976, 'color': 0.05229346699128357, 's1': 0.34510762463473865, 's2': 0.8032962531801903, 's3': 0.7681472250084092, 't0': 0.45914742895654914}","[[ 0.21081636  0.06864323 -0.01369835  0.06952179  0.04232935  0.01550954]
 [ 0.06864323  0.14116766 -0.01701397  0.01386754  0.05739804  0.09730195]
 [-0.01369835 -0.01701397  0.00273461 -0.0062641  -0.0153309  -0.0046856 ]
 [ 0.06952179  0.01386754 -0.0062641   0.11909927 -0.0900146   0.03543872]
 [ 0.04232935  0.05739804 -0.0153309  -0.0900146   0.64528487 -0.0897467 ]
 [ 0.01550954  0.09730195 -0.0046856   0.03543872 -0.0897467   0.59005016]]"
psc350050,"{'amplitude': 104.54075316472942, 'color': -0.04811960228681427, 's1': 0.06673937472317808, 's2': -0.20673423905788083, 's3': -0.8284945953715689, 't0': 55924.24957862408}","{'amplitude': 0.34485363643238565, 'color': 0.03800709946639296, 's1': 0.3830350425572378, 's2': 0.7885212935924164, 's3': 1.0592296306446407, 't0': 0.5232806730579979}","[[ 0.27382266  0.0569172  -0.00281902 -0.04452371  0.01207719  0.04041301]
 [ 0.0569172   0.11892403 -0.01131033 -0.05748657 -0.03317033  0.00400638]
 [-0.00281902 -0.01131033  0.00144454  0.00195513 -0.00340553 -0.00144025]
 [-0.04452371 -0.05748657  0.00195513  0.14671584  0.05611189  0.10028726]
 [ 0.01207719 -0.03317033 -0.00340553  0.05611189  0.62176583  0.50554845]
 [ 0.04041301  0.00400638 -0.00144025  0.10028726  0.50554845  1.12196741]]","{'amplitude': 104.96251191773874, 'color': -0.10319720817051355, 's1': 0.023912335529039992, 's2': -0.27123774677170837, 's3': -1.1036371953188606, 't0': 55924.339517033506}","{'amplitude': 0.73679750733565, 'color': 0.07813632679690241, 's1': 0.8032435522629255, 's2': 1.3933145690387958, 's3': 1.6555773736845076, 't0': 1.014043021484888}","[[ 1.02828325e+00  1.70293123e-01  1.17269108e-03 -2.92034775e-01
  -2.39025147e-01 -2.39489694e-01]
 [ 1.70293123e-01  5.42870567e-01 -5.38737692e-02 -3.20735224e-01
  -4.05871577e-01 -7.65461184e-01]
 [ 1.17269108e-03 -5.38737692e-02  6.10528557e-03  2.01115281e-02
   2.57246456e-02  7.17540691e-02]
 [-2.92034775e-01 -3.20735224e-01  2.01115281e-02  6.45200204e-01
   4.88782977e-01  7.05989615e-01]
 [-2.39025147e-01 -4.05871577e-01  2.57246456e-02  4.88782977e-01
   1.94132549e+00  1.74290493e+00]
 [-2.39489694e-01 -7.65461184e-01  7.17540691e-02  7.05989615e-01
   1.74290493e+00  2.74093644e+00]]"
psc350078,"{'amplitude': 103.73321274039122, 'color': 0.08262198167838289, 's1': -0.6319459252466957, 's2': 0.2102816464401934, 's3': -0.8168848772203732, 't0': 55932.34845580943}","{'amplitude': 0.40041115449408593, 'color': 0.07114587811745543, 's1': 0.6364670383818122, 's2': 0.9198912541549574, 's3': 1.098183230526324, 't0': 1.13081103209289}","[[ 1.27873359 -0.13458126  0.03001638  0.20799359 -0.05429598 -0.13588505]
 [-0.13458126  0.16032909 -0.0252533   0.08662974 -0.03582217  0.01916858]
 [ 0.03001638 -0.0252533   0.00506174 -0.01442969 -0.01690596  0.00582179]
 [ 0.20799359  0.08662974 -0.01442969  0.40509029 -0.10782656  0.00775498]
 [-0.05429598 -0.03582217 -0.01690596 -0.10782656  0.84619992  0.01339756]
 [-0.13588505  0.01916858  0.00582179  0.00775498  0.01339756  1.20600641]]","{'amplitude': 103.72404582060148, 'color': 0.0659132389501967, 's1': -0.6942539557422308, 's2': 0.3586540565444452, 's3': -0.6806892702549979, 't0': 55931.80606697086}","{'amplitude': 0.7101974271262921, 'color': 0.11311454255865552, 's1': 1.038751978498755, 's2': 1.02456904025549, 's3': 1.8551465723008824, 't0': 1.526070547935557}","[[ 2.32889132 -0.22450497  0.04099818  0.2945719   0.07784099 -0.30669774]
 [-0.22450497  0.50438039 -0.07469304  0.22630332  0.00678611  0.31492772]
 [ 0.04099818 -0.07469304  0.0127949  -0.05480925 -0.0210367  -0.005171  ]
 [ 0.2945719   0.22630332 -0.05480925  1.07900567 -0.07044849 -0.53806159]
 [ 0.07784099  0.00678611 -0.0210367  -0.07044849  1.04974172 -0.33557044]
 [-0.30669774  0.31492772 -0.005171   -0.53806159 -0.33557044  3.4415688 ]]"
psc350080,"{'amplitude': 103.34598463422175, 'color': -0.1115133602819904, 's1': 0.3857923794364509, 's2': 0.2460488059455432, 's3': 1.1493782577930969, 't0': 55949.539887568906}","{'amplitude': 0.24553721045434188, 'color': 0.02522555220974747, 's1': 0.3461048351647824, 's2': 0.578347481743271, 's3': 0.7529640761966402, 't0': 0.9843895582604241}","[[ 9.69022802e-01  5.86507671e-02  5.01418043e-03 -7.62790734e-02
  -3.25451125e-01 -5.17206361e-01]
 [ 5.86507671e-02  6.02885217e-02 -5.04544568e-03 -3.17010440e-02
  -4.54092704e-02 -7.22394702e-02]
 [ 5.01418043e-03 -5.04544568e-03  6.36328484e-04  1.24789129e-03
  -2.07758995e-03 -5.67827019e-04]
 [-7.62790734e-02 -3.17010440e-02  1.24789129e-03  1.19788557e-01
   8.02780273e-03  7.21773675e-02]
 [-3.25451125e-01 -4.54092704e-02 -2.07758995e-03  8.02780273e-03
   3.34485810e-01  1.95778032e-01]
 [-5.17206361e-01 -7.22394702e-02 -5.67827019e-04  7.21773675e-02
   1.95778032e-01  5.66954900e-01]]","{'amplitude': 103.6093999354599, 'color': -0.1608875281749736, 's1': -0.2477656122178189, 's2': 1.4089331471114557, 's3': 0.9022741193160804, 't0': 55949.24605867889}","{'amplitude': 0.3669866220303428, 'color': 0.03529450868680776, 's1': 0.5982209873158816, 's2': 1.1684498567120036, 's3': 0.8285429844155568, 't0': 0.9021891047033245}","[[ 8.13945181e-01 -6.00974205e-02  1.49413260e-02  1.85893915e-01
  -2.65324547e-01 -3.22528403e-01]
 [-6.00974205e-02  1.34679181e-01 -8.76277649e-03  5.91494892e-02
  -2.02515462e-01 -1.13365770e-01]
 [ 1.49413260e-02 -8.76277649e-03  1.24570234e-03  6.27976707e-03
  -1.11287910e-02  6.78406137e-04]
 [ 1.85893915e-01  5.91494892e-02  6.27976707e-03  3.57868350e-01
  -5.59702031e-01 -1.94045806e-01]
 [-2.65324547e-01 -2.02515462e-01 -1.11287910e-02 -5.59702031e-01
   1.36527507e+00  3.59079611e-01]
 [-3.22528403e-01 -1.13365770e-01  6.78406137e-04 -1.94045806e-01
   3.59079611e-01  6.86483477e-01]]"
psc350083,"{'amplitude': 104.48052456730598, 'color': -0.14215806948600315, 's1': -0.6531012389069137, 's2': 0.36730203377194987, 's3': 2.442912018570098, 't0': 55944.50939861426}","{'amplitude': 0.24799122200571783, 'color': 0.034427093002044926, 's1': 0.4274562979300013, 's2': 0.5715534909844993, 's3': 0.4278467755374988, 't0': 0.8051621035349462}","[[ 6.48286013e-01 -6.04501952e-02  1.56220634e-02 -1.05137589e-01
  -1.19989698e-01 -2.18647267e-01]
 [-6.04501952e-02  6.14996462e-02 -7.86903458e-03 -2.54863769e-02
  -5.76185989e-02  2.15005820e-02]
 [ 1.56220634e-02 -7.86903458e-03  1.18522473e-03  4.15794146e-04
   3.41306046e-03 -7.16641577e-03]
 [-1.05137589e-01 -2.54863769e-02  4.15794146e-04  1.82718887e-01
   8.12313788e-02  8.24243281e-02]
 [-1.19989698e-01 -5.76185989e-02  3.41306046e-03  8.12313788e-02
   3.26673393e-01  1.07360161e-02]
 [-2.18647267e-01  2.15005820e-02 -7.16641577e-03  8.24243281e-02
   1.07360161e-02  1.83052863e-01]]","{'amplitude': 104.07715834463755, 'color': -0.09897704344452286, 's1': -0.1275382433136961, 's2': 0.5549469596637756, 's3': 2.470791340517998, 't0': 55944.77119167364}","{'amplitude': 0.48650360828981, 'color': 0.058126009422924826, 's1': 0.7455778592396552, 's2': 0.8368398158837564, 's3': 1.124660579968978, 't0': 2.02064696766171}","[[ 4.08301417e+00 -9.32820199e-02  5.19966426e-02 -1.13335559e-01
  -5.35577779e-01 -1.71047167e+00]
 [-9.32820199e-02  2.36685761e-01 -2.57147096e-02 -2.42970669e-01
  -2.30519107e-01 -2.59037394e-02]
 [ 5.19966426e-02 -2.57147096e-02  3.37863297e-03  2.47517691e-02
   1.48452454e-02 -1.92998000e-02]
 [-1.13335559e-01 -2.42970669e-01  2.47517691e-02  5.55886344e-01
   2.16608072e-01  6.02584492e-02]
 [-5.35577779e-01 -2.30519107e-01  1.48452454e-02  2.16608072e-01
   7.00300877e-01  2.68408163e-01]
 [-1.71047167e+00 -2.59037394e-02 -1.92998000e-02  6.02584492e-02
   2.68408163e-01  1.26486142e+00]]"
psc350192,"{'amplitude': 103.40987405857913, 'color': -0.06075214842930799, 's1': -0.01505513500141474, 's2': 0.3979056990874872, 's3': 0.22567096526437153, 't0': 55952.97737072388}","{'amplitude': 0.18654082632605687, 'color': 0.016594836807579522, 's1': 0.23454406642408265, 's2': 0.6731523251655593, 's3': 0.877516526667059, 't0': 0.338073083813242}","[[ 1.14293410e-01  2.41143839e-02  6.32790567e-07 -1.97957875e-02
  -1.00691360e-01 -1.80304233e-01]
 [ 2.41143839e-02  3.47974799e-02 -2.08151381e-03 -4.95128895e-03
  -8.35617803e-02 -9.90769846e-02]
 [ 6.32790567e-07 -2.08151381e-03  2.75388609e-04 -7.18591535e-04
   3.42823800e-04  1.70260984e-03]
 [-1.97957875e-02 -4.95128895e-03 -7.18591535e-04  5.50109191e-02
  -8.33139446e-03  8.42394651e-02]
 [-1.00691360e-01 -8.35617803e-02  3.42823800e-04 -8.33139446e-03
   4.53134053e-01  3.01506349e-01]
 [-1.80304233e-01 -9.90769846e-02  1.70260984e-03  8.42394651e-02
   3.01506349e-01  7.70035255e-01]]","{'amplitude': 103.66498769280116, 'color': -0.0899590363359756, 's1': -0.04910587815238704, 's2': 0.43451932770561236, 's3': -0.38964404592251184, 't0': 55953.068243623864}","{'amplitude': 0.20231425414354226, 'color': 0.02434915348535209, 's1': 0.25706462537197267, 's2': 0.5541424790491113, 's3': 0.6776339844676345, 't0': 0.29307171944041455}","[[ 8.58910327e-02  4.18724583e-04  2.91239977e-04  1.14969369e-02
  -3.28654529e-02 -4.47251530e-02]
 [ 4.18724583e-04  4.09310574e-02 -4.30616325e-03 -8.69637920e-03
  -2.07485806e-02 -8.22479219e-02]
 [ 2.91239977e-04 -4.30616325e-03  5.92881275e-04  1.06680935e-03
  -3.21337038e-03  7.73476931e-03]
 [ 1.14969369e-02 -8.69637920e-03  1.06680935e-03  6.60822216e-02
  -4.89173445e-02 -1.69094278e-02]
 [-3.28654529e-02 -2.07485806e-02 -3.21337038e-03 -4.89173445e-02
   3.07073887e-01  1.39526523e-01]
 [-4.47251530e-02 -8.22479219e-02  7.73476931e-03 -1.69094278e-02
   1.39526523e-01  4.59187817e-01]]"
psc350233,"{'amplitude': 100.42920608096074, 'color': -0.007402851069608607, 's1': 0.4775665737855613, 's2': 0.37670700080189806, 's3': -0.03137176678545593, 't0': 55958.58525132053}","{'amplitude': 0.07394487175486389, 'color': 0.0093090578200975, 's1': 0.043479702760478446, 's2': 0.12049857869064595, 's3': 0.17621435648248487, 't0': 0.09828053717882332}","[[ 9.65906399e-03 -5.46987186e-04  1.56745428e-04 -1.90765109e-03
  -3.07525587e-03 -6.13435300e-03]
 [-5.46987186e-04  5.46784406e-03 -6.34662567e-04  4.54965346e-05
  -3.52516440e-03  2.40609567e-03]
 [ 1.56745428e-04 -6.34662567e-04  8.66585575e-05 -7.86591074e-05
   1.49785769e-04 -4.31088574e-04]
 [-1.90765109e-03  4.54965346e-05 -7.86591074e-05  1.89048455e-03
   3.42221500e-04  2.10800463e-03]
 [-3.07525587e-03 -3.52516440e-03  1.49785769e-04  3.42221500e-04
   1.45199075e-02 -1.29776490e-04]
 [-6.13435300e-03  2.40609567e-03 -4.31088574e-04  2.10800463e-03
  -1.29776490e-04  3.10514994e-02]]","{'amplitude': 100.41280875583313, 'color': -0.004918940822810254, 's1': 0.41167652548460576, 's2': 0.43381099641418003, 's3': -0.14306572680247334, 't0': 55958.654920190456}","{'amplitude': 0.07902881064461353, 'color': 0.009411065598400844, 's1': 0.06690367615789022, 's2': 0.1330594322232411, 's3': 0.2412859666231389, 't0': 0.09865477450579672}","[[ 9.73276453e-03  1.92710217e-04  2.68027143e-05 -2.34475587e-03
  -2.71348353e-03 -8.12396884e-03]
 [ 1.92710217e-04  6.24555291e-03 -6.79222699e-04 -5.20230197e-04
  -4.22853756e-03  1.98934648e-04]
 [ 2.68027143e-05 -6.79222699e-04  8.85681557e-05 -3.43540778e-05
   1.67422092e-04 -1.30985802e-04]
 [-2.34475587e-03 -5.20230197e-04 -3.43540778e-05  4.47610188e-03
  -2.86113665e-04  5.39772909e-03]
 [-2.71348353e-03 -4.22853756e-03  1.67422092e-04 -2.86113665e-04
   1.77048125e-02 -4.62961943e-04]
 [-8.12396884e-03  1.98934648e-04 -1.30985802e-04  5.39772909e-03
  -4.62961943e-04  5.82189177e-02]]"
psc350316,"{'amplitude': 96.06990066606242, 'color': -0.017081582181719037, 's1': -0.6790092877763518, 's2': 1.0582197383132024, 's3': 0.6334580498546858, 't0': 55965.985195282934}","{'amplitude': 0.09450061704963512, 'color': 0.009872536156229314, 's1': 0.14963392520912025, 's2': 0.3067217113855188, 's3': 0.11972733962221294, 't0': 0.05082820734562228}","[[ 2.58350666e-03 -4.21921960e-04  5.59756173e-05 -3.44065131e-03
   4.26524215e-03  2.77863592e-03]
 [-4.21921960e-04  8.93036662e-03 -8.90410419e-04  9.79471720e-03
  -2.48471883e-02 -6.90898296e-03]
 [ 5.59756173e-05 -8.90410419e-04  9.74669702e-05 -9.07672991e-04
   2.32114560e-03  6.25938264e-04]
 [-3.44065131e-03  9.79471720e-03 -9.07672991e-04  2.23903116e-02
  -4.18793534e-02 -1.67308936e-02]
 [ 4.26524215e-03 -2.48471883e-02  2.32114560e-03 -4.18793534e-02
   9.40782082e-02  3.27550859e-02]
 [ 2.77863592e-03 -6.90898296e-03  6.25938264e-04 -1.67308936e-02
   3.27550859e-02  1.43346359e-02]]","{'amplitude': 96.41044643365089, 'color': -0.05570723668963649, 's1': -0.5201965572834626, 's2': 0.8526390769067601, 's3': 0.3287121728565832, 't0': 55965.83943262863}","{'amplitude': 0.08590596046487937, 'color': 0.009651328773712699, 's1': 0.17778109551198282, 's2': 0.2817423630567211, 's3': 0.09162425108929288, 't0': 0.11065553460110239}","[[ 1.22446473e-02 -5.08158126e-03  2.44066952e-04 -1.80879017e-02
   2.70048739e-02  7.78692426e-03]
 [-5.08158126e-03  7.37983404e-03 -7.58767431e-04  8.29041807e-03
  -1.01870401e-02 -4.66590460e-03]
 [ 2.44066952e-04 -7.58767431e-04  9.31481471e-05 -4.50549503e-04
   2.98116872e-04  3.36085049e-04]
 [-1.80879017e-02  8.29041807e-03 -4.50549503e-04  3.16061179e-02
  -4.72962994e-02 -1.11335885e-02]
 [ 2.70048739e-02 -1.01870401e-02  2.98116872e-04 -4.72962994e-02
   7.93787591e-02  1.51871153e-02]
 [ 7.78692426e-03 -4.66590460e-03  3.36085049e-04 -1.11335885e-02
   1.51871153e-02  8.39500339e-03]]"
psc350548,"{'amplitude': 100.18952038818412, 'color': -0.02982870418772672, 's1': -0.988350145844345, 's2': 0.7899627803894556, 's3': 0.6814763931838395, 't0': 55964.66339301577}","{'amplitude': 0.1313883382133242, 'color': 0.014136236979999797, 's1': 0.19902855239101735, 's2': 0.32729677320013095, 's3': 0.4870604047651688, 't0': 0.12220606859383333}","[[ 1.49343232e-02 -6.18225794e-04 -5.08592102e-05 -3.42333849e-03
   7.54752326e-03  6.73591993e-03]
 [-6.18225794e-04  1.72628954e-02 -1.53734745e-03  1.98807229e-02
  -2.46522984e-02  4.76149427e-03]
 [-5.08592102e-05 -1.53734745e-03  1.99833196e-04 -1.30889930e-03
   3.88547668e-04 -3.37513291e-03]
 [-3.42333849e-03  1.98807229e-02 -1.30889930e-03  3.96123647e-02
  -4.10573805e-02 -2.35214668e-02]
 [ 7.54752326e-03 -2.46522984e-02  3.88547668e-04 -4.10573805e-02
   1.07123178e-01  8.73724074e-02]
 [ 6.73591993e-03  4.76149427e-03 -3.37513291e-03 -2.35214668e-02
   8.73724074e-02  2.37227838e-01]]","{'amplitude': 100.18316162171773, 'color': -0.02730843669866356, 's1': -1.0337607216241753, 's2': 0.8157129442886359, 's3': 0.32439114175301265, 't0': 55964.692892548606}","{'amplitude': 0.12269949427228648, 'color': 0.0152531018037898, 's1': 0.1940969419813401, 's2': 0.27122479263037774, 's3': 0.7870035222697853, 't0': 0.12503928614998772}","[[ 1.56348231e-02 -8.49503619e-04  5.19845075e-04  4.16834597e-03
  -1.02809725e-02 -4.74540122e-02]
 [-8.49503619e-04  1.50551659e-02 -1.48940875e-03  1.46744531e-02
  -1.48982326e-02  2.09124873e-02]
 [ 5.19845075e-04 -1.48940875e-03  2.32657115e-04 -8.16203951e-04
  -4.15171602e-04 -7.22511440e-03]
 [ 4.16834597e-03  1.46744531e-02 -8.16203951e-04  3.76736229e-02
  -3.19721001e-02 -2.61364071e-02]
 [-1.02809725e-02 -1.48982326e-02 -4.15171602e-04 -3.19721001e-02
   7.35628881e-02  8.97194970e-02]
 [-4.74540122e-02  2.09124873e-02 -7.22511440e-03 -2.61364071e-02
   8.97194970e-02  6.19374544e-01]]"
psc350630,"{'amplitude': 103.2314718474165, 'color': -0.06675471346382923, 's1': -0.7781708654282203, 's2': 0.7938559678853256, 's3': 0.6580391809286554, 't0': 55963.72115326337}","{'amplitude': 0.22768726792719293, 'color': 0.019234506274253146, 's1': 0.3806054718183565, 's2': 0.7302223428820653, 's3': 0.8201159418552906, 't0': 0.23955056667249355}","[[ 5.73844740e-02  2.54371452e-02 -1.23533555e-03 -1.93692972e-02
  -7.79968230e-02 -7.75505325e-02]
 [ 2.54371452e-02  5.18414920e-02 -3.24933289e-03 -1.34925210e-02
  -1.19330619e-01 -1.22950896e-01]
 [-1.23533555e-03 -3.24933289e-03  3.69966232e-04 -3.87131425e-04
   2.43653809e-03  5.00447696e-03]
 [-1.93692972e-02 -1.34925210e-02 -3.87131425e-04  1.44860525e-01
   1.69603131e-02  8.13779207e-02]
 [-7.79968230e-02 -1.19330619e-01  2.43653809e-03  1.69603131e-02
   5.33224670e-01  3.49157788e-01]
 [-7.75505325e-02 -1.22950896e-01  5.00447696e-03  8.13779207e-02
   3.49157788e-01  6.72590158e-01]]","{'amplitude': 103.41001132179775, 'color': -0.08318520983891939, 's1': -0.9943331852353198, 's2': 0.5668291663919447, 's3': -0.09921898711100449, 't0': 55963.63974761978}","{'amplitude': 0.18935251011147697, 'color': 0.02125011175499587, 's1': 0.3794502291518494, 's2': 0.7534237884380268, 's3': 1.1831810468374064, 't0': 0.27364198254008}","[[ 7.48799346e-02  1.55428437e-02 -3.10890383e-04 -9.08687336e-03
  -6.06019725e-02 -1.23390836e-01]
 [ 1.55428437e-02  3.58543731e-02 -2.44645656e-03 -1.31041620e-02
  -5.14066457e-02 -6.76458868e-02]
 [-3.10890383e-04 -2.44645656e-03  4.51567250e-04  3.34412734e-03
  -5.84645132e-03  1.10953478e-03]
 [-9.08687336e-03 -1.31041620e-02  3.34412734e-03  1.43982476e-01
  -1.21725726e-01 -5.51120933e-02]
 [-6.06019725e-02 -5.14066457e-02 -5.84645132e-03 -1.21725726e-01
   5.67647405e-01  4.57658951e-01]
 [-1.23390836e-01 -6.76458868e-02  1.10953478e-03 -5.51120933e-02
   4.57658951e-01  1.39991739e+00]]"
psc360112,"{'amplitude': 100.7883622431812, 'color': -0.14005872629217067, 's1': -1.4439410157326609, 's2': 1.0189490278583768, 's3': 0.40198113837598015, 't0': 55985.37015005559}","{'amplitude': 0.09700872530624871, 'color': 0.010235086542710055, 's1': 0.5038836962463876, 's2': 0.25489800516964073, 's3': 0.49577290776616545, 't0': 0.17995101588836326}","[[ 3.23823681e-02 -2.91581536e-03  9.68722481e-05 -5.92058600e-02
   2.31869021e-02 -4.40861872e-02]
 [-2.91581536e-03  9.41069279e-03 -8.99298206e-04  1.56549648e-02
  -1.43185666e-02  2.11224933e-02]
 [ 9.68722481e-05 -8.99298206e-04  1.04756997e-04 -1.04748588e-03
   7.22925168e-04 -1.65607389e-03]
 [-5.92058600e-02  1.56549648e-02 -1.04748588e-03  2.53898779e-01
  -8.86199179e-02  1.92679721e-01]
 [ 2.31869021e-02 -1.43185666e-02  7.22925168e-04 -8.86199179e-02
   6.49729930e-02 -9.30324004e-02]
 [-4.40861872e-02  2.11224933e-02 -1.65607389e-03  1.92679721e-01
  -9.30324004e-02  2.45790776e-01]]","{'amplitude': 100.76389745758108, 'color': -0.1384360953970156, 's1': -1.3899927603975706, 's2': 0.9442078501573402, 's3': 0.5178184498085203, 't0': 55985.52646997385}","{'amplitude': 0.09627663396464316, 'color': 0.01089051637479013, 's1': 0.5691725062041133, 's2': 0.4400326609191584, 's3': 0.6001449394784437, 't0': 0.15503893760139512}","[[ 2.40370722e-02 -1.64469987e-03  1.84922752e-05  1.91639844e-02
  -9.05373971e-03  2.31767564e-02]
 [-1.64469987e-03  9.26919025e-03 -9.33965419e-04  4.74707533e-03
  -8.93287255e-03  5.66044695e-03]
 [ 1.84922752e-05 -9.33965419e-04  1.18603347e-04  9.59420264e-04
  -5.05162262e-04  5.21170502e-04]
 [ 1.91639844e-02  4.74707533e-03  9.59420264e-04  3.23957342e-01
  -2.37612990e-01  3.15158898e-01]
 [-9.05373971e-03 -8.93287255e-03 -5.05162262e-04 -2.37612990e-01
   1.93628743e-01 -2.35725400e-01]
 [ 2.31767564e-02  5.66044695e-03  5.21170502e-04  3.15158898e-01
  -2.35725400e-01  3.60173948e-01]]"
psc360139,"{'amplitude': 104.77622310608065, 'color': -0.0878086348126197, 's1': -1.0459725425373316, 's2': -0.09341791552220081, 's3': -1.5001749944635703, 't0': 55972.07763506547}","{'amplitude': 0.3481900396999851, 'color': 0.03747104190100605, 's1': 0.6996471041226422, 's2': 1.411735416506323, 's3': 1.2215203982506155, 't0': 0.6871104167935642}","[[ 4.72120725e-01 -8.72415316e-02  1.17028110e-02  1.46968202e-01
   5.05136322e-01  4.36191782e-01]
 [-8.72415316e-02  1.21236304e-01 -1.00820897e-02 -1.56012062e-01
  -2.90299681e-01 -1.96666644e-01]
 [ 1.17028110e-02 -1.00820897e-02  1.40407898e-03  1.51090851e-02
   8.45704172e-03  2.03684918e-02]
 [ 1.46968202e-01 -1.56012062e-01  1.51090851e-02  4.89506070e-01
   3.76504005e-01  3.99665344e-01]
 [ 5.05136322e-01 -2.90299681e-01  8.45704172e-03  3.76504005e-01
   1.99299689e+00  1.09998643e+00]
 [ 4.36191782e-01 -1.96666644e-01  2.03684918e-02  3.99665344e-01
   1.09998643e+00  1.49211208e+00]]","{'amplitude': 105.02732632895265, 'color': -0.12394956435631772, 's1': -1.267759976533039, 's2': -0.46181122115061773, 's3': -2.413678576496534, 't0': 55971.87698255203}","{'amplitude': 0.4010006276380258, 'color': 0.0577293558658579, 's1': 0.5891829179924524, 's2': 0.8219023726975144, 's3': 1.2357141381518884, 't0': 0.8355770182452222}","[[ 0.69818895 -0.18240425  0.02432726  0.22640742  0.4886342   0.46273955]
 [-0.18240425  0.1608015  -0.02107799 -0.1236778  -0.11011277 -0.27856395]
 [ 0.02432726 -0.02107799  0.00333268  0.01688442  0.00482739  0.05557984]
 [ 0.22640742 -0.1236778   0.01688442  0.34713651  0.13438843  0.35654593]
 [ 0.4886342  -0.11011277  0.00482739  0.13438843  0.67552351  0.03468236]
 [ 0.46273955 -0.27856395  0.05557984  0.35654593  0.03468236  1.52698943]]"
psc360140,"{'amplitude': 102.13927765584587, 'color': -0.05933903847707718, 's1': 0.43525614245619043, 's2': 0.0272308800950575, 's3': 0.2754600557421261, 't0': 55975.80045354609}","{'amplitude': 0.1060800580959563, 'color': 0.013839220539763684, 's1': 0.10598266866794125, 's2': 0.2730258836185152, 's3': 0.37027813036292445, 't0': 0.16623806832034513}","[[ 0.0276351  -0.00135114  0.00022372  0.00266776 -0.0106983   0.01623573]
 [-0.00135114  0.01125298 -0.00131943 -0.00168652 -0.00932999  0.00464707]
 [ 0.00022372 -0.00131943  0.00019152 -0.00017946  0.00068737 -0.00141783]
 [ 0.00266776 -0.00168652 -0.00017946  0.01123233 -0.00230499  0.0186177 ]
 [-0.0106983  -0.00932999  0.00068737 -0.00230499  0.07454313 -0.05989903]
 [ 0.01623573  0.00464707 -0.00141783  0.0186177  -0.05989903  0.13710589]]","{'amplitude': 102.23378665015764, 'color': -0.06861821496061313, 's1': 0.19139807563700548, 's2': 0.24090292923706152, 's3': -0.03418713739420059, 't0': 55975.739286529686}","{'amplitude': 0.13639167469424202, 'color': 0.015522498490574757, 's1': 0.229913306576724, 's2': 0.42784659450301227, 's3': 0.523359054897279, 't0': 0.18991946540404983}","[[ 3.60694033e-02 -3.05285279e-03  5.34677167e-04  1.64441659e-03
  -1.27465771e-02  2.13114231e-02]
 [-3.05285279e-03  1.86026889e-02 -1.82394210e-03 -9.32236707e-03
  -1.80425941e-02 -7.75107267e-03]
 [ 5.34677167e-04 -1.82394210e-03  2.40947959e-04  1.19644605e-04
  -5.31793540e-04  1.25750682e-03]
 [ 1.64441659e-03 -9.32236707e-03  1.19644605e-04  5.28601285e-02
   2.33811451e-02  1.06742512e-03]
 [-1.27465771e-02 -1.80425941e-02 -5.31793540e-04  2.33811451e-02
   1.83052708e-01 -9.14928466e-02]
 [ 2.13114231e-02 -7.75107267e-03  1.25750682e-03  1.06742512e-03
  -9.14928466e-02  2.73904700e-01]]"
psc360145,"{'amplitude': 101.1849735208039, 'color': -0.023069527056846336, 's1': -0.370317386783207, 's2': 0.1913646419551454, 's3': -0.5894036282622108, 't0': 55979.26265831236}","{'amplitude': 0.12302517858860726, 'color': 0.011621947276872296, 's1': 0.19738341884481184, 's2': 0.3357323949884934, 's3': 0.46113485200851967, 't0': 0.15666153236037722}","[[ 2.45428357e-02 -3.11503786e-03  3.00332257e-04 -8.01127808e-03
  -1.03820300e-03 -2.10513234e-02]
 [-3.11503786e-03  1.51351946e-02 -1.22930715e-03 -7.47514045e-03
  -2.06248534e-02  3.18844769e-02]
 [ 3.00332257e-04 -1.22930715e-03  1.35069659e-04  4.62584178e-04
   5.54830835e-04 -1.73772341e-03]
 [-8.01127808e-03 -7.47514045e-03  4.62584178e-04  3.89602140e-02
  -2.93798112e-03 -1.17564236e-02]
 [-1.03820300e-03 -2.06248534e-02  5.54830835e-04 -2.93798112e-03
   1.12716241e-01 -3.52291120e-02]
 [-2.10513234e-02  3.18844769e-02 -1.73772341e-03 -1.17564236e-02
  -3.52291120e-02  2.12645352e-01]]","{'amplitude': 101.09220520249873, 'color': -0.014497639385051136, 's1': -0.46132383563882423, 's2': 0.36952751189840033, 's3': -0.23875078518771628, 't0': 55979.35515255939}","{'amplitude': 0.1329376483457061, 'color': 0.013124400998321097, 's1': 0.37732793595731884, 's2': 0.6383718995326403, 's3': 0.5043910021663389, 't0': 0.17440249531953622}","[[ 3.04162304e-02 -5.54087762e-03  1.72755708e-04 -2.54777207e-02
   2.98766940e-02  1.66571064e-02]
 [-5.54087762e-03  1.76724183e-02 -1.31454057e-03  2.40237152e-03
  -4.19377685e-02 -3.51809272e-03]
 [ 1.72755708e-04 -1.31454057e-03  1.72249902e-04  1.62805227e-03
  -1.12604894e-03 -1.38122953e-04]
 [-2.54777207e-02  2.40237152e-03  1.62805227e-03  1.42376371e-01
  -1.59521938e-01 -5.62693232e-02]
 [ 2.98766940e-02 -4.19377685e-02 -1.12604894e-03 -1.59521938e-01
   4.07518682e-01  7.36212854e-02]
 [ 1.66571064e-02 -3.51809272e-03 -1.38122953e-04 -5.62693232e-02
   7.36212854e-02  2.54410283e-01]]"
psc360156,"{'amplitude': 93.31866125178392, 'color': 0.05350152209443924, 's1': 0.4558782229522256, 's2': 0.3851078598581756, 's3': 0.8703105919800661, 't0': 55989.01344356301}","{'amplitude': 0.1726137052675447, 'color': 0.028395585324240556, 's1': 0.147660199437376, 's2': 0.10931594856959408, 's3': 0.4484581657373104, 't0': 0.08149634415133811}","[[ 0.00664165  0.00397138 -0.00087847 -0.00213043  0.0047401  -0.00139357]
 [ 0.00397138  0.02979549 -0.00484537  0.01940739 -0.00898102  0.06937055]
 [-0.00087847 -0.00484537  0.00080631 -0.0030111   0.00112148 -0.0107875 ]
 [-0.00213043  0.01940739 -0.0030111   0.02180353 -0.01208038  0.06196595]
 [ 0.0047401  -0.00898102  0.00112148 -0.01208038  0.01194998 -0.03538995]
 [-0.00139357  0.06937055 -0.0107875   0.06196595 -0.03538995  0.20111473]]","{'amplitude': 93.07947364056238, 'color': 0.10013996803072014, 's1': -1.2752144960484493, 's2': 1.3317094246220946, 's3': 1.542471007876195, 't0': 55989.45308888524}","{'amplitude': 0.1376702046802516, 'color': 0.014078246818529268, 's1': 0.2981148925190968, 's2': 0.24207372596052829, 's3': 0.3969527047883132, 't0': 0.1784973753910763}","[[ 3.18613130e-02  7.25766924e-03 -1.61924082e-05  1.40992690e-02
  -4.22141703e-03 -3.72337043e-03]
 [ 7.25766924e-03  1.89530853e-02 -1.79145668e-03  3.84195695e-02
  -3.09637721e-02 -4.83032099e-02]
 [-1.61924082e-05 -1.79145668e-03  1.98197033e-04 -3.45088399e-03
   2.94202540e-03  4.51433025e-03]
 [ 1.40992690e-02  3.84195695e-02 -3.45088399e-03  8.88724891e-02
  -6.99444734e-02 -1.12728035e-01]
 [-4.22141703e-03 -3.09637721e-02  2.94202540e-03 -6.99444734e-02
   5.85996888e-02  9.12566994e-02]
 [-3.72337043e-03 -4.83032099e-02  4.51433025e-03 -1.12728035e-01
   9.12566994e-02  1.57571450e-01]]"
psc370098,"{'amplitude': 101.36971661941708, 'color': -0.07282115785123593, 's1': -0.8264443052024534, 's2': 1.1171481806298034, 's3': -0.7577266605889158, 't0': 56000.85340964583}","{'amplitude': 0.17247706479412706, 'color': 0.01186655955713984, 's1': 0.301688929938385, 's2': 0.366162435935301, 's3': 0.954712410342886, 't0': 0.3612538363796469}","[[ 1.30504334e-01 -1.03356247e-02  8.37689164e-04  6.98027503e-02
  -2.92462680e-02 -2.95355789e-01]
 [-1.03356247e-02  2.97483379e-02 -1.63196123e-03  5.85832433e-03
  -4.28461958e-02  7.76513148e-03]
 [ 8.37689164e-04 -1.63196123e-03  1.40815236e-04  1.00024385e-04
   1.19850738e-03 -1.06895465e-03]
 [ 6.98027503e-02  5.85832433e-03  1.00024385e-04  9.10162104e-02
  -6.49795189e-02 -2.42350501e-01]
 [-2.92462680e-02 -4.28461958e-02  1.19850738e-03 -6.49795189e-02
   1.34074929e-01  1.61157916e-01]
 [-2.95355789e-01  7.76513148e-03 -1.06895465e-03 -2.42350501e-01
   1.61157916e-01  9.11475786e-01]]","{'amplitude': 101.19522110107839, 'color': -0.04908553132944569, 's1': -0.5647287713035941, 's2': 1.1928916544674149, 's3': 1.2684166635526863, 't0': 56000.854067638385}","{'amplitude': 0.18257435135080424, 'color': 0.015706560465434637, 's1': 0.4510782545843582, 's2': 0.46750991629861965, 's3': 0.31269336358017635, 't0': 0.3461236719548171}","[[ 0.1198016   0.00541719  0.00164964  0.12300398 -0.07918147  0.03274449]
 [ 0.00541719  0.03333339 -0.00237736  0.01068092 -0.05483015 -0.02318477]
 [ 0.00164964 -0.00237736  0.0002467   0.00193775  0.00141481  0.00175132]
 [ 0.12300398  0.01068092  0.00193775  0.20347159 -0.14071092  0.03092414]
 [-0.07918147 -0.05483015  0.00141481 -0.14071092  0.21856552  0.01947882]
 [ 0.03274449 -0.02318477  0.00175132  0.03092414  0.01947882  0.09777714]]"
psc370344,"{'amplitude': 103.8399261840229, 'color': -0.05208147729710261, 's1': -0.04281593052940267, 's2': 0.531380520491891, 's3': 0.5961622554474466, 't0': 56009.182824253556}","{'amplitude': 0.27980720192267416, 'color': 0.022968464877569574, 's1': 0.332220863649134, 's2': 0.7531485817031238, 's3': 1.0726403697983296, 't0': 0.46750809847896646}","[[ 2.18563822e-01  3.15071419e-02  4.85938771e-04 -1.96841488e-02
  -1.44378066e-01 -1.95623117e-01]
 [ 3.15071419e-02  7.82920702e-02 -4.74561276e-03 -3.25236220e-02
  -1.51505332e-01 -2.30800553e-01]
 [ 4.85938771e-04 -4.74561276e-03  5.27550379e-04 -5.28911857e-04
   2.79637222e-03  7.90938327e-03]
 [-1.96841488e-02 -3.25236220e-02 -5.28911857e-04  1.10370702e-01
   7.06790851e-02  1.49863547e-01]
 [-1.44378066e-01 -1.51505332e-01  2.79637222e-03  7.06790851e-02
   5.67232786e-01  6.42252327e-01]
 [-1.95623117e-01 -2.30800553e-01  7.90938327e-03  1.49863547e-01
   6.42252327e-01  1.15055736e+00]]","{'amplitude': 103.83458857060728, 'color': -0.0518200614449835, 's1': 0.023625149383443636, 's2': 0.46519255168182416, 's3': 0.38997601367559603, 't0': 56009.55836040543}","{'amplitude': 0.3069725056822942, 'color': 0.029435011948841475, 's1': 0.35004413801740675, 's2': 0.8668759778732785, 's3': 1.0284156905275612, 't0': 0.47364317055618915}","[[ 2.24337853e-01  1.51615433e-02 -1.74922565e-03  5.64594680e-02
  -3.41939895e-02 -4.51029438e-02]
 [ 1.51615433e-02  9.42321192e-02 -6.68238584e-03 -2.75276860e-02
  -1.34678416e-01 -2.14430233e-01]
 [-1.74922565e-03 -6.68238584e-03  8.66419928e-04  1.94881621e-04
  -3.12033398e-03  7.01416972e-03]
 [ 5.64594680e-02 -2.75276860e-02  1.94881621e-04  1.22530899e-01
   1.36570738e-02  5.97933772e-02]
 [-3.41939895e-02 -1.34678416e-01 -3.12033398e-03  1.36570738e-02
   7.51473961e-01  6.44164416e-01]
 [-4.51029438e-02 -2.14430233e-01  7.01416972e-03  5.97933772e-02
   6.44164416e-01  1.05763883e+00]]"
psc370356,"{'amplitude': 91.33218121187522, 'color': 0.0331776587803462, 's1': -0.6328318763142944, 's2': 1.4328265922550898, 's3': 3.6778166656362794, 't0': 56019.096375031135}","{'amplitude': 0.2717222250223873, 'color': 0.03466749773124714, 's1': 0.2794313989374817, 's2': 0.24778071435130364, 's3': 0.3031584890501441, 't0': 0.2974414645052355}","[[ 0.08847142  0.03451002 -0.00402666 -0.02074087 -0.02050705  0.03234347]
 [ 0.03451002  0.07383297 -0.00896148 -0.03786673 -0.0446214   0.0658923 ]
 [-0.00402666 -0.00896148  0.00120184  0.00368017  0.00535191 -0.00652617]
 [-0.02074087 -0.03786673  0.00368017  0.07808191  0.05389804 -0.04943527]
 [-0.02050705 -0.0446214   0.00535191  0.05389804  0.06139528 -0.03239507]
 [ 0.03234347  0.0658923  -0.00652617 -0.04943527 -0.03239507  0.09190507]]","{'amplitude': 90.9612059159993, 'color': 0.15758703351535205, 's1': -1.6610367833340551, 's2': 1.2005454588667963, 's3': 2.6134240127734305, 't0': 56025.07816303258}","{'amplitude': 0.6020675043041976, 'color': 0.10889196089651695, 's1': 0.5357986189578751, 's2': 0.785834926779428, 's3': 0.9767750671813797, 't0': 4.288348194092402}","[[ 1.83899302e+01 -1.90214214e+00  4.27618944e-01  2.11182750e+00
  -1.22951974e+00 -3.69670639e+00]
 [-1.90214214e+00  3.62485280e-01 -6.06825880e-02 -2.17556020e-01
   1.97841622e-02  3.71301270e-01]
 [ 4.27618944e-01 -6.06825880e-02  1.18574591e-02  4.94436436e-02
  -2.71508017e-02 -8.87759749e-02]
 [ 2.11182750e+00 -2.17556020e-01  4.94436436e-02  2.87080160e-01
  -2.25084364e-01 -5.11653654e-01]
 [-1.22951974e+00  1.97841622e-02 -2.71508017e-02 -2.25084364e-01
   6.17536532e-01  5.28506655e-01]
 [-3.69670639e+00  3.71301270e-01 -8.87759749e-02 -5.11653654e-01
   5.28506655e-01  9.54089532e-01]]"
psc370394,"{'amplitude': 103.86253960416602, 'color': -0.09889539212266629, 's1': 0.4776668980473666, 's2': 0.2832944276688246, 's3': 0.40076592985269094, 't0': 56005.20172242591}","{'amplitude': 0.42831365711775343, 'color': 0.03963927608161212, 's1': 0.7372677656145458, 's2': 0.6865813269086815, 's3': 1.248422141361485, 't0': 0.9950403183162254}","[[ 9.90105235e-01  1.80157577e-01 -1.13381428e-02 -3.10383889e-01
   1.34409336e-03 -7.80060506e-01]
 [ 1.80157577e-01  1.83452589e-01 -1.42697430e-02 -2.35839996e-01
  -2.33047814e-02 -2.98511281e-01]
 [-1.13381428e-02 -1.42697430e-02  1.57127221e-03  1.61782931e-02
  -6.23457138e-03  2.38840463e-02]
 [-3.10383889e-01 -2.35839996e-01  1.61782931e-02  5.43563758e-01
  -5.08948812e-03  5.26533474e-01]
 [ 1.34409336e-03 -2.33047814e-02 -6.23457138e-03 -5.08948812e-03
   4.71393918e-01  4.53109056e-02]
 [-7.80060506e-01 -2.98511281e-01  2.38840463e-02  5.26533474e-01
   4.53109056e-02  1.55855784e+00]]","{'amplitude': 104.28494043557151, 'color': -0.1608051167085409, 's1': 0.1737912416974596, 's2': 1.1764117741726374, 's3': 0.35792435601923617, 't0': 56005.95830085095}","{'amplitude': 0.5694188629117722, 'color': 0.06880890713057956, 's1': 1.1015482811958794, 's2': 1.1309618851184546, 's3': 1.1191608034154132, 't0': 1.013841532327875}","[[ 1.02787465e+00  1.86080571e-01 -2.80354408e-02 -2.43579553e-01
   4.24509844e-01 -1.26000723e-02]
 [ 1.86080571e-01  3.24237841e-01 -3.41312922e-02 -2.94595552e-01
   1.01242972e-01 -1.45455449e-01]
 [-2.80354408e-02 -3.41312922e-02  4.73466570e-03  2.15440780e-02
  -4.17850532e-02 -1.24276690e-03]
 [-2.43579553e-01 -2.94595552e-01  2.15440780e-02  1.21340862e+00
  -9.74763560e-02  2.56130366e-01]
 [ 4.24509844e-01  1.01242972e-01 -4.17850532e-02 -9.74763560e-02
   1.27907479e+00  6.85470601e-01]
 [-1.26000723e-02 -1.45455449e-01 -1.24276690e-03  2.56130366e-01
   6.85470601e-01  1.25252090e+00]]"
psc370428,"{'amplitude': 100.67313665563901, 'color': -0.11179665794267046, 's1': -0.6353534545185758, 's2': 0.22308487407143954, 's3': 0.050284900448639, 't0': 56007.40914045087}","{'amplitude': 0.07158486956183843, 'color': 0.009179129445554409, 's1': 0.10803736386759966, 's2': 0.1447640412708756, 's3': 0.19551974260550223, 't0': 0.1662818929690116}","[[ 2.76496679e-02  1.13450056e-03 -2.33167752e-04  8.38002275e-03
  -4.37952533e-03  7.60379357e-03]
 [ 1.13450056e-03  5.12439355e-03 -6.17123115e-04 -1.13034172e-03
  -2.45916560e-03  3.20623189e-03]
 [-2.33167752e-04 -6.17123115e-04  8.42564174e-05  2.67584505e-05
   1.61333682e-05 -4.89121688e-04]
 [ 8.38002275e-03 -1.13034172e-03  2.67584505e-05  1.16720720e-02
  -2.20741717e-03  3.06985622e-03]
 [-4.37952533e-03 -2.45916560e-03  1.61333682e-05 -2.20741717e-03
   2.09566276e-02  4.07113092e-03]
 [ 7.60379357e-03  3.20623189e-03 -4.89121688e-04  3.06985622e-03
   4.07113092e-03  3.82279697e-02]]","{'amplitude': 100.79774954267847, 'color': -0.1248475630396528, 's1': -0.8169762508296331, 's2': 0.20262483607292625, 's3': -0.24145450069634658, 't0': 56007.263658871176}","{'amplitude': 0.08607663810767653, 'color': 0.010897679545322992, 's1': 0.11940138192883833, 's2': 0.1754268204696692, 's3': 0.24376331677980498, 't0': 0.20466773872271565}","[[ 4.18888833e-02 -4.50456709e-04  2.00087151e-05  1.20112339e-02
  -9.40309147e-03  1.15293541e-02]
 [-4.50456709e-04  7.40918763e-03 -8.91236212e-04 -2.55709933e-03
  -1.77972290e-03  1.60705808e-03]
 [ 2.00087151e-05 -8.91236212e-04  1.18759419e-04  1.81202366e-04
  -2.06803018e-04 -3.06153578e-04]
 [ 1.20112339e-02 -2.55709933e-03  1.81202366e-04  1.42566900e-02
  -5.85290871e-05  1.09515802e-02]
 [-9.40309147e-03 -1.77972290e-03 -2.06803018e-04 -5.85290871e-05
   3.07745693e-02  9.35133202e-03]
 [ 1.15293541e-02  1.60705808e-03 -3.06153578e-04  1.09515802e-02
   9.35133202e-03  5.94205546e-02]]"
psc370498,"{'amplitude': 105.42459391050613, 'color': 0.18297873906576304, 's1': -1.579482012333863, 's2': -2.8795428123302416, 's3': -2.5729485586953893, 't0': 55296.45010073743}","{'amplitude': 1.5475654843248428, 'color': 0.24948701680649416, 's1': 0.6915626692616308, 's2': 0.658513143509749, 's3': 3.693907027056838, 't0': 14.360728122861778}","[[ 2.06230512e+02 -1.27196684e+01  2.07749930e+00  7.36636426e+00
  -7.23133592e+00  4.13636021e+01]
 [-1.27196684e+01  2.39495893e+00 -3.77951520e-01 -4.54728712e-01
   3.34373166e-01 -2.77747165e+00]
 [ 2.07749930e+00 -3.77951520e-01  6.22437716e-02  9.02433012e-02
  -5.58217958e-02  5.18506911e-01]
 [ 7.36636426e+00 -4.54728712e-01  9.02433012e-02  4.78258926e-01
  -3.65755150e-01  2.47187126e+00]
 [-7.23133592e+00  3.34373166e-01 -5.58217958e-02 -3.65755150e-01
   4.33639560e-01 -2.05799969e+00]
 [ 4.13636021e+01 -2.77747165e+00  5.18506911e-01  2.47187126e+00
  -2.05799969e+00  1.36449491e+01]]","{'amplitude': 102.61584886754822, 'color': -0.08333060009354323, 's1': -0.8139517342836968, 's2': 0.6678547802494084, 's3': -0.618857279843849, 't0': 56004.89051044137}","{'amplitude': 0.17830351116516288, 'color': 0.016908464805690193, 's1': 0.21750133484403472, 's2': 0.6647681785218316, 's3': 0.46961569122342023, 't0': 0.3613172194316636}","[[ 1.30550133e-01 -2.97973201e-02  4.82483490e-04 -3.28235620e-03
   1.33217963e-01 -2.32126996e-02]
 [-2.97973201e-02  3.17921421e-02 -2.38496010e-03 -4.67798936e-03
  -7.26086971e-02 -1.96825503e-02]
 [ 4.82483490e-04 -2.38496010e-03  2.85896182e-04  7.24322214e-04
   7.81640688e-04  1.98538676e-03]
 [-3.28235620e-03 -4.67798936e-03  7.24322214e-04  4.73068307e-02
  -3.07836740e-02 -1.73296093e-02]
 [ 1.33217963e-01 -7.26086971e-02  7.81640688e-04 -3.07836740e-02
   4.41916731e-01  8.16606245e-02]
 [-2.32126996e-02 -1.96825503e-02  1.98538676e-03 -1.73296093e-02
   8.16606245e-02  2.20538897e-01]]"
psc370563,"{'amplitude': 100.71147465220974, 'color': -0.06676844184484974, 's1': -1.2834358017070844, 's2': 0.6659875915971816, 's3': -0.13863621526665376, 't0': 56024.86572407365}","{'amplitude': 0.09758325329985533, 'color': 0.011016952889901515, 's1': 0.18616003565237738, 's2': 0.4413143518076742, 's3': 0.3501666608175903, 't0': 0.2082539118224607}","[[ 4.33696918e-02 -7.20710906e-03  1.42608812e-04 -1.67657662e-02
   5.05226397e-02 -3.32048899e-02]
 [-7.20710906e-03  9.52249132e-03 -6.31578247e-04  8.42207568e-03
  -2.35751131e-02  6.04451692e-03]
 [ 1.42608812e-04 -6.31578247e-04  1.21373251e-04 -1.42294922e-04
  -1.32939411e-03 -1.73668275e-03]
 [-1.67657662e-02  8.42207568e-03 -1.42294922e-04  3.46555589e-02
  -4.31980472e-02  1.22510156e-02]
 [ 5.05226397e-02 -2.35751131e-02 -1.32939411e-03 -4.31980472e-02
   1.94758357e-01  1.19273029e-02]
 [-3.32048899e-02  6.04451692e-03 -1.73668275e-03  1.22510156e-02
   1.19273029e-02  1.22616690e-01]]","{'amplitude': 100.71362599576943, 'color': -0.06370879802078425, 's1': -1.2736885643948368, 's2': 0.44623015035096286, 's3': -0.051775406191040985, 't0': 56024.78810187775}","{'amplitude': 0.09767696483421325, 'color': 0.01197616321942231, 's1': 0.1991167046355548, 's2': 0.3372040167317378, 's3': 0.3909983294133149, 't0': 0.20540363481176438}","[[ 4.21906532e-02 -2.28120157e-03 -1.61859876e-04 -1.17659734e-02
   4.85017596e-02 -3.73262778e-02]
 [-2.28120157e-03  9.54078946e-03 -1.05129577e-03  5.53442551e-03
  -6.38116039e-03  4.79045480e-03]
 [-1.61859876e-04 -1.05129577e-03  1.43428485e-04 -5.94269089e-04
  -4.90626518e-04 -8.76046135e-04]
 [-1.17659734e-02  5.53442551e-03 -5.94269089e-04  3.96474621e-02
  -2.36537243e-02  2.53713453e-02]
 [ 4.85017596e-02 -6.38116039e-03 -4.90626518e-04 -2.36537243e-02
   1.13706549e-01 -4.16227478e-02]
 [-3.73262778e-02  4.79045480e-03 -8.76046135e-04  2.53713453e-02
  -4.16227478e-02  1.52879694e-01]]"
psc370566,"{'amplitude': 95.49950379677708, 'color': -0.01667154760531318, 's1': -0.4876020700892601, 's2': 1.1137949706935968, 's3': 0.19968302560795737, 't0': 56025.749449632094}","{'amplitude': 0.04798394108812316, 'color': 0.00457509870493789, 's1': 0.10569789206782418, 's2': 0.25566671576014927, 's3': 0.09147522391888724, 't0': 0.047375441230029854}","[[ 2.24443243e-03  7.16889825e-04  3.53252692e-05  1.49917022e-03
  -5.06548631e-03 -1.12553486e-03]
 [ 7.16889825e-04  2.30245860e-03 -1.38280176e-04  3.37938004e-03
  -9.27312167e-03 -1.06255003e-03]
 [ 3.53252692e-05 -1.38280176e-04  2.09315282e-05 -6.35453753e-05
   8.12571642e-05 -9.51933351e-05]
 [ 1.49917022e-03  3.37938004e-03 -6.35453753e-05  1.11720444e-02
  -2.47220823e-02 -5.52559506e-03]
 [-5.06548631e-03 -9.27312167e-03  8.12571642e-05 -2.47220823e-02
   6.53654695e-02  1.54953778e-02]
 [-1.12553486e-03 -1.06255003e-03 -9.51933351e-05 -5.52559506e-03
   1.54953778e-02  8.36771659e-03]]","{'amplitude': 95.38947347027795, 'color': -0.0023089985010831702, 's1': -0.5561606111462136, 's2': 1.2050491894322484, 's3': 0.5165791636926791, 't0': 56025.63519259395}","{'amplitude': 0.049400292427103434, 'color': 0.005069306730754794, 's1': 0.06237277455575826, 's2': 0.17471352413522936, 's3': 0.08194360718877063, 't0': 0.05268859879992841}","[[ 2.77608844e-03  8.74319564e-04 -5.26008317e-07  7.23378070e-04
  -4.12012017e-03 -1.65184838e-03]
 [ 8.74319564e-04  2.44038889e-03 -1.89782085e-04  1.60063757e-03
  -6.46178392e-03 -1.70015739e-03]
 [-5.26008317e-07 -1.89782085e-04  2.56978707e-05 -1.05033671e-04
   1.75602157e-04  3.02270089e-05]
 [ 7.23378070e-04  1.60063757e-03 -1.05033671e-04  3.89036301e-03
  -6.69091210e-03 -1.23758337e-03]
 [-4.12012017e-03 -6.46178392e-03  1.75602157e-04 -6.69091210e-03
   3.05248155e-02  8.91742320e-03]
 [-1.65184838e-03 -1.70015739e-03  3.02270089e-05 -1.23758337e-03
   8.91742320e-03  6.71475476e-03]]"
psc370589,"{'amplitude': 101.00693067795505, 'color': 0.06083079923133878, 's1': -1.7916214937734027, 's2': 2.0047130054570665, 's3': 1.810843700578436, 't0': 55998.16717222282}","{'amplitude': 0.9622629576934175, 'color': 0.12808674110026322, 's1': 1.154950787485667, 's2': 1.709499471527295, 's3': 2.260538009150936, 't0': 1.3585879562589802}","[[ 1.84576123  0.10709759 -0.02238864  0.45973776  0.12454742 -0.18824762]
 [ 0.10709759  0.92595    -0.11054825  0.59099314 -0.97553289  0.71637808]
 [-0.02238864 -0.11054825  0.01640621 -0.08769912  0.0591616  -0.12848364]
 [ 0.45973776  0.59099314 -0.08769912  1.33391132 -0.79420083  0.44320932]
 [ 0.12454742 -0.97553289  0.0591616  -0.79420083  2.92238844  0.60170722]
 [-0.18824762  0.71637808 -0.12848364  0.44320932  0.60170722  5.11003209]]","{'amplitude': 100.60357377108173, 'color': 0.12228901753851962, 's1': -1.1494848697494702, 's2': 0.9049641063428613, 's3': 1.0079755576092309, 't0': 55997.96941672689}","{'amplitude': 1.2807820839494053, 'color': 0.17848628382022094, 's1': 1.5232611674110468, 's2': 1.422365843977983, 's3': 2.9483818960058015, 't0': 1.4535801423789216}","[[ 2.11289523e+00  5.85518093e-01 -7.09763646e-02 -2.17533964e-01
   7.30140013e-01  6.71704420e-01]
 [ 5.85518093e-01  1.64040275e+00 -2.13256458e-01  1.11673589e-01
  -2.68114292e-01  6.71596922e-01]
 [-7.09763646e-02 -2.13256458e-01  3.18573535e-02 -8.42506792e-02
  -2.27376486e-03 -2.88389627e-02]
 [-2.17533964e-01  1.11673589e-01 -8.42506792e-02  2.32032458e+00
   3.45983522e-01  7.75568826e-01]
 [ 7.30140013e-01 -2.68114292e-01 -2.27376486e-03  3.45983522e-01
   2.02312459e+00 -9.94112598e-02]
 [ 6.71704420e-01  6.71596922e-01 -2.88389627e-02  7.75568826e-01
  -9.94112598e-02  8.69295580e+00]]"
psc370595,"{'amplitude': 100.717247591124, 'color': -0.07193092920983726, 's1': -0.1426949954744802, 's2': 0.26604830650731354, 's3': -0.11577327286109962, 't0': 56026.548437232814}","{'amplitude': 0.05607089910308782, 'color': 0.007632755885861438, 's1': 0.14636159477712232, 's2': 0.14905553763426382, 's3': 0.17307468969774686, 't0': 0.08558999716607789}","[[ 7.32564761e-03 -9.99917892e-04  1.96104277e-04 -5.44385525e-03
   4.17916227e-03  2.87991896e-03]
 [-9.99917892e-04  3.14394573e-03 -3.82995643e-04  1.08567588e-03
  -2.11557581e-03  1.69560340e-03]
 [ 1.96104277e-04 -3.82995643e-04  5.82589624e-05 -3.79011950e-04
   5.59909814e-05 -5.45416023e-05]
 [-5.44385525e-03  1.08567588e-03 -3.79011950e-04  2.14217164e-02
  -9.79803102e-03 -9.33395618e-03]
 [ 4.17916227e-03 -2.11557581e-03  5.59909814e-05 -9.79803102e-03
   2.22175533e-02  2.14915514e-03]
 [ 2.87991896e-03  1.69560340e-03 -5.45416023e-05 -9.33395618e-03
   2.14915514e-03  2.99548482e-02]]","{'amplitude': 100.70406263480997, 'color': -0.07223663940732594, 's1': 0.00933486530645031, 's2': 0.22785582897199083, 's3': -0.35273591292932654, 't0': 56026.56388546089}","{'amplitude': 0.0662385202384143, 'color': 0.008426283435110033, 's1': 0.14102871368597866, 's2': 0.16376161752012403, 's3': 0.20223124147954302, 't0': 0.08978673595601783}","[[ 8.06165795e-03 -1.43788404e-03  2.08874315e-04 -4.30127342e-03
   5.01956478e-03  1.40672771e-03]
 [-1.43788404e-03  4.38754156e-03 -4.96433267e-04  2.10876688e-03
  -4.17071741e-03  1.83702501e-03]
 [ 2.08874315e-04 -4.96433267e-04  7.10022525e-05 -4.70701406e-04
   1.29260473e-04  4.12704260e-06]
 [-4.30127342e-03  2.10876688e-03 -4.70701406e-04  1.98890981e-02
  -7.08709739e-03 -5.18965437e-03]
 [ 5.01956478e-03 -4.17071741e-03  1.29260473e-04 -7.08709739e-03
   2.68178674e-02 -1.44601573e-05]
 [ 1.40672771e-03  1.83702501e-03  4.12704260e-06 -5.18965437e-03
  -1.44601573e-05  4.08974750e-02]]"
psc380279,"{'amplitude': 104.18881972256699, 'color': -0.03052297362524915, 's1': 0.5381497244322072, 's2': 0.31314520891109304, 's3': -0.6045351959712805, 't0': 56033.23627861983}","{'amplitude': 0.397229502138438, 'color': 0.036921974365695914, 's1': 0.878135341203612, 's2': 1.250884094429959, 's3': 1.7754844548686608, 't0': 1.4542764363238057}","[[ 2.11491995e+00  2.40562528e-01 -6.51178326e-03 -5.31525486e-01
  -1.25987988e-01 -1.17382723e+00]
 [ 2.40562528e-01  1.57791277e-01 -6.50709158e-03 -4.05817997e-02
  -2.39984817e-01 -2.05646181e-01]
 [-6.51178326e-03 -6.50709158e-03  1.36323219e-03  8.47683460e-04
  -4.67400240e-03  3.02868314e-02]
 [-5.31525486e-01 -4.05817997e-02  8.47683460e-04  7.71121677e-01
  -5.40162276e-01  3.75297608e-02]
 [-1.25987988e-01 -2.39984817e-01 -4.67400240e-03 -5.40162276e-01
   1.56471102e+00  6.24597866e-01]
 [-1.17382723e+00 -2.05646181e-01  3.02868314e-02  3.75297608e-02
   6.24597866e-01  3.15234505e+00]]","{'amplitude': 104.46470466025252, 'color': -0.04846515151933299, 's1': 0.22803568088909396, 's2': 0.2594278389754136, 's3': -0.7507001226094004, 't0': 56033.704964310156}","{'amplitude': 0.4952731551452095, 'color': 0.05720137602841041, 's1': 0.8082404256179493, 's2': 1.2123752134862462, 's3': 1.448902007043014, 't0': 0.9397571481785331}","[[ 0.8831435  -0.05083235  0.01874217  0.00317673 -0.2307992   0.12212906]
 [-0.05083235  0.2452955  -0.01763886 -0.13615211 -0.10742227 -0.04331066]
 [ 0.01874217 -0.01763886  0.003272    0.00436839 -0.02725818  0.04244046]
 [ 0.00317673 -0.13615211  0.00436839  0.65325259 -0.20700007 -0.03656783]
 [-0.2307992  -0.10742227 -0.02725818 -0.20700007  1.46985366 -0.18994236]
 [ 0.12212906 -0.04331066  0.04244046 -0.03656783 -0.18994236  2.09931703]]"
psc380318,"{'amplitude': 103.84184357172896, 'color': -0.11139351873300105, 's1': -0.37111868980271395, 's2': 2.724937362686943, 's3': -0.7987114327588288, 't0': 56027.35596329853}","{'amplitude': 0.4496796149682825, 'color': 0.06545094539283806, 's1': 0.8807114839411398, 's2': 1.6813907832769057, 's3': 1.4463456315388672, 't0': 1.3224501731478282}","[[ 1.74887446e+00 -2.67850041e-01 -9.41980068e-04 -1.12449144e-01
   1.12646847e+00 -2.41559514e-01]
 [-2.67850041e-01  2.02211756e-01 -1.26511825e-02 -3.87190986e-02
  -3.32860356e-01 -9.50214242e-02]
 [-9.41980068e-04 -1.26511825e-02  4.28382625e-03 -1.24100294e-02
  -5.15726484e-02  4.67548591e-02]
 [-1.12449144e-01 -3.87190986e-02 -1.24100294e-02  7.75652718e-01
  -1.50437163e-01  5.11440678e-01]
 [ 1.12646847e+00 -3.32860356e-01 -5.15726484e-02 -1.50437163e-01
   2.82707497e+00 -9.80009662e-01]
 [-2.41559514e-01 -9.50214242e-02  4.67548591e-02  5.11440678e-01
  -9.80009662e-01  2.09191569e+00]]","{'amplitude': 103.73643894833843, 'color': -0.12599473379237094, 's1': 0.0332538551480885, 's2': 2.276290710036422, 's3': -0.9754097231300344, 't0': 56026.055136295865}","{'amplitude': 0.6479010700775443, 'color': 0.10296966820510672, 's1': 1.0132476106249555, 's2': 1.9760059224312647, 's3': 2.565317017960112, 't0': 1.6671811576720725}","[[ 2.77949301  0.26226974 -0.04696212 -0.86675302  1.77563627 -2.04016056]
 [ 0.26226974  0.4197758  -0.05144802 -0.26844775  0.23452289 -0.75267856]
 [-0.04696212 -0.05144802  0.01060275  0.03554258 -0.12656878  0.19265016]
 [-0.86675302 -0.26844775  0.03554258  1.02667072 -0.75211208  1.78204593]
 [ 1.77563627  0.23452289 -0.12656878 -0.75211208  3.90459941 -3.59590412]
 [-2.04016056 -0.75267856  0.19265016  1.78204593 -3.59590412  6.5808514 ]]"
psc380378,"{'amplitude': 103.21441312903009, 'color': -0.18081560195012322, 's1': -0.6747743108034044, 's2': -0.3208859978230781, 's3': 0.0717647303830767, 't0': 56053.319771600756}","{'amplitude': 0.12665271804976888, 'color': 0.0132694240714887, 's1': 0.17057950846013675, 's2': 0.47651502361629444, 's3': 0.603984682235591, 't0': 0.1221214636553123}","[[ 1.49136519e-02 -1.16222964e-04 -1.15549405e-04 -5.26021409e-03
   2.71125483e-03 -8.75361311e-03]
 [-1.16222964e-04  1.60409110e-02 -1.14856662e-03 -1.72863451e-03
  -2.23565957e-02 -1.22606313e-02]
 [-1.15549405e-04 -1.14856662e-03  1.76077615e-04 -1.21626462e-04
  -1.56900119e-03  3.72345090e-03]
 [-5.26021409e-03 -1.72863451e-03 -1.21626462e-04  2.90973687e-02
  -4.15272016e-03  2.68862090e-02]
 [ 2.71125483e-03 -2.23565957e-02 -1.56900119e-03 -4.15272016e-03
   2.27066568e-01 -1.67312071e-01]
 [-8.75361311e-03 -1.22606313e-02  3.72345090e-03  2.68862090e-02
  -1.67312071e-01  3.64797496e-01]]","{'amplitude': 103.34245358698706, 'color': -0.1956632674618211, 's1': -0.7311210222275684, 's2': -0.2770551131726444, 's3': 0.10674004386209786, 't0': 56053.36101948364}","{'amplitude': 0.14320887165645907, 'color': 0.017069504591839153, 's1': 0.26971190197023115, 's2': 0.45207423745084546, 's3': 0.7252397815191826, 't0': 0.12453729531445938}","[[ 1.55095379e-02 -5.46704808e-03  5.51178228e-04 -2.63476560e-03
  -4.04133407e-03  1.34839488e-02]
 [-5.46704808e-03  2.05087809e-02 -2.24225239e-03 -8.77237043e-03
   1.70466437e-02 -5.85286790e-02]
 [ 5.51178228e-04 -2.24225239e-03  2.91367987e-04  1.06368525e-04
  -3.33395435e-03  6.35550058e-03]
 [-2.63476560e-03 -8.77237043e-03  1.06368525e-04  7.27445101e-02
  -3.06283608e-03  7.73101396e-02]
 [-4.04133407e-03  1.70466437e-02 -3.33395435e-03 -3.06283608e-03
   2.04371116e-01 -1.25734258e-01]
 [ 1.34839488e-02 -5.85286790e-02  6.35550058e-03  7.73101396e-02
  -1.25734258e-01  5.25972741e-01]]"
psc390259,"{'amplitude': 98.35251510989006, 'color': 0.020924044819679525, 's1': -0.04774349660251021, 's2': 0.7823539887706834, 's3': 0.04003147815360608, 't0': 56053.42435514859}","{'amplitude': 0.10320508595292972, 'color': 0.014662765020744454, 's1': 0.296130316028161, 's2': 0.5506142657467079, 's3': 0.4555690899909462, 't0': 0.3842039651326076}","[[ 1.47612687e-01  5.64571526e-03  3.19930964e-03  9.24678892e-02
  -1.67456076e-01 -1.40161450e-01]
 [ 5.64571526e-03  1.06512898e-02 -9.85952795e-04  7.69787132e-03
  -1.77562556e-02 -2.56740562e-03]
 [ 3.19930964e-03 -9.85952795e-04  2.14996678e-04  2.06844487e-03
  -3.79689163e-03 -4.25781145e-03]
 [ 9.24678892e-02  7.69787132e-03  2.06844487e-03  8.76931641e-02
  -1.56691112e-01 -1.25557317e-01]
 [-1.67456076e-01 -1.77562556e-02 -3.79689163e-03 -1.56691112e-01
   3.03176070e-01  2.34862330e-01]
 [-1.40161450e-01 -2.56740562e-03 -4.25781145e-03 -1.25557317e-01
   2.34862330e-01  2.07543196e-01]]","{'amplitude': 98.27997370458746, 'color': 0.03823607085248823, 's1': 0.19759683752064897, 's2': 0.6119192987516054, 's3': -0.32683882002577147, 't0': 56054.061584774696}","{'amplitude': 0.07126020482751882, 'color': 0.011121853977992044, 's1': 0.1772504932787989, 's2': 0.20931697531637403, 's3': 0.3114627112054924, 't0': 0.3710227973923958}","[[ 1.37657916e-01 -4.57879670e-03  1.90675295e-03  4.62181159e-02
  -2.40884475e-02 -6.12006858e-02]
 [-4.57879670e-03  5.07801679e-03 -6.86710208e-04 -3.85779352e-03
   2.48155583e-03  1.14969901e-02]
 [ 1.90675295e-03 -6.86710208e-04  1.23695636e-04  8.44498969e-04
  -9.72344296e-04 -1.82070503e-03]
 [ 4.62181159e-02 -3.85779352e-03  8.44498969e-04  3.14177374e-02
  -2.48628596e-02 -4.26766121e-02]
 [-2.40884475e-02  2.48155583e-03 -9.72344296e-04 -2.48628596e-02
   4.38135962e-02  3.57331285e-02]
 [-6.12006858e-02  1.14969901e-02 -1.82070503e-03 -4.26766121e-02
   3.57331285e-02  9.70090205e-02]]"
psc390264,"{'amplitude': 101.54569620487605, 'color': 0.16393313162633605, 's1': -0.842119794123465, 's2': 1.050656485574547, 's3': 2.0542974450348974, 't0': 56053.42868905139}","{'amplitude': 0.281416851752108, 'color': 0.03773164150298106, 's1': 0.4744133424597836, 's2': 0.6334316213047828, 's3': 0.8413118040550865, 't0': 1.242482351057096}","[[ 1.54376239e+00 -4.18369550e-02  1.82761177e-02  2.73039306e-01
   5.73307030e-02 -7.76992137e-01]
 [-4.18369550e-02  7.91954445e-02 -9.73081948e-03  4.49557772e-02
  -1.23897238e-01  6.99575099e-03]
 [ 1.82761177e-02 -9.73081948e-03  1.42367677e-03 -4.10165807e-03
   1.20851276e-02 -5.52630658e-03]
 [ 2.73039306e-01  4.49557772e-02 -4.10165807e-03  2.25068020e-01
  -1.79048380e-02 -2.47626431e-01]
 [ 5.73307030e-02 -1.23897238e-01  1.20851276e-02 -1.79048380e-02
   4.01235619e-01 -1.02174726e-01]
 [-7.76992137e-01  6.99575099e-03 -5.52630658e-03 -2.47626431e-01
  -1.02174726e-01  7.07805552e-01]]","{'amplitude': 100.87040371479544, 'color': 0.24058971897846881, 's1': -0.7586289249937844, 's2': 1.5130710677377464, 's3': 1.680219267462751, 't0': 56054.352176699125}","{'amplitude': 0.5850906716647076, 'color': 0.10807852198454812, 's1': 0.7740987208588443, 's2': 1.1178553936647264, 's3': 1.4853107909656798, 't0': 3.9243666177401764}","[[ 1.54006534e+01 -1.45477602e+00  3.73533752e-01  5.37595143e-02
   4.61911134e-01 -1.21769841e+00]
 [-1.45477602e+00  3.42331094e-01 -5.57837188e-02  1.75922303e-02
  -3.22540333e-01 -2.42990895e-01]
 [ 3.73533752e-01 -5.57837188e-02  1.16809669e-02 -1.77785165e-03
   2.87675621e-02  1.16926048e-02]
 [ 5.37595143e-02  1.75922303e-02 -1.77785165e-03  5.99228830e-01
  -4.59233043e-01 -4.37616065e-01]
 [ 4.61911134e-01 -3.22540333e-01  2.87675621e-02 -4.59233043e-01
   1.24960068e+00  9.08924101e-01]
 [-1.21769841e+00 -2.42990895e-01  1.16926048e-02 -4.37616065e-01
   9.08924101e-01  2.20614815e+00]]"
psc390449,"{'amplitude': 102.3491552100061, 'color': -0.042802640537564884, 's1': -0.11670882600635994, 's2': 0.11171988934656038, 's3': -0.7928138787478919, 't0': 56070.612536484325}","{'amplitude': 0.11592233586117572, 'color': 0.012601278599340888, 's1': 0.2223211077543785, 's2': 0.4312689416183486, 's3': 0.49055530996462904, 't0': 0.17150669394417747}","[[ 2.94145461e-02 -9.04309447e-05 -2.85366442e-04  4.95286106e-03
  -4.04973012e-03 -3.62157489e-03]
 [-9.04309447e-05  1.34379880e-02 -1.22627474e-03  1.09875470e-02
  -2.81470517e-02 -7.43957958e-03]
 [-2.85366442e-04 -1.22627474e-03  1.58792222e-04 -1.15632688e-03
   1.05006926e-03  1.36584211e-03]
 [ 4.95286106e-03  1.09875470e-02 -1.15632688e-03  4.94266750e-02
  -5.75399567e-02 -5.20903991e-02]
 [-4.04973012e-03 -2.81470517e-02  1.05006926e-03 -5.75399567e-02
   1.85992900e-01  8.34741986e-02]
 [-3.62157489e-03 -7.43957958e-03  1.36584211e-03 -5.20903991e-02
   8.34741986e-02  2.40644512e-01]]","{'amplitude': 102.3365972757946, 'color': -0.04412702511802228, 's1': 0.017497083069942392, 's2': 0.16189877250096465, 's3': -0.7341877305940546, 't0': 56070.61265438435}","{'amplitude': 0.1154814737765101, 'color': 0.014940640735710702, 's1': 0.18406208098557017, 's2': 0.2746708551177659, 's3': 0.48818546950164426, 't0': 0.2003579777092152}","[[ 4.01433192e-02  3.89076020e-03 -8.86452404e-04  1.23798359e-02
  -1.29074438e-02 -2.32968311e-02]
 [ 3.89076020e-03  1.33359708e-02 -1.49124794e-03  2.75901033e-03
   1.98653079e-04  7.12936474e-03]
 [-8.86452404e-04 -1.49124794e-03  2.23222746e-04 -8.30678208e-04
  -1.15356904e-03  1.50374493e-03]
 [ 1.23798359e-02  2.75901033e-03 -8.30678208e-04  3.38788497e-02
   1.57169270e-03  2.09481636e-04]
 [-1.29074438e-02  1.98653079e-04 -1.15356904e-03  1.57169270e-03
   7.54440787e-02 -2.15459190e-02]
 [-2.32968311e-02  7.12936474e-03  1.50374493e-03  2.09481636e-04
  -2.15459190e-02  2.38325053e-01]]"
psc390471,"{'amplitude': 104.68477710281685, 'color': -0.25386479853255817, 's1': -1.7169622097050978, 's2': -1.9539850362650875, 's3': -0.09196363423876579, 't0': 56069.396361556115}","{'amplitude': 0.22451616517985565, 'color': 0.025177935675994443, 's1': 0.5767643053542552, 's2': 1.7407277132793808, 's3': 0.673807917100744, 't0': 0.557346848386548}","[[ 3.10635509e-01 -8.13526192e-03 -1.59694559e-03  7.03003872e-02
   5.36916881e-01 -1.11853389e-01]
 [-8.13526192e-03  5.04075084e-02 -4.91938357e-03  1.75131063e-02
   7.42135146e-02 -9.32776569e-02]
 [-1.59694559e-03 -4.91938357e-03  6.33928445e-04 -9.49760854e-04
  -2.07162536e-02  1.09818298e-02]
 [ 7.03003872e-02  1.75131063e-02 -9.49760854e-04  3.32657064e-01
   5.32720589e-01 -9.14997314e-02]
 [ 5.36916881e-01  7.42135146e-02 -2.07162536e-02  5.32720589e-01
   3.03013297e+00 -6.52112219e-01]
 [-1.11853389e-01 -9.32776569e-02  1.09818298e-02 -9.14997314e-02
  -6.52112219e-01  4.54017109e-01]]","{'amplitude': 104.50957661313335, 'color': -0.2491106448038974, 's1': -1.6579354158018766, 's2': -1.200082849400226, 's3': 0.14307623127433033, 't0': 56069.74076669625}","{'amplitude': 0.28320097702150304, 'color': 0.03247225916709542, 's1': 0.7624985218581951, 's2': 2.5780150836373723, 's3': 0.7729575703533639, 't0': 0.8072626179568037}","[[ 6.51672934e-01 -1.02421093e-01 -7.19238743e-03  2.34862147e-02
   1.53794334e+00 -2.08486207e-01]
 [-1.02421093e-01  8.02027934e-02 -4.52865928e-03 -4.67618775e-02
  -2.49361398e-01 -1.60620026e-02]
 [-7.19238743e-03 -4.52865928e-03  1.05444762e-03  1.03387603e-02
  -4.19024162e-02  1.36484445e-02]
 [ 2.34862147e-02 -4.67618775e-02  1.03387603e-02  5.81403996e-01
   2.18820572e-01  3.89046867e-01]
 [ 1.53794334e+00 -2.49361398e-01 -4.19024162e-02  2.18820572e-01
   6.64616177e+00 -7.88877400e-01]
 [-2.08486207e-01 -1.60620026e-02  1.36484445e-02  3.89046867e-01
  -7.88877400e-01  5.97463406e-01]]"
psc390627,"{'amplitude': 100.59365057529719, 'color': -0.09681585595052646, 's1': 0.7114612595645478, 's2': 0.18673215531957849, 's3': -0.1923035328787959, 't0': 56078.89189983546}","{'amplitude': 0.08481101065717168, 'color': 0.014128266148348622, 's1': 0.06952024035370798, 's2': 0.20299383879437335, 's3': 0.1490070908513279, 't0': 0.10761181300205881}","[[ 1.15803023e-02 -2.25468385e-04  6.26537341e-04 -5.88045605e-03
   4.04529151e-03 -8.64818970e-04]
 [-2.25468385e-04  7.19290753e-03 -9.17745287e-04  1.12762272e-04
   2.44776278e-03  2.44684781e-03]
 [ 6.26537341e-04 -9.17745287e-04  1.99607904e-04 -5.62151318e-04
  -1.01789613e-03 -8.63417067e-05]
 [-5.88045605e-03  1.12762272e-04 -5.62151318e-04  4.83306382e-03
  -2.28936146e-04  7.82428517e-04]
 [ 4.04529151e-03  2.44776278e-03 -1.01789613e-03 -2.28936146e-04
   4.12064986e-02 -1.32069735e-02]
 [-8.64818970e-04  2.44684781e-03 -8.63417067e-05  7.82428517e-04
  -1.32069735e-02  2.22031131e-02]]","{'amplitude': 100.83446019459073, 'color': -0.11904428957497748, 's1': 0.6017515185758157, 's2': 0.4638743223820265, 's3': -0.372172372762723, 't0': 56079.106044308974}","{'amplitude': 0.10925908532785553, 'color': 0.017601607771362056, 's1': 0.10361047395230766, 's2': 0.17388312917803064, 's3': 0.16990666282974767, 't0': 0.1612424301474815}","[[ 2.59991213e-02 -1.27470182e-03  1.59103489e-03 -1.47160131e-02
  -3.42816591e-04  3.59245941e-03]
 [-1.27470182e-03  1.19375477e-02 -1.48669026e-03  1.68336285e-03
   7.85606524e-05  4.46185632e-03]
 [ 1.59103489e-03 -1.48669026e-03  3.09816596e-04 -1.19914680e-03
  -9.24217474e-04 -1.52675538e-04]
 [-1.47160131e-02  1.68336285e-03 -1.19914680e-03  1.07351303e-02
   1.58113552e-03 -1.39101832e-03]
 [-3.42816591e-04  7.85606524e-05 -9.24217474e-04  1.58113552e-03
   3.02353426e-02 -2.87531629e-03]
 [ 3.59245941e-03  4.46185632e-03 -1.52675538e-04 -1.39101832e-03
  -2.87531629e-03  2.88682741e-02]]"
psc400103,"{'amplitude': 106.04930845661369, 'color': -0.15753133271552539, 's1': -1.010249505245589, 's2': -3.1991989213055443, 's3': 3.221602047220557, 't0': 56096.48910547701}","{'amplitude': 0.5385078535092284, 'color': 0.051181483819168, 's1': 1.184139846529811, 's2': 1.7645627782840536, 's3': 1.8732532518752025, 't0': 2.4289548694949876}","[[ 5.89982176e+00 -2.70332163e-01  1.29579931e-02  5.66948033e-01
  -5.47647202e-01  3.81726554e-01]
 [-2.70332163e-01  2.89990708e-01 -2.55848234e-02 -3.30374023e-01
  -1.28234131e-01 -4.97869741e-01]
 [ 1.29579931e-02 -2.55848234e-02  2.61954429e-03  2.10260551e-02
  -5.11046211e-03  4.38448109e-02]
 [ 5.66948033e-01 -3.30374023e-01  2.10260551e-02  1.40218718e+00
   6.86725615e-01  2.20142931e-01]
 [-5.47647202e-01 -1.28234131e-01 -5.11046211e-03  6.86725615e-01
   3.11368180e+00 -7.89892750e-01]
 [ 3.81726554e-01 -4.97869741e-01  4.38448109e-02  2.20142931e-01
  -7.89892750e-01  3.50907775e+00]]","{'amplitude': 106.21614864651498, 'color': -0.19601823832533852, 's1': -0.6185494988021628, 's2': -0.7671882357031725, 's3': 3.298811969377381, 't0': 56094.789985489486}","{'amplitude': 0.8366925475218103, 'color': 0.0668306346514178, 's1': 1.888632013859826, 's2': 2.3040504972684315, 's3': 1.5220200100431038, 't0': 3.7471828494116486}","[[ 1.40413793e+01  1.62887444e+00 -8.94714396e-02 -4.68152085e+00
  -3.43108410e+00 -2.73986313e+00]
 [ 1.62887444e+00  7.00054419e-01 -5.13681452e-02 -1.27065630e+00
  -9.83422040e-01 -5.34921062e-01]
 [-8.94714396e-02 -5.13681452e-02  4.46633373e-03  8.50293163e-02
   4.58784332e-02  1.86666606e-02]
 [-4.68152085e+00 -1.27065630e+00  8.50293163e-02  3.56693088e+00
   2.07637888e+00  1.35848291e+00]
 [-3.43108410e+00 -9.83422040e-01  4.58784332e-02  2.07637888e+00
   5.30864869e+00  8.10632052e-01]
 [-2.73986313e+00 -5.34921062e-01  1.86666606e-02  1.35848291e+00
   8.10632052e-01  2.31654491e+00]]"
psc420159,"{'amplitude': 100.22556682629745, 'color': -0.05534400414737673, 's1': -0.6403782087679519, 's2': 0.785866871326296, 's3': 0.08552457213956555, 't0': 56154.497576727954}","{'amplitude': 0.09568867000717221, 'color': 0.008626832268367695, 's1': 0.12758789535449164, 's2': 0.3052340366094869, 's3': 0.19448507280096414, 't0': 0.19774993241505756}","[[ 3.91050358e-02 -1.01475664e-02  4.79352137e-04  1.84505779e-04
   4.24055555e-02  9.11172438e-03]
 [-1.01475664e-02  9.15632157e-03 -7.33689558e-04  2.97814400e-04
  -2.04168052e-02  1.96595553e-03]
 [ 4.79352137e-04 -7.33689558e-04  7.44222350e-05  2.92027436e-05
   8.76176915e-04 -4.14580603e-04]
 [ 1.84505779e-04  2.97814400e-04  2.92027436e-05  1.62786710e-02
  -9.15334577e-03  3.82962121e-03]
 [ 4.24055555e-02 -2.04168052e-02  8.76176915e-04 -9.15334577e-03
   9.31678171e-02  1.07426916e-02]
 [ 9.11172438e-03  1.96595553e-03 -4.14580603e-04  3.82962121e-03
   1.07426916e-02  3.78244435e-02]]","{'amplitude': 100.08274965428753, 'color': -0.04987075191600491, 's1': -0.7563061306164958, 's2': 1.3722162912907356, 's3': 0.049038368764292885, 't0': 56154.84074699613}","{'amplitude': 0.19912594419320284, 'color': 0.012643938813029741, 's1': 0.1886912774855503, 's2': 0.59644494715131, 's3': 0.21403243322382579, 't0': 0.29199496154097304}","[[ 8.52610576e-02 -4.50665251e-02  2.16987846e-03 -2.22611393e-02
   1.47837990e-01 -1.10158722e-02]
 [-4.50665251e-02  3.96511417e-02 -2.29866506e-03  1.25573482e-02
  -1.05380867e-01  8.76031534e-03]
 [ 2.16987846e-03 -2.29866506e-03  1.59869189e-04 -3.48968349e-04
   4.95782879e-03 -4.65455875e-04]
 [-2.22611393e-02  1.25573482e-02 -3.48968349e-04  3.56043982e-02
  -5.86357854e-02  1.26836881e-02]
 [ 1.47837990e-01 -1.05380867e-01  4.95782879e-03 -5.86357854e-02
   3.55746575e-01 -1.66666667e-02]
 [-1.10158722e-02  8.76031534e-03 -4.65455875e-04  1.26836881e-02
  -1.66666667e-02  4.58098825e-02]]"
psc420196,"{'amplitude': 103.78093090413398, 'color': 0.026058257642925537, 's1': -0.6125275028518372, 's2': -1.6764196247188672, 's3': 2.064234201219171, 't0': 56165.93581460148}","{'amplitude': 0.3097472594772685, 'color': 0.027723965166272197, 's1': 0.6463321541198244, 's2': 1.3715655437968992, 's3': 1.039896760037673, 't0': 0.7577265972795221}","[[ 5.74149596e-01  7.53113318e-02 -1.44981814e-03 -2.50274504e-01
  -1.17010977e-01 -9.49794923e-02]
 [ 7.53113318e-02  9.59433648e-02 -6.93800961e-03 -1.10688391e-01
  -1.44645924e-01 -1.18604640e-01]
 [-1.44981814e-03 -6.93800961e-03  7.68618245e-04  3.13180346e-03
   6.29308638e-03  2.37479230e-03]
 [-2.50274504e-01 -1.10688391e-01  3.13180346e-03  4.17745253e-01
   9.06834836e-02  2.52505497e-01]
 [-1.17010977e-01 -1.44645924e-01  6.29308638e-03  9.06834836e-02
   1.88119204e+00 -4.03746453e-01]
 [-9.49794923e-02 -1.18604640e-01  2.37479230e-03  2.52505497e-01
  -4.03746453e-01  1.08138527e+00]]","{'amplitude': 103.36732856584302, 'color': 0.02724992156000976, 's1': -0.43308257327351274, 's2': 0.8989398205938438, 's3': 0.6474712344729177, 't0': 56166.248095930896}","{'amplitude': 0.663159206317039, 'color': 0.049941209375582926, 's1': 0.8421794675436572, 's2': 2.4018682287031927, 's3': 2.1824756700261885, 't0': 1.5365556093425758}","[[ 2.36100314e+00  8.43374172e-02 -1.49815254e-02 -9.66938921e-01
   1.87360876e+00 -1.81178239e+00]
 [ 8.43374172e-02  4.39780133e-01 -2.69482020e-02 -2.19280362e-01
  -7.62139638e-01  2.95110353e-01]
 [-1.49815254e-02 -2.69482020e-02  2.49412439e-03  1.90737391e-02
   5.79021148e-03  1.16567644e-02]
 [-9.66938921e-01 -2.19280362e-01  1.90737391e-02  7.09266256e-01
  -6.56251714e-01  1.02966428e+00]
 [ 1.87360876e+00 -7.62139638e-01  5.79021148e-03 -6.56251714e-01
   5.76897099e+00 -4.36398603e+00]
 [-1.81178239e+00  2.95110353e-01  1.16567644e-02  1.02966428e+00
  -4.36398603e+00  4.76320005e+00]]"
psc420258,"{'amplitude': 101.7027177756472, 'color': 0.23575865828770848, 's1': -1.0674787076986583, 's2': -0.15365998511608547, 's3': 0.3203155951670756, 't0': 56168.14958067938}","{'amplitude': 0.4104401662065515, 'color': 0.03863414184478292, 's1': 0.5754096273018244, 's2': 1.885447475853003, 's3': 1.6827288319888072, 't0': 0.6092413741181751}","[[ 3.71175052e-01 -9.58560025e-02  2.86720352e-03 -1.41447705e-01
   6.93304046e-01 -3.98977539e-01]
 [-9.58560025e-02  1.68461130e-01 -1.37164290e-02  4.01719235e-02
  -4.65581332e-01  1.62928790e-01]
 [ 2.86720352e-03 -1.37164290e-02  1.49259692e-03 -1.52282840e-03
   2.32759154e-02 -8.87644065e-03]
 [-1.41447705e-01  4.01719235e-02 -1.52282840e-03  3.31096239e-01
  -5.20757618e-01  4.71440924e-01]
 [ 6.93304046e-01 -4.65581332e-01  2.32759154e-02 -5.20757618e-01
   3.55491218e+00 -1.68047016e+00]
 [-3.98977539e-01  1.62928790e-01 -8.87644065e-03  4.71440924e-01
  -1.68047016e+00  2.83157632e+00]]","{'amplitude': 100.89195513269452, 'color': 0.28810505016110477, 's1': -1.0563126805717238, 's2': 1.9535166094637515, 's3': -1.384608435237291, 't0': 56168.26314451314}","{'amplitude': 0.6934230556572377, 'color': 0.055920511463342405, 's1': 0.4984595965174036, 's2': 2.0282964418349128, 's3': 1.0816874700720245, 't0': 0.8487497087691332}","[[ 7.20376068e-01 -2.49408590e-01  6.54215205e-03  1.21233292e-02
   1.12351055e+00 -5.52603368e-03]
 [-2.49408590e-01  4.80835534e-01 -3.23745802e-02 -5.31843191e-02
  -1.01644610e+00  9.94742686e-02]
 [ 6.54215205e-03 -3.23745802e-02  3.12710360e-03  4.32864235e-03
   3.63232540e-02  6.97332897e-03]
 [ 1.21233292e-02 -5.31843191e-02  4.32864235e-03  2.48461969e-01
   7.11913126e-02  2.40884454e-01]
 [ 1.12351055e+00 -1.01644610e+00  3.63232540e-02  7.11913126e-02
   4.11398646e+00 -4.63333639e-01]
 [-5.52603368e-03  9.94742686e-02  6.97332897e-03  2.40884454e-01
  -4.63333639e-01  1.17004778e+00]]"
psc420352,"{'amplitude': 105.43633508036793, 'color': -0.19935419369273816, 's1': -0.4435459221921883, 's2': -2.4286520802421894, 's3': 2.3310754174643815, 't0': 56164.90936573744}","{'amplitude': 0.22867516724342626, 'color': 0.023811187629266692, 's1': 0.43701571034258774, 's2': 1.1734039388516513, 's3': 0.8386894684290492, 't0': 0.8016110108466891}","[[ 6.42580213e-01 -5.23834943e-03  3.44701906e-04  3.94141480e-02
  -1.56294638e-01  1.75721594e-02]
 [-5.23834943e-03  5.22923321e-02 -4.65611539e-03 -2.81366568e-02
  -3.78087770e-02 -4.00806633e-02]
 [ 3.44701906e-04 -4.65611539e-03  5.66972656e-04  1.53614748e-03
  -6.05751472e-04 -2.37967060e-03]
 [ 3.94141480e-02 -2.81366568e-02  1.53614748e-03  1.90982731e-01
  -2.91561385e-01  1.24562704e-01]
 [-1.56294638e-01 -3.78087770e-02 -6.05751472e-04 -2.91561385e-01
   1.37687680e+00 -1.42355663e-01]
 [ 1.75721594e-02 -4.00806633e-02 -2.37967060e-03  1.24562704e-01
  -1.42355663e-01  7.03400024e-01]]","{'amplitude': 107.0064389135808, 'color': -0.37201791114090543, 's1': -1.398413322031322, 's2': -0.6025554642889975, 's3': 0.7677610958912248, 't0': 56164.44878816567}","{'amplitude': 0.8185942335130076, 'color': 0.0961134207836361, 's1': 1.1828587108716473, 's2': 2.0163458410266175, 's3': 2.0815983574355625, 't0': 2.0142427003604553}","[[ 4.05717366 -0.82094826  0.09883055  1.3798147  -0.23452514  1.54933979]
 [-0.82094826  0.67009652 -0.07680696 -0.77651536  0.79077005 -1.19553027]
 [ 0.09883055 -0.07680696  0.00923779  0.09024548 -0.10691522  0.14036558]
 [ 1.3798147  -0.77651536  0.09024548  1.39915473 -0.86776077  1.91228921]
 [-0.23452514  0.79077005 -0.10691522 -0.86776077  4.06565055 -1.86200028]
 [ 1.54933979 -1.19553027  0.14036558  1.91228921 -1.86200028  4.33305172]]"
psc420407,"{'amplitude': 102.48542430192418, 'color': 0.010992375190051189, 's1': 0.079872107399445, 's2': -0.5835408226895613, 's3': -1.1435309703903527, 't0': 56175.11521235575}","{'amplitude': 0.3563333688709546, 'color': 0.03224605276328557, 's1': 0.4095139917415408, 's2': 0.9590229404681192, 's3': 0.8916991622505677, 't0': 0.37390199288050063}","[[ 1.39802700e-01  1.61672750e-02 -2.21716331e-04 -2.38929552e-02
  -4.93366675e-02  7.77772469e-02]
 [ 1.61672750e-02  1.26973470e-01 -9.21470362e-03 -7.80508061e-02
  -1.15053783e-01  1.68040823e-01]
 [-2.21716331e-04 -9.21470362e-03  1.03980792e-03  2.13624590e-03
   2.77415296e-03 -3.27865237e-03]
 [-2.38929552e-02 -7.80508061e-02  2.13624590e-03  1.67701709e-01
   6.42229568e-03 -1.73953491e-01]
 [-4.93366675e-02 -1.15053783e-01  2.77415296e-03  6.42229568e-03
   9.19725000e-01 -1.98499548e-01]
 [ 7.77772469e-02  1.68040823e-01 -3.27865237e-03 -1.73953491e-01
  -1.98499548e-01  7.95127396e-01]]","{'amplitude': 102.08505465716883, 'color': 0.055125893199219865, 's1': 0.2046848073471973, 's2': -0.323137325972922, 's3': -0.48360214978655147, 't0': 56175.119452311}","{'amplitude': 0.47816324602331944, 'color': 0.0469292229367825, 's1': 0.5600279737596641, 's2': 0.9533783600604402, 's3': 1.0946347550244422, 't0': 0.4303943904192103}","[[ 0.18523933  0.04330045 -0.00153513 -0.02032978 -0.07532249  0.07581078]
 [ 0.04330045  0.22864009 -0.02036625 -0.18512952 -0.18554257 -0.02648782]
 [-0.00153513 -0.02036625  0.00220235  0.01307603  0.01022559  0.00781055]
 [-0.02032978 -0.18512952  0.01307603  0.31363133  0.20225272  0.02541058]
 [-0.07532249 -0.18554257  0.01022559  0.20225272  0.9089303   0.22822098]
 [ 0.07581078 -0.02648782  0.00781055  0.02541058  0.22822098  1.19822525]]"
psc420414,"{'amplitude': 102.71710879489376, 'color': 0.01730939114524798, 's1': 0.9741068566453898, 's2': -1.645503277803168, 's3': 1.0583113416993817, 't0': 56177.259868550995}","{'amplitude': 0.5229074297105947, 'color': 0.046135037085710054, 's1': 0.5030171696523782, 's2': 1.3867685259666744, 's3': 1.1988677244146462, 't0': 1.145663678345174}","[[ 1.31254526  0.31273954 -0.01522705 -0.31053187 -0.5848671  -0.85879198]
 [ 0.31273954  0.27343218 -0.01968865 -0.18793152 -0.22223178 -0.15367537]
 [-0.01522705 -0.01968865  0.00212844  0.00623716  0.00921075  0.01136184]
 [-0.31053187 -0.18793152  0.00623716  0.25302627  0.16772885  0.04930835]
 [-0.5848671  -0.22223178  0.00921075  0.16772885  1.92312694  0.22647014]
 [-0.85879198 -0.15367537  0.01136184  0.04930835  0.22647014  1.43728382]]","{'amplitude': 103.23000411909733, 'color': -0.033661073207148305, 's1': 0.9359478032557176, 's2': -2.199275110997662, 's3': 0.6342867645950224, 't0': 56177.41313671627}","{'amplitude': 0.6924912531783228, 'color': 0.06332234137284842, 's1': 0.48891284552959013, 's2': 1.7612189401279263, 's3': 0.9048519145481394, 't0': 0.8103898625848533}","[[ 0.65673173  0.26023759 -0.01574018 -0.23330974 -0.44956756 -0.24459071]
 [ 0.26023759  0.47954414 -0.039869   -0.22315346 -0.42319003 -0.13983009]
 [-0.01574018 -0.039869    0.00400972  0.01059207  0.03761397  0.00631451]
 [-0.23330974 -0.22315346  0.01059207  0.23903577  0.08214439  0.0900368 ]
 [-0.44956756 -0.42319003  0.03761397  0.08214439  3.10189216  0.19740431]
 [-0.24459071 -0.13983009  0.00631451  0.0900368   0.19740431  0.81875699]]"
psc420417,"{'amplitude': 102.10689582963364, 'color': 0.0855728053567716, 's1': 1.1028611741419518, 's2': -2.6695606422890283, 's3': 2.122284826230704, 't0': 56172.54238621068}","{'amplitude': 1.274460410345934, 'color': 0.08530244922416584, 's1': 1.1805347496524319, 's2': 2.509155423881983, 's3': 1.5468554053959909, 't0': 2.663653955997266}","[[ 7.0950524   1.59969277 -0.08085198 -0.9424237  -2.47335899 -0.07825251]
 [ 1.59969277  1.62424934 -0.09166469 -1.11288497  0.3836202  -1.16994307]
 [-0.08085198 -0.09166469  0.00727651  0.04151466 -0.04811904  0.0841877 ]
 [-0.9424237  -1.11288497  0.04151466  1.3936623  -1.07780198  1.02059688]
 [-2.47335899  0.3836202  -0.04811904 -1.07780198  6.29586094 -2.54247658]
 [-0.07825251 -1.16994307  0.0841877   1.02059688 -2.54247658  2.39276165]]","{'amplitude': 103.00060254671412, 'color': 0.025362786248521344, 's1': 0.3556792074622835, 's2': -1.7469844613011232, 's3': -0.0900435595306858, 't0': 56172.57483399079}","{'amplitude': 0.9445628019947171, 'color': 0.09478122763740406, 's1': 1.4416414246560583, 's2': 2.5078125451504927, 's3': 2.5031221785909032, 't0': 1.5023144461879196}","[[ 2.25694870e+00  1.13231438e-01  4.78344094e-05 -1.04973469e-01
  -1.29615870e+00  1.33916775e+00]
 [ 1.13231438e-01  8.92198887e-01 -6.73125312e-02 -6.73354361e-01
   8.78543312e-01 -8.86337473e-01]
 [ 4.78344094e-05 -6.73125312e-02  8.98348111e-03  2.26683197e-02
  -1.44658535e-01  1.35135624e-01]
 [-1.04973469e-01 -6.73354361e-01  2.26683197e-02  2.07833000e+00
  -1.05267715e+00  1.03836800e+00]
 [-1.29615870e+00  8.78543312e-01 -1.44658535e-01 -1.05267715e+00
   6.28912376e+00 -4.48958864e+00]
 [ 1.33916775e+00 -8.86337473e-01  1.35135624e-01  1.03836800e+00
  -4.48958864e+00  6.26562064e+00]]"
psc420435,"{'amplitude': 102.74526560793757, 'color': 0.039464901569225386, 's1': 0.3951756330838277, 's2': -2.068700999214533, 's3': 1.1256526607628796, 't0': 56173.387414482895}","{'amplitude': 0.4877222747069725, 'color': 0.044387490385622175, 's1': 0.4193343719175901, 's2': 1.8232860202117285, 's3': 1.2668356650318509, 't0': 0.7050721994502621}","[[ 4.97126806e-01  1.17476215e-02  1.87159285e-03 -3.06198706e-02
  -5.12071308e-01  1.60214064e-01]
 [ 1.17476215e-02  2.37873017e-01 -1.94952091e-02 -1.57689780e-01
   4.11425006e-01 -3.55382868e-01]
 [ 1.87159285e-03 -1.94952091e-02  1.97024930e-03  9.49569859e-03
  -3.29928937e-02  2.05984406e-02]
 [-3.06198706e-02 -1.57689780e-01  9.49569859e-03  1.75841315e-01
  -4.54994747e-01  3.88090851e-01]
 [-5.12071308e-01  4.11425006e-01 -3.29928937e-02 -4.54994747e-01
   3.32437191e+00 -1.85759118e+00]
 [ 1.60214064e-01 -3.55382868e-01  2.05984406e-02  3.88090851e-01
  -1.85759118e+00  1.60487260e+00]]","{'amplitude': 102.45822253961873, 'color': 0.0677770656036081, 's1': 0.49768869508832847, 's2': -1.5509386010735275, 's3': 1.102976147470977, 't0': 56173.246928265944}","{'amplitude': 0.45356797357101075, 'color': 0.04829721737178147, 's1': 0.33409921948889554, 's2': 1.8516651008919762, 's3': 1.234645726803933, 't0': 0.6887448111241147}","[[ 4.74369415e-01  3.58472303e-02  8.68007578e-04 -4.56215188e-02
  -7.66622383e-01  2.79830995e-01]
 [ 3.58472303e-02  2.05723907e-01 -2.02829232e-02 -9.69552749e-02
  -3.51172544e-02 -1.73238205e-01]
 [ 8.68007578e-04 -2.02829232e-02  2.33262121e-03  6.53572845e-03
   3.05516116e-04  1.40614698e-02]
 [-4.56215188e-02 -9.69552749e-02  6.53572845e-03  1.11622288e-01
  -1.01155785e-01  2.36847215e-01]
 [-7.66622383e-01 -3.51172544e-02  3.05516116e-04 -1.01155785e-01
   3.42866365e+00 -1.75590456e+00]
 [ 2.79830995e-01 -1.73238205e-01  1.40614698e-02  2.36847215e-01
  -1.75590456e+00  1.52435007e+00]]"
psc430003,"{'amplitude': 102.31157531853233, 'color': 0.12893663728941349, 's1': -1.2536963357501223, 's2': 0.5680008451061839, 's3': -1.9606972022713827, 't0': 56177.423503657665}","{'amplitude': 0.5504354412830224, 'color': 0.04485663528856408, 's1': 0.6055844378004196, 's2': 0.9760362468208953, 's3': 2.258303083063859, 't0': 1.1036857964957403}","[[ 1.21812234e+00  2.56198891e-01 -1.02620063e-02 -3.42848180e-01
   6.52305382e-01  1.07543557e+00]
 [ 2.56198891e-01  3.02979175e-01 -1.85727626e-02 -1.26988809e-01
   1.62159857e-01  6.28181337e-01]
 [-1.02620063e-02 -1.85727626e-02  2.01211773e-03  4.59206948e-03
  -6.51069180e-03 -9.75829595e-03]
 [-3.42848180e-01 -1.26988809e-01  4.59206948e-03  3.66732511e-01
  -3.26142518e-01 -6.57806513e-01]
 [ 6.52305382e-01  1.62159857e-01 -6.51069180e-03 -3.26142518e-01
   9.52646755e-01  1.60103098e+00]
 [ 1.07543557e+00  6.28181337e-01 -9.75829595e-03 -6.57806513e-01
   1.60103098e+00  5.09993281e+00]]","{'amplitude': 102.33101329960684, 'color': 0.14823166108099392, 's1': -1.257861710674491, 's2': 1.0744238856667168, 's3': 0.3648279752233969, 't0': 56178.108626848945}","{'amplitude': 0.6106104124372801, 'color': 0.058613655014646215, 's1': 0.7319285474325884, 's2': 0.965000785421572, 's3': 1.8852627481766797, 't0': 0.6126402901963661}","[[ 3.75328125e-01  1.21706745e-01 -9.41893947e-03 -6.04695212e-02
  -1.81535104e-01  1.94085778e-02]
 [ 1.21706745e-01  3.72845076e-01 -3.09015779e-02 -2.57383695e-01
  -2.42856418e-01  1.07135420e-01]
 [-9.41893947e-03 -3.09015779e-02  3.43556055e-03  1.51226849e-02
   4.37696746e-03 -1.86882416e-02]
 [-6.04695212e-02 -2.57383695e-01  1.51226849e-02  5.35719399e-01
   2.38882493e-01 -6.06136712e-02]
 [-1.81535104e-01 -2.42856418e-01  4.37696746e-03  2.38882493e-01
   9.31226516e-01  3.68535999e-01]
 [ 1.94085778e-02  1.07135420e-01 -1.86882416e-02 -6.06136712e-02
   3.68535999e-01  3.55421563e+00]]"
psc430004,"{'amplitude': 101.04096683881902, 'color': 0.052222082232504796, 's1': -1.4478024692490925, 's2': 0.4596298533422597, 's3': 0.6130250321981742, 't0': 56187.7035420071}","{'amplitude': 0.38913167158085954, 'color': 0.048291692095966454, 's1': 0.39720872242425703, 's2': 0.7472473530220403, 's3': 0.940971805334496, 't0': 0.5074258244430937}","[[ 0.25748097 -0.02545313  0.00423055  0.04031774  0.0755881  -0.11356844]
 [-0.02545313  0.15142346 -0.01797339  0.06186775 -0.22026644  0.22116226]
 [ 0.00423055 -0.01797339  0.00233209 -0.00570035  0.02321848 -0.02815048]
 [ 0.04031774  0.06186775 -0.00570035  0.15777477 -0.13441708 -0.07802355]
 [ 0.0755881  -0.22026644  0.02321848 -0.13441708  0.55837861 -0.31854357]
 [-0.11356844  0.22116226 -0.02815048 -0.07802355 -0.31854357  0.88542794]]","{'amplitude': 100.95446915631128, 'color': 0.04431097788285627, 's1': -1.7317369943703975, 's2': 1.1796646953511116, 's3': -0.5094004346634241, 't0': 56187.94593979727}","{'amplitude': 0.42300737528553983, 'color': 0.046208528468112554, 's1': 0.33982644771450543, 's2': 1.0933109800335747, 's3': 1.1325133956886326, 't0': 0.661985310674531}","[[ 0.43822455 -0.09183299  0.0031296   0.02906934  0.39600514 -0.35222422]
 [-0.09183299  0.17893524 -0.01664335  0.03991499 -0.27753965  0.28734851]
 [ 0.0031296  -0.01664335  0.00213523 -0.00559464  0.01298793 -0.02261306]
 [ 0.02906934  0.03991499 -0.00559464  0.11548201 -0.0558486   0.01155867]
 [ 0.39600514 -0.27753965  0.01298793 -0.0558486   1.1953289  -0.77203631]
 [-0.35222422  0.28734851 -0.02261306  0.01155867 -0.77203631  1.28258659]]"
psc440005,"{'amplitude': 102.8394789000034, 'color': 0.10964733998977928, 's1': -0.7346082819434224, 's2': -0.5038673753065543, 's3': -0.6501422731903185, 't0': 56220.03643215311}","{'amplitude': 0.3031539774923522, 'color': 0.0351694222270611, 's1': 0.6815026978498985, 's2': 1.6162189263753752, 's3': 2.003772412147842, 't0': 0.8781038256076772}","[[ 7.71066329e-01 -6.67945165e-02  4.96714466e-04 -4.41100102e-02
   4.93634570e-01  1.34935011e-02]
 [-6.67945165e-02  9.19023341e-02 -5.05485934e-03  1.96462851e-02
  -2.42481091e-01  1.12442787e-01]
 [ 4.96714466e-04 -5.05485934e-03  1.23688826e-03 -2.92976605e-04
  -4.53640534e-03  1.63254568e-02]
 [-4.41100102e-02  1.96462851e-02 -2.92976605e-04  4.64445927e-01
  -1.91995314e-01  8.76169892e-01]
 [ 4.93634570e-01 -2.42481091e-01 -4.53640534e-03 -1.91995314e-01
   2.61216362e+00 -1.18630183e+00]
 [ 1.34935011e-02  1.12442787e-01  1.63254568e-02  8.76169892e-01
  -1.18630183e+00  4.01510388e+00]]","{'amplitude': 102.6019810495545, 'color': 0.1235823026345706, 's1': -0.23180596295418496, 's2': -0.1328719974711129, 's3': -0.18038446596234994, 't0': 56220.10568453741}","{'amplitude': 0.5627003052607243, 'color': 0.05288078575337011, 's1': 0.6893758703700062, 's2': 2.3161578176942372, 's3': 1.8122740713672965, 't0': 0.7380473954090236}","[[ 5.44713958e-01  2.01144263e-02  2.75775616e-03 -1.33410591e-01
  -1.05884877e-01  2.77810551e-01]
 [ 2.01144263e-02  3.16631634e-01 -2.11874224e-02 -6.93520813e-02
  -5.99585189e-01  1.26962631e-02]
 [ 2.75775616e-03 -2.11874224e-02  2.79637750e-03  1.16376475e-02
  -1.28176786e-02  3.22582725e-02]
 [-1.33410591e-01 -6.93520813e-02  1.16376475e-02  4.75239091e-01
  -5.87107106e-01  6.55346235e-01]
 [-1.05884877e-01 -5.99585189e-01 -1.28176786e-02 -5.87107106e-01
   5.36458704e+00 -2.81289883e+00]
 [ 2.77810551e-01  1.26962631e-02  3.22582725e-02  6.55346235e-01
  -2.81289883e+00  3.28433731e+00]]"
psc440008,"{'amplitude': 99.63009995472639, 'color': -0.018619775641888783, 's1': 0.405805763840452, 's2': -0.05772515753427045, 's3': -0.8034445818062436, 't0': 56217.053464469755}","{'amplitude': 0.06884899754498583, 'color': 0.008541699688017728, 's1': 0.06240297597156244, 's2': 0.12837464595069425, 's3': 0.14695348353455562, 't0': 0.10264919037261153}","[[ 1.05368563e-02 -1.79230711e-04 -4.46427517e-06 -2.30879239e-03
  -4.43640551e-03 -2.41225817e-03]
 [-1.79230711e-04  4.74018446e-03 -5.59864913e-04  1.43431059e-03
  -1.83163427e-03  5.24948677e-03]
 [-4.46427517e-06 -5.59864913e-04  7.29606336e-05 -2.10831759e-04
   6.20629799e-05 -5.45819119e-04]
 [-2.30879239e-03  1.43431059e-03 -2.10831759e-04  3.89413141e-03
   2.31250460e-03  2.19429357e-03]
 [-4.43640551e-03 -1.83163427e-03  6.20629799e-05  2.31250460e-03
   1.64800497e-02  4.98555058e-03]
 [-2.41225817e-03  5.24948677e-03 -5.45819119e-04  2.19429357e-03
   4.98555058e-03  2.15953263e-02]]","{'amplitude': 99.59366438874929, 'color': -0.01476309267963779, 's1': 0.406089408344955, 's2': 0.06573318004609008, 's3': -0.6550232087568123, 't0': 56217.00490673586}","{'amplitude': 0.07062093157923523, 'color': 0.008949847477724576, 's1': 0.0796972712045314, 's2': 0.18105784618669238, 's3': 0.22839636141367703, 't0': 0.12043881333425163}","[[ 1.45055078e-02 -5.46026870e-04  6.68293002e-05 -4.27536728e-03
  -7.68136961e-03 -6.37038848e-03]
 [-5.46026870e-04  4.98731598e-03 -5.90249829e-04  1.64459182e-03
  -2.89863786e-03  1.24146706e-03]
 [ 6.68293002e-05 -5.90249829e-04  8.00997699e-05 -2.35803223e-04
  -5.06923566e-06  1.30850256e-04]
 [-4.27536728e-03  1.64459182e-03 -2.35803223e-04  6.35165504e-03
   2.24679378e-03  3.80597747e-03]
 [-7.68136961e-03 -2.89863786e-03 -5.06923566e-06  2.24679378e-03
   3.27819437e-02 -1.65898944e-04]
 [-6.37038848e-03  1.24146706e-03  1.30850256e-04  3.80597747e-03
  -1.65898944e-04  5.21648979e-02]]"
psc440042,"{'amplitude': 100.51891808301282, 'color': 0.008170985518888283, 's1': 0.6643899724993598, 's2': 0.30872500173777867, 's3': -0.8021209188768579, 't0': 56214.83687639402}","{'amplitude': 0.08223616233916453, 'color': 0.0102174841345915, 's1': 0.047039421242193735, 's2': 0.1226120550320074, 's3': 0.19649180692652604, 't0': 0.11339495420667924}","[[ 1.28584156e-02 -1.09454127e-05 -3.70499639e-05  7.65143177e-06
  -1.19017803e-03 -5.33239700e-03]
 [-1.09454127e-05  6.76278640e-03 -7.77168845e-04  2.33919558e-03
  -4.08735162e-03  1.01793905e-02]
 [-3.70499639e-05 -7.77168845e-04  1.04396982e-04 -2.89129079e-04
   2.00451734e-04 -9.10304071e-04]
 [ 7.65143177e-06  2.33919558e-03 -2.89129079e-04  2.21270715e-03
  -1.79052548e-03  5.40786604e-03]
 [-1.19017803e-03 -4.08735162e-03  2.00451734e-04 -1.79052548e-03
   1.50337160e-02 -7.11098523e-03]
 [-5.33239700e-03  1.01793905e-02 -9.10304071e-04  5.40786604e-03
  -7.11098523e-03  3.86090302e-02]]","{'amplitude': 100.45164138158387, 'color': 0.013143454503267784, 's1': 0.6946935605284241, 's2': 0.4012315218566951, 's3': -0.7339504920344644, 't0': 56214.79354550134}","{'amplitude': 0.08201454010839924, 'color': 0.010286906945201514, 's1': 0.053800325899107576, 's2': 0.13650388037138333, 's3': 0.22093648769740296, 't0': 0.11817072567374606}","[[ 0.01396432  0.00171364 -0.00018598  0.00075304 -0.00457444 -0.00567931]
 [ 0.00171364  0.00672638 -0.00075867  0.00166083 -0.00615275  0.00280406]
 [-0.00018598 -0.00075867  0.00010582 -0.00027447  0.00035712 -0.00012933]
 [ 0.00075304  0.00166083 -0.00027447  0.00289448 -0.00146828  0.00373235]
 [-0.00457444 -0.00615275  0.00035712 -0.00146828  0.01863331 -0.00132432]
 [-0.00567931  0.00280406 -0.00012933  0.00373235 -0.00132432  0.04881293]]"
psc440050,"{'amplitude': 102.78452698333369, 'color': -0.028580965414575457, 's1': -0.08017759776459, 's2': -2.642186437955001, 's3': 2.4662610712620188, 't0': 56219.09384151807}","{'amplitude': 0.3560059033157932, 'color': 0.03301654203819741, 's1': 0.5648568846957535, 's2': 1.6290845150294069, 's3': 1.39800293054962, 't0': 1.588957671821715}","[[ 2.52478648e+00  1.07602984e-02  5.27118678e-04 -2.07942224e-01
  -1.56204160e+00  1.31181649e+00]
 [ 1.07602984e-02  1.26740203e-01 -1.02610155e-02 -6.66299804e-02
  -1.69524595e-02 -2.69842940e-01]
 [ 5.27118678e-04 -1.02610155e-02  1.09009205e-03 -1.02918785e-04
  -5.37187754e-03  2.09530148e-02]
 [-2.07942224e-01 -6.66299804e-02 -1.02918785e-04  3.19063300e-01
   2.64531415e-01 -4.56836524e-02]
 [-1.56204160e+00 -1.69524595e-02 -5.37187754e-03  2.64531415e-01
   2.65391636e+00 -1.31543018e+00]
 [ 1.31181649e+00 -2.69842940e-01  2.09530148e-02 -4.56836524e-02
  -1.31543018e+00  1.95441219e+00]]","{'amplitude': 102.89948527844085, 'color': -0.03889278872451386, 's1': -0.13729139314273311, 's2': -1.8793868443345965, 's3': 1.980354826567282, 't0': 56218.28208630426}","{'amplitude': 0.49099967554146584, 'color': 0.0416243879395839, 's1': 0.6690835901558599, 's2': 1.5836598641276785, 's3': 1.4575705190094435, 't0': 1.2929465416147237}","[[ 1.67171076e+00  2.34787407e-01 -1.49422821e-02 -4.89505913e-01
  -1.10454856e+00  2.55278277e-01]
 [ 2.34787407e-01  2.41080681e-01 -1.92409953e-02 -1.59582664e-01
  -1.48793479e-01 -3.87069201e-01]
 [-1.49422821e-02 -1.92409953e-02  1.73258967e-03  9.60800276e-03
   4.23543613e-03  3.20323897e-02]
 [-4.89505913e-01 -1.59582664e-01  9.60800276e-03  4.47672851e-01
   2.77788851e-01  6.42647038e-02]
 [-1.10454856e+00 -1.48793479e-01  4.23543613e-03  2.77788851e-01
   2.50797857e+00 -9.17046809e-01]
 [ 2.55278277e-01 -3.87069201e-01  3.20323897e-02  6.42647038e-02
  -9.17046809e-01  2.12451182e+00]]"
psc440162,"{'amplitude': 105.2370042375987, 'color': -0.20031244855970484, 's1': -1.7968603985931026, 's2': 3.279272365224939, 's3': -0.5937563493192815, 't0': 56217.1072226726}","{'amplitude': 0.49658597205480054, 'color': 0.051252504132390735, 's1': 0.7385746616672316, 's2': 1.3624818252821487, 's3': 2.11842751397865, 't0': 2.1742534677833874}","[[ 4.72737814e+00 -5.28033045e-01  3.36974059e-02 -2.45274795e-01
   1.09071837e+00 -3.10455736e+00]
 [-5.28033045e-01  2.46597628e-01 -1.66821095e-02 -5.85613093e-02
  -3.27484219e-01  1.04550746e-01]
 [ 3.36974059e-02 -1.66821095e-02  2.62681918e-03  1.88685650e-02
  -1.95780199e-02  2.01897947e-02]
 [-2.45274795e-01 -5.85613093e-02  1.88685650e-02  5.45492531e-01
  -4.98600671e-01  5.66732448e-01]
 [ 1.09071837e+00 -3.27484219e-01 -1.95780199e-02 -4.98600671e-01
   1.85635672e+00 -9.62337952e-01]
 [-3.10455736e+00  1.04550746e-01  2.01897947e-02  5.66732448e-01
  -9.62337952e-01  4.48773513e+00]]","{'amplitude': 104.82371484829999, 'color': -0.07092847744744563, 's1': -1.15105317597891, 's2': -2.353319835797245, 's3': 1.1741910615359294, 't0': 56216.09119014038}","{'amplitude': 0.533051952867487, 'color': 0.05524725124174923, 's1': 1.103126857532238, 's2': 1.684080368407966, 's3': 1.7911668382120312, 't0': 1.6007689161635592}","[[ 2.56246112e+00 -4.13055165e-02  1.09745961e-02 -3.11490837e-01
  -8.66429530e-03  2.70194613e-01]
 [-4.13055165e-02  2.84144384e-01 -2.73065967e-02 -2.47709972e-01
   2.81346276e-01 -6.21663139e-01]
 [ 1.09745961e-02 -2.73065967e-02  3.05225877e-03  1.47771722e-02
  -4.26818307e-02  4.73351446e-02]
 [-3.11490837e-01 -2.47709972e-01  1.47771722e-02  1.21688886e+00
  -7.70404476e-03  1.24679010e+00]
 [-8.66429530e-03  2.81346276e-01 -4.26818307e-02 -7.70404476e-03
   2.83612669e+00 -7.50723397e-02]
 [ 2.70194613e-01 -6.21663139e-01  4.73351446e-02  1.24679010e+00
  -7.50723397e-02  3.20827864e+00]]"
psc440236,"{'amplitude': 105.76482378793578, 'color': -0.12841053760143867, 's1': -0.09028205879051128, 's2': 0.19761446190009538, 's3': 0.15423709354854415, 't0': 56208.30794914731}","{'amplitude': 0.37974272972269657, 'color': 0.04359149877743601, 's1': 0.7629583602509844, 's2': 1.3967336991381458, 's3': 1.2528946415860567, 't0': 1.2824915609363308}","[[ 1.64478460e+00 -2.25546341e-02  2.56814473e-02  1.88466341e-02
  -7.22808815e-01 -9.58572623e-01]
 [-2.25546341e-02  1.44204541e-01 -1.33911695e-02 -1.10582817e-01
  -1.10954415e-01 -1.14179956e-01]
 [ 2.56814473e-02 -1.33911695e-02  1.90021877e-03  9.16679092e-03
  -1.20999796e-02 -7.07151418e-03]
 [ 1.88466341e-02 -1.10582817e-01  9.16679092e-03  5.82105459e-01
  -1.03955855e-01  1.81382625e-01]
 [-7.22808815e-01 -1.10954415e-01 -1.20999796e-02 -1.03955855e-01
   1.95086503e+00  1.21719097e+00]
 [-9.58572623e-01 -1.14179956e-01 -7.07151418e-03  1.81382625e-01
   1.21719097e+00  1.56974498e+00]]","{'amplitude': 106.43053909109963, 'color': -0.2819933927285962, 's1': -0.28172807294535224, 's2': 1.9273852047879974, 's3': 0.2081339107184862, 't0': 56205.997576995185}","{'amplitude': 0.5132156513950857, 'color': 0.09060775900854127, 's1': 0.8802293414657372, 's2': 2.0436956206912567, 's3': 1.7047052158225162, 't0': 3.2336625647175055}","[[ 1.04565736e+01 -2.02044898e-01 -9.10205858e-03  2.01441930e+00
   2.27687366e+00 -2.52316172e+00]
 [-2.02044898e-01  2.63390305e-01 -3.49369918e-02  8.98120989e-02
   6.37296374e-02 -1.64977944e-01]
 [-9.10205858e-03 -3.49369918e-02  8.20976599e-03 -1.72920570e-02
  -1.14864546e-01  2.92806902e-03]
 [ 2.01441930e+00  8.98120989e-02 -1.72920570e-02  7.74803694e-01
   2.48967202e-01 -5.14899278e-01]
 [ 2.27687366e+00  6.37296374e-02 -1.14864546e-01  2.48967202e-01
   4.17669179e+00  7.11645224e-01]
 [-2.52316172e+00 -1.64977944e-01  2.92806902e-03 -5.14899278e-01
   7.11645224e-01  2.90601987e+00]]"
psc440509,"{'amplitude': 103.6531523749928, 'color': -0.07493543022502039, 's1': -0.6612683407781156, 's2': -1.8337258410043782, 's3': -0.23847822294597026, 't0': 56230.09814127792}","{'amplitude': 0.37797334178952574, 'color': 0.05481337409026653, 's1': 0.9699374461746159, 's2': 1.3520661885295635, 's3': 1.5050296400007377, 't0': 0.8267054234777679}","[[ 0.68344186 -0.07449778  0.01179209  0.24167732 -0.02409237  0.67852093]
 [-0.07449778  0.14286385 -0.01877219 -0.04734967  0.06926515 -0.2295748 ]
 [ 0.01179209 -0.01877219  0.00300451 -0.00253825 -0.01518504  0.03370657]
 [ 0.24167732 -0.04734967 -0.00253825  0.94077865  0.20505036  0.59531318]
 [-0.02409237  0.06926515 -0.01518504  0.20505036  1.82808298 -0.55295865]
 [ 0.67852093 -0.2295748   0.03370657  0.59531318 -0.55295865  2.26511422]]","{'amplitude': 103.58547922907793, 'color': -0.09622299061951499, 's1': -0.29714410943921876, 's2': -0.3935675430136373, 's3': -0.5287232835848055, 't0': 56229.814239864674}","{'amplitude': 0.6404041726288753, 'color': 0.07304269519648747, 's1': 1.2635611983720325, 's2': 1.8780829620424357, 's3': 1.7751489643638307, 't0': 0.8598754358135471}","[[ 0.73938577 -0.07588569  0.01065848 -0.1246562   0.25972685  0.49512658]
 [-0.07588569  0.4101175  -0.0401401  -0.23282857 -0.15576744 -0.52665721]
 [ 0.01065848 -0.0401401   0.00533524  0.01404431 -0.00791309  0.06679629]
 [-0.1246562  -0.23282857  0.01404431  1.5965869  -0.64088911  0.25776534]
 [ 0.25972685 -0.15576744 -0.00791309 -0.64088911  3.52719561  0.89038251]
 [ 0.49512658 -0.52665721  0.06679629  0.25776534  0.89038251  3.15115385]]"
psc440643,"{'amplitude': 100.93862032369675, 'color': -0.10605421199075467, 's1': -1.132009585743449, 's2': -0.5435848915068219, 's3': -0.5525504564378454, 't0': 56237.06848314324}","{'amplitude': 0.1075646834676413, 'color': 0.01473550339790696, 's1': 0.17185537578302432, 's2': 0.11873880135631772, 's3': 0.25228524339972924, 't0': 0.14394949701658746}","[[ 2.07214577e-02  2.22968262e-03 -9.38496940e-05  1.49550196e-02
   1.59697972e-03  1.20907247e-02]
 [ 2.22968262e-03  1.15701611e-02 -1.53199060e-03  4.74150318e-03
  -3.82948895e-03  1.28350544e-02]
 [-9.38496940e-05 -1.53199060e-03  2.17135060e-04 -3.54409139e-04
   5.08779604e-04 -1.24149814e-03]
 [ 1.49550196e-02  4.74150318e-03 -3.54409139e-04  2.95342702e-02
   1.82294930e-03  1.46095868e-02]
 [ 1.59697972e-03 -3.82948895e-03  5.08779604e-04  1.82294930e-03
   1.40989029e-02 -7.17180352e-03]
 [ 1.20907247e-02  1.28350544e-02 -1.24149814e-03  1.46095868e-02
  -7.17180352e-03  6.36478440e-02]]","{'amplitude': 100.9217096378476, 'color': -0.10441080206209703, 's1': -1.1299844801334984, 's2': -0.4223751952038355, 's3': -0.44536595676668955, 't0': 56237.174947669875}","{'amplitude': 0.1174576358357815, 'color': 0.01605172077159553, 's1': 0.27290748552217525, 's2': 0.212671752933079, 's3': 0.33363679574683275, 't0': 0.1788915324295644}","[[ 0.03200218 -0.00122565  0.00038285  0.0261914   0.00360297  0.01598328]
 [-0.00122565  0.0137963  -0.00181847 -0.00287803 -0.00504874  0.00466503]
 [ 0.00038285 -0.00181847  0.00025766  0.00045834  0.00029051 -0.00055006]
 [ 0.0261914  -0.00287803  0.00045834  0.0744785   0.02289674  0.0466515 ]
 [ 0.00360297 -0.00504874  0.00029051  0.02289674  0.04522927  0.01832382]
 [ 0.01598328  0.00466503 -0.00055006  0.0466515   0.01832382  0.11131351]]"
psc450082,"{'amplitude': 102.60679059981751, 'color': -0.07114982257062907, 's1': -0.2882551006386629, 's2': -1.1826362524441854, 's3': 0.010544157696989631, 't0': 56247.82008827431}","{'amplitude': 0.16391920675821986, 'color': 0.016109226852469224, 's1': 0.3752553243707649, 's2': 1.0554359164604905, 's3': 0.7506409368497811, 't0': 0.29528117156270506}","[[ 8.71909703e-02 -2.34209938e-03  7.80721058e-04 -7.06859507e-02
  -2.87229819e-02 -1.51487782e-02]
 [-2.34209938e-03  2.68695063e-02 -2.21857881e-03 -1.54059086e-02
  -6.94447060e-02 -3.87074545e-02]
 [ 7.80721058e-04 -2.21857881e-03  2.59507190e-04 -1.50947999e-04
   4.29547549e-04  4.06216501e-03]
 [-7.06859507e-02 -1.54059086e-02 -1.50947999e-04  1.40816558e-01
   1.30435150e-01  2.18901719e-02]
 [-2.87229819e-02 -6.94447060e-02  4.29547549e-04  1.30435150e-01
   1.11394497e+00 -6.83977818e-02]
 [-1.51487782e-02 -3.87074545e-02  4.06216501e-03  2.18901719e-02
  -6.83977818e-02  5.63461816e-01]]","{'amplitude': 102.6902300475434, 'color': -0.08430813861435316, 's1': -0.28949877635229504, 's2': -0.5028606486893644, 's3': -0.640374964508555, 't0': 56247.739671820236}","{'amplitude': 0.19988273788113348, 'color': 0.020988638413103337, 's1': 0.4334696168757178, 's2': 0.9883583681528179, 's3': 0.6836748765819667, 't0': 0.2996298066765685}","[[ 8.97780210e-02  8.21854784e-03  8.58903181e-05 -8.92610096e-02
  -1.02141401e-01  2.27552517e-02]
 [ 8.21854784e-03  3.99531089e-02 -3.49647844e-03 -3.21543470e-02
  -7.14133756e-02 -3.80504608e-02]
 [ 8.58903181e-05 -3.49647844e-03  4.40522942e-04  9.06000614e-04
  -1.19286391e-03  6.43877046e-03]
 [-8.92610096e-02 -3.21543470e-02  9.06000614e-04  1.87895909e-01
   1.85758896e-01  1.92725522e-02]
 [-1.02141401e-01 -7.14133756e-02 -1.19286391e-03  1.85758896e-01
   9.76852264e-01  5.31417353e-02]
 [ 2.27552517e-02 -3.80504608e-02  6.43877046e-03  1.92725522e-02
   5.31417353e-02  4.67411337e-01]]"
psc450311,"{'amplitude': 101.4197568145758, 'color': -0.04821256510876992, 's1': -0.9682333344087437, 's2': 0.3892203095252746, 's3': -0.3736786493970676, 't0': 56258.55282272395}","{'amplitude': 0.18447448545035433, 'color': 0.02494694866258852, 's1': 0.3457533686154979, 's2': 0.5222668461460898, 's3': 0.6374958240333994, 't0': 0.21900740275603073}","[[ 0.04796424 -0.01985167  0.00252798 -0.02625386  0.04810072 -0.0264107 ]
 [-0.01985167  0.03403084 -0.00421577  0.03805231 -0.03548875  0.06699998]
 [ 0.00252798 -0.00421577  0.00062235 -0.00540382  0.00109047 -0.00923403]
 [-0.02625386  0.03805231 -0.00540382  0.11954539 -0.03677689  0.12100157]
 [ 0.04810072 -0.03548875  0.00109047 -0.03677689  0.27276266  0.02147891]
 [-0.0264107   0.06699998 -0.00923403  0.12100157  0.02147891  0.40640093]]","{'amplitude': 101.47056790055252, 'color': -0.05478211263331304, 's1': -1.0172060017458975, 's2': 0.21165518510966713, 's3': -0.28272869240398696, 't0': 56258.615658986404}","{'amplitude': 0.24322703026047762, 'color': 0.03181970650124778, 's1': 0.3947873512382378, 's2': 0.677416559923671, 's3': 0.8863040266523614, 't0': 0.2599002242733629}","[[ 0.06754813 -0.02444555  0.0026934  -0.03495083  0.06630128 -0.02585075]
 [-0.02444555  0.05915939 -0.00727909  0.05340856 -0.05590434  0.13472195]
 [ 0.0026934  -0.00727909  0.00101249 -0.00680943  0.00280935 -0.01629801]
 [-0.03495083  0.05340856 -0.00680943  0.15585705 -0.10742195  0.20168978]
 [ 0.06630128 -0.05590434  0.00280935 -0.10742195  0.4588932  -0.14084202]
 [-0.02585075  0.13472195 -0.01629801  0.20168978 -0.14084202  0.78553483]]"
psc450339,"{'amplitude': 104.65495198124067, 'color': -0.040775799727092436, 's1': -0.15491408811500362, 's2': -1.2399091227715593, 's3': 0.6967057304751628, 't0': 56251.66982560489}","{'amplitude': 0.5568563935416677, 'color': 0.052786719579560194, 's1': 1.367892956150045, 's2': 2.5704713455987687, 's3': 1.8439986196390568, 't0': 1.0558153252481697}","[[ 1.11474600e+00 -1.30685774e-01 -4.38865087e-03 -4.53643071e-02
   7.30603389e-01 -6.29764317e-01]
 [-1.30685774e-01  3.10089043e-01 -2.03142112e-02 -2.75199400e-01
  -3.83212011e-01  1.48376690e-01]
 [-4.38865087e-03 -2.03142112e-02  2.78643776e-03 -1.02980936e-02
   1.34896744e-02  1.90018993e-02]
 [-4.53643071e-02 -2.75199400e-01 -1.02980936e-02  1.87113114e+00
  -1.13796754e+00 -1.35028933e+00]
 [ 7.30603389e-01 -3.83212011e-01  1.34896744e-02 -1.13796754e+00
   6.60732294e+00  1.51757163e+00]
 [-6.29764317e-01  1.48376690e-01  1.90018993e-02 -1.35028933e+00
   1.51757163e+00  3.40033091e+00]]","{'amplitude': 104.29515379293728, 'color': -0.0016843730424338883, 's1': -0.20727747767536703, 's2': -2.4717397287487146, 's3': 0.7615012580096238, 't0': 56252.05284182161}","{'amplitude': 0.6811270185674398, 'color': 0.07778685912079013, 's1': 1.179763824376485, 's2': 2.576192846381058, 's3': 1.7441716708625568, 't0': 1.5810565033748185}","[[ 2.49973967e+00 -3.59783640e-01 -1.82794249e-03  8.04831293e-02
   2.16298020e+00 -7.68923658e-02]
 [-3.59783640e-01  4.63934015e-01 -4.21478101e-02 -8.26487104e-02
  -3.10540457e-01 -3.28016733e-02]
 [-1.82794249e-03 -4.21478101e-02  6.05079545e-03 -2.49799949e-02
  -2.16294463e-02  4.35258804e-02]
 [ 8.04831293e-02 -8.26487104e-02 -2.49799949e-02  1.39184268e+00
  -7.30237439e-01 -7.99102585e-01]
 [ 2.16298020e+00 -3.10540457e-01 -2.16294463e-02 -7.30237439e-01
   6.63676958e+00 -1.18105047e+00]
 [-7.68923658e-02 -3.28016733e-02  4.35258804e-02 -7.99102585e-01
  -1.18105047e+00  3.04213482e+00]]"
psc460002,"{'amplitude': 100.79691930126816, 'color': -0.059389473047590784, 's1': -0.25736897694555444, 's2': -0.942597029760078, 's3': -0.03836794997547996, 't0': 56280.79074524466}","{'amplitude': 0.09662715019041693, 'color': 0.01160028907115882, 's1': 0.1473885091410886, 's2': 0.4771093320468541, 's3': 0.393630300625719, 't0': 0.11995252372370516}","[[ 1.43886079e-02  1.13356588e-03 -2.09888324e-04  7.93269429e-04
  -1.36423230e-02  4.26316852e-03]
 [ 1.13356588e-03  9.33680615e-03 -1.06197002e-03 -1.55116258e-03
   9.48024357e-03  7.27234418e-03]
 [-2.09888324e-04 -1.06197002e-03  1.34566707e-04 -2.32375101e-04
  -8.99851180e-04 -1.00963399e-03]
 [ 7.93269429e-04 -1.55116258e-03 -2.32375101e-04  2.17233726e-02
  -4.35399997e-03  4.44772959e-03]
 [-1.36423230e-02  9.48024357e-03 -8.99851180e-04 -4.35399997e-03
   2.27633315e-01 -7.14104886e-02]
 [ 4.26316852e-03  7.27234418e-03 -1.00963399e-03  4.44772959e-03
  -7.14104886e-02  1.54944814e-01]]","{'amplitude': 100.92774942433147, 'color': -0.07400775103231405, 's1': -0.2745820353730287, 's2': -1.2265391295772434, 's3': -0.21993225303553382, 't0': 56280.883555633714}","{'amplitude': 0.11585085994996593, 'color': 0.012935367917138299, 's1': 0.20254163342447126, 's2': 0.6566211174679935, 's3': 0.4475427548490588, 't0': 0.1354863669030516}","[[ 1.83565556e-02  2.14332633e-03 -2.84165123e-04 -2.65757566e-04
  -4.02902788e-02  7.88514924e-03]
 [ 2.14332633e-03  1.34214218e-02 -1.40334172e-03 -8.77747640e-03
  -8.93544469e-04  2.56677423e-03]
 [-2.84165123e-04 -1.40334172e-03  1.67323743e-04  2.41244657e-04
   6.50955643e-06 -1.17371151e-04]
 [-2.65757566e-04 -8.77747640e-03  2.41244657e-04  4.10231133e-02
  -1.34227297e-02 -7.59624772e-03]
 [-4.02902788e-02 -8.93544469e-04  6.50955643e-06 -1.34227297e-02
   4.31151292e-01 -8.61620536e-02]
 [ 7.88514924e-03  2.56677423e-03 -1.17371151e-04 -7.59624772e-03
  -8.61620536e-02  2.00294517e-01]]"
psc460003,"{'amplitude': 99.6515886143337, 'color': -0.06657591990791194, 's1': 0.7337784347147772, 's2': 0.8408725612047616, 's3': 0.7783380995706102, 't0': 56279.262913660394}","{'amplitude': 0.07772560345299062, 'color': 0.012700714744677814, 's1': 0.08340144377511263, 's2': 0.23511816791565304, 's3': 0.35667028247122284, 't0': 0.12685284994747284}","[[ 0.01609165 -0.00202525  0.00037369 -0.00349828  0.01431147 -0.02569365]
 [-0.00202525  0.00604127 -0.00081114  0.00169424 -0.01127375  0.01495305]
 [ 0.00037369 -0.00081114  0.00016131 -0.0007401   0.00125336 -0.00361657]
 [-0.00349828  0.00169424 -0.0007401   0.0069558  -0.00625888  0.0243133 ]
 [ 0.01431147 -0.01127375  0.00125336 -0.00625888  0.05528055 -0.04519913]
 [-0.02569365  0.01495305 -0.00361657  0.0243133  -0.04519913  0.12721369]]","{'amplitude': 99.78786163663707, 'color': -0.06567326803108435, 's1': 0.5837402396748641, 's2': 0.6425486825271159, 's3': 0.05050286565307102, 't0': 56279.32103176994}","{'amplitude': 0.10665944752143028, 'color': 0.009194401542396497, 's1': 0.07607691280287905, 's2': 0.34059728803035116, 's3': 0.2430994580921171, 't0': 0.10574411909866267}","[[ 1.11818187e-02  3.89146114e-03 -1.62143364e-04 -2.05123851e-03
  -1.29366132e-02 -2.27092157e-04]
 [ 3.89146114e-03  1.13762377e-02 -5.88898693e-04 -5.02760213e-03
  -2.41391997e-02 -9.38298766e-03]
 [-1.62143364e-04 -5.88898693e-04  8.45370197e-05 -7.02962566e-05
  -1.98628520e-04 -2.53119085e-05]
 [-2.05123851e-03 -5.02760213e-03 -7.02962566e-05  5.78769666e-03
   1.46073559e-02  1.30056484e-02]
 [-1.29366132e-02 -2.41391997e-02 -1.98628520e-04  1.46073559e-02
   1.16006513e-01  8.18566878e-03]
 [-2.27092157e-04 -9.38298766e-03 -2.53119085e-05  1.30056484e-02
   8.18566878e-03  5.90973465e-02]]"
psc460004,"{'amplitude': 101.92552677887366, 'color': -0.1889253721763382, 's1': -1.5004709553040283, 's2': 0.43249066871630704, 's3': -1.4198029364185025, 't0': 56265.68444055995}","{'amplitude': 0.14970791379105547, 'color': 0.018069148913630182, 's1': 0.2639829749528115, 's2': 0.6603287573909288, 's3': 0.4301247137587333, 't0': 0.4582366536370627}","[[ 2.09980831e-01 -3.32819153e-02  4.17122682e-03  3.54341073e-02
   2.85174733e-02 -4.17784280e-02]
 [-3.32819153e-02  2.24124595e-02 -2.28968987e-03 -9.52082528e-03
  -5.02130348e-03  1.13702712e-02]
 [ 4.17122682e-03 -2.28968987e-03  3.26494142e-04  2.16202321e-03
  -3.53927042e-03 -1.33474938e-03]
 [ 3.54341073e-02 -9.52082528e-03  2.16202321e-03  6.96870111e-02
  -1.47562605e-02  3.51974786e-02]
 [ 2.85174733e-02 -5.02130348e-03 -3.53927042e-03 -1.47562605e-02
   4.36034068e-01  8.74332935e-02]
 [-4.17784280e-02  1.13702712e-02 -1.33474938e-03  3.51974786e-02
   8.74332935e-02  1.85007269e-01]]","{'amplitude': 101.61751827462437, 'color': -0.17594466681917137, 's1': -1.75767367610524, 's2': 1.6446198718610336, 's3': 0.5894897412377805, 't0': 56265.4586423186}","{'amplitude': 0.22504512624446868, 'color': 0.028681649834388825, 's1': 0.5561692341686117, 's2': 0.528920075575497, 's3': 0.729152846959454, 't0': 0.7736924805034762}","[[ 0.59860005 -0.02836969  0.00773833  0.14646524  0.02281405 -0.18499766]
 [-0.02836969  0.05064531 -0.00570023 -0.02067301 -0.0024375  -0.07246738]
 [ 0.00773833 -0.00570023  0.00082264  0.0082908  -0.00543161  0.00594075]
 [ 0.14646524 -0.02067301  0.0082908   0.30932422 -0.22626057 -0.10772215]
 [ 0.02281405 -0.0024375  -0.00543161 -0.22626057  0.27975645 -0.00693281]
 [-0.18499766 -0.07246738  0.00594075 -0.10772215 -0.00693281  0.53166387]]"
psc460037,"{'amplitude': 103.12553892077214, 'color': -0.05814147511922126, 's1': -0.8735174113449546, 's2': -2.7182885654563047, 's3': 1.7642270231171024, 't0': 56279.96745143433}","{'amplitude': 0.3722225393337317, 'color': 0.048530007413943116, 's1': 0.9080991795283848, 's2': 1.8405769740838265, 's3': 1.7381961105621262, 't0': 1.5587582983974764}","[[ 2.42972743e+00  2.40999931e-02 -1.57191235e-02  5.74501607e-01
  -4.63266064e-01  1.41813793e+00]
 [ 2.40999931e-02  1.38549619e-01 -1.62671889e-02 -1.31863131e-02
   1.55535014e-01 -8.05402111e-02]
 [-1.57191235e-02 -1.62671889e-02  2.35516162e-03 -9.67838053e-03
  -2.56576704e-02  9.17255706e-03]
 [ 5.74501607e-01 -1.31863131e-02 -9.67838053e-03  8.24644120e-01
  -3.67615561e-01  4.93386740e-01]
 [-4.63266064e-01  1.55535014e-01 -2.56576704e-02 -3.67615561e-01
   3.38772360e+00 -2.13988825e+00]
 [ 1.41813793e+00 -8.05402111e-02  9.17255706e-03  4.93386740e-01
  -2.13988825e+00  3.02132572e+00]]","{'amplitude': 103.13028194743828, 'color': -0.06269061910453604, 's1': -1.5063709833201133, 's2': -1.8662203017230292, 's3': 0.6116544096853374, 't0': 56278.398903860296}","{'amplitude': 0.6468758362936733, 'color': 0.08031311927430457, 's1': 1.225227570915829, 's2': 2.235627734986895, 's3': 2.259272811659158, 't0': 1.7110081957978045}","[[ 2.92754905e+00  1.72124064e-04 -6.70146077e-03  7.31363328e-01
  -9.76965275e-02  1.24325011e+00]
 [ 1.72124064e-04  4.18448348e-01 -4.85174455e-02 -3.50954863e-01
   1.85463887e-01 -6.10037990e-01]
 [-6.70146077e-03 -4.85174455e-02  6.45019713e-03  4.15716783e-02
  -5.36933050e-02  8.00557663e-02]
 [ 7.31363328e-01 -3.50954863e-01  4.15716783e-02  1.50118260e+00
  -6.31523937e-01  1.73365345e+00]
 [-9.76965275e-02  1.85463887e-01 -5.36933050e-02 -6.31523937e-01
   4.99803137e+00 -2.06886182e+00]
 [ 1.24325011e+00 -6.10037990e-01  8.00557663e-02  1.73365345e+00
  -2.06886182e+00  5.10431364e+00]]"
psc460064,"{'amplitude': 101.73751476778115, 'color': -0.10310489371521916, 's1': -0.9122838610835253, 's2': -0.38794426029716234, 's3': 0.522788811768929, 't0': 56272.63008977679}","{'amplitude': 0.1881599068990546, 'color': 0.02471849706998381, 's1': 0.30399463924605785, 's2': 1.0356875165837542, 's3': 0.7955971164864847, 't0': 0.4642624154854978}","[[ 2.15539590e-01  1.62968800e-04  3.50568104e-03 -2.10989626e-05
  -2.98476367e-01 -1.80650757e-01]
 [ 1.62968800e-04  3.54041506e-02 -4.10046272e-03 -1.67826895e-02
   2.10903938e-02  6.97897479e-02]
 [ 3.50568104e-03 -4.10046272e-03  6.11004097e-04  2.86463869e-03
  -1.22883487e-02 -1.28503534e-02]
 [-2.10989626e-05 -1.67826895e-02  2.86463869e-03  9.24127407e-02
  -1.37704137e-02 -5.72051433e-03]
 [-2.98476367e-01  2.10903938e-02 -1.22883487e-02 -1.37704137e-02
   1.07264863e+00  4.12179542e-01]
 [-1.80650757e-01  6.97897479e-02 -1.28503534e-02 -5.72051433e-03
   4.12179542e-01  6.32974772e-01]]","{'amplitude': 101.60596433833774, 'color': -0.0953547768482301, 's1': -0.9905976545695341, 's2': -0.6584669771958033, 's3': -0.8281975994763958, 't0': 56272.7298552381}","{'amplitude': 0.23728541979091922, 'color': 0.02444179798400665, 's1': 0.627687724354147, 's2': 1.754327397324767, 's3': 1.3092788651133251, 't0': 0.6004254717548886}","[[ 3.60510747e-01  1.28618571e-03 -1.85690095e-03 -1.14054795e-01
   1.14003925e-01 -1.33926328e-01]
 [ 1.28618571e-03  5.63043704e-02 -4.17231497e-03 -4.26181378e-02
  -1.50589028e-01 -4.25416236e-02]
 [-1.85690095e-03 -4.17231497e-03  5.97401489e-04  1.78132892e-03
  -1.08591747e-02 -6.49430780e-03]
 [-1.14054795e-01 -4.26181378e-02  1.78132892e-03  3.93991879e-01
   5.32831516e-01  5.91378570e-01]
 [ 1.14003925e-01 -1.50589028e-01 -1.08591747e-02  5.32831516e-01
   3.07766462e+00  1.52629446e+00]
 [-1.33926328e-01 -4.25416236e-02 -6.49430780e-03  5.91378570e-01
   1.52629446e+00  1.71421115e+00]]"
psc460105,"{'amplitude': 101.713216643223, 'color': -0.06502823749043345, 's1': 1.0531289132746715, 's2': -1.4329352171460767, 's3': 0.1335175946359918, 't0': 56290.30822661648}","{'amplitude': 0.18126760358013388, 'color': 0.023805126992103954, 's1': 0.1377557129663023, 's2': 0.34381956061371294, 's3': 0.4173675741274933, 't0': 0.2369637396370342}","[[ 0.05615181 -0.0086626   0.00154723 -0.00607336 -0.0242834  -0.02455008]
 [-0.0086626   0.03285794 -0.00352367 -0.00544259  0.01803983  0.00029393]
 [ 0.00154723 -0.00352367  0.00056668 -0.00112562 -0.00182771 -0.00175734]
 [-0.00607336 -0.00544259 -0.00112562  0.01897664  0.00552965  0.01272275]
 [-0.0242834   0.01803983 -0.00182771  0.00552965  0.11821189 -0.04496907]
 [-0.02455008  0.00029393 -0.00175734  0.01272275 -0.04496907  0.17419569]]","{'amplitude': 101.75134012126261, 'color': -0.0692890759213767, 's1': 1.0643815217942105, 's2': -1.1965279713140542, 's3': 0.202177739138319, 't0': 56290.24968138548}","{'amplitude': 0.17976149646377257, 'color': 0.022058229005680323, 's1': 0.1581249876366743, 's2': 0.4995160561505236, 's3': 0.4287036116730595, 't0': 0.23337902219588158}","[[ 5.44657680e-02  1.22807855e-04  1.07045345e-04 -6.62537234e-04
  -2.28026057e-02 -3.41239154e-02]
 [ 1.22807855e-04  3.23141956e-02 -2.68436494e-03 -1.11252479e-02
   2.77648320e-02 -1.11613700e-03]
 [ 1.07045345e-04 -2.68436494e-03  4.86565467e-04 -1.25540243e-03
  -4.44486553e-04 -1.13167749e-03]
 [-6.62537234e-04 -1.11252479e-02 -1.25540243e-03  2.50035117e-02
  -1.21435133e-02  6.76245718e-03]
 [-2.28026057e-02  2.77648320e-02 -4.44486553e-04 -1.21435133e-02
   2.49516290e-01 -3.77906093e-02]
 [-3.41239154e-02 -1.11613700e-03 -1.13167749e-03  6.76245718e-03
  -3.77906093e-02  1.83786787e-01]]"
psc470008,"{'amplitude': 101.05390096510676, 'color': -0.10204058571945729, 's1': -1.57251838938395, 's2': 1.5713290625804346, 's3': -1.135894392230782, 't0': 56299.658549503205}","{'amplitude': 0.20608585634452706, 'color': 0.020009555789904432, 's1': 0.4937051013167337, 's2': 0.4730881553392632, 's3': 0.9218492128450578, 't0': 0.42803621183456286}","[[ 1.83214999e-01 -6.58896926e-03 -2.63024339e-06 -1.14353961e-01
   2.16459952e-02 -1.96293027e-01]
 [-6.58896926e-03  4.24713802e-02 -3.15283948e-03  1.96975099e-02
  -6.26056811e-02 -2.04383129e-02]
 [-2.63024339e-06 -3.15283948e-03  4.00382323e-04 -2.50473852e-04
   1.41899701e-03  3.38080892e-03]
 [-1.14353961e-01  1.96975099e-02 -2.50473852e-04  2.43744727e-01
  -6.59882151e-02  1.83534189e-01]
 [ 2.16459952e-02 -6.26056811e-02  1.41899701e-03 -6.59882151e-02
   2.23812403e-01  8.11377440e-02]
 [-1.96293027e-01 -2.04383129e-02  3.38080892e-03  1.83534189e-01
   8.11377440e-02  8.49805971e-01]]","{'amplitude': 101.01502777290965, 'color': -0.0906388212703896, 's1': -0.2820207908825159, 's2': 0.6940362235072863, 's3': 1.0508498552570258, 't0': 56298.69666059267}","{'amplitude': 0.17035352249890212, 'color': 0.02319108974052605, 's1': 0.5216729918057891, 's2': 0.5906708153682348, 's3': 1.103551665738875, 't0': 0.4426676906193525}","[[ 1.95954684e-01  8.43879193e-03  2.28930571e-03 -1.28311547e-01
   4.85064972e-02 -3.03173068e-01]
 [ 8.43879193e-03  2.90203226e-02 -3.45670876e-03 -2.60727116e-02
  -1.14686700e-02 -3.35975443e-02]
 [ 2.28930571e-03 -3.45670876e-03  5.37826643e-04  6.21343428e-04
   5.65237203e-04 -1.92135229e-03]
 [-1.28311547e-01 -2.60727116e-02  6.21343428e-04  2.72142710e-01
  -1.78835800e-01  4.94359072e-01]
 [ 4.85064972e-02 -1.14686700e-02  5.65237203e-04 -1.78835800e-01
   3.48892012e-01 -4.11733225e-01]
 [-3.03173068e-01 -3.35975443e-02 -1.92135229e-03  4.94359072e-01
  -4.11733225e-01  1.21782628e+00]]"
psc470015,"{'amplitude': 102.26246274020998, 'color': 0.03623962084404412, 's1': 0.08110909734426597, 's2': -0.219935632078186, 's3': -0.1290026256784006, 't0': 56313.23054747752}","{'amplitude': 3.7563899770135936, 'color': 0.13977584547061345, 's1': 1.2825445970530311, 's2': 2.5868672584293844, 's3': 2.5233301669316117, 't0': 316.6427717207885}","[[ 1.00262645e+05 -1.04333241e+03  1.31042376e+01  7.32573914e+01
   8.30843746e+01  3.09913916e+02]
 [-1.04333241e+03  1.41104657e+01 -3.30904549e-01 -1.53688886e+00
  -2.15593550e+00 -2.36311293e+00]
 [ 1.31042376e+01 -3.30904549e-01  1.95372870e-02  4.96540253e-02
   5.92673283e-02 -3.15925824e-02]
 [ 7.32573914e+01 -1.53688886e+00  4.96540253e-02  1.64492064e+00
   2.33038162e+00 -1.44145906e+00]
 [ 8.30843746e+01 -2.15593550e+00  5.92673283e-02  2.33038162e+00
   6.69188221e+00 -7.41555695e-02]
 [ 3.09913916e+02 -2.36311293e+00 -3.15925824e-02 -1.44145906e+00
  -7.41555695e-02  6.36719513e+00]]","{'amplitude': 100.85073904076417, 'color': 0.506327785942743, 's1': 0.2197498289603589, 's2': -0.32410714474383656, 's3': -0.6614781704110309, 't0': 56057.80726121928}","{'amplitude': 2.460728901050572, 'color': 0.6325853397793052, 's1': 1.9617134133928302, 's2': 2.1992314277383103, 's3': 2.5608309062996693, 't0': 377.6714773420654}","[[ 1.42635745e+05  7.13528856e+02 -2.28622458e+02  4.60542867e+02
   4.43510959e+02  6.89030859e+02]
 [ 7.13528856e+02  6.05518672e+00 -1.38713516e+00  1.17885453e+00
   1.43279108e+00  4.07298165e+00]
 [-2.28622458e+02 -1.38713516e+00  4.00164212e-01 -6.97512276e-01
  -7.33396836e-01 -1.21596836e+00]
 [ 4.60542867e+02  1.17885453e+00 -6.97512276e-01  3.84831952e+00
   3.96986849e+00  2.66208838e+00]
 [ 4.43510959e+02  1.43279108e+00 -7.33396836e-01  3.96986849e+00
   4.83661887e+00  3.21216116e+00]
 [ 6.89030859e+02  4.07298165e+00 -1.21596836e+00  2.66208838e+00
   3.21216116e+00  6.55785493e+00]]"
psc470041,"{'amplitude': 103.74397374457196, 'color': -0.13803922600362947, 's1': -0.8468090232833608, 's2': 0.7498532188443291, 's3': 0.7366516248969166, 't0': 56303.254930290255}","{'amplitude': 0.31988006960085974, 'color': 0.02752938759187189, 's1': 0.3858770589371625, 's2': 1.5183329693119214, 's3': 1.893480356083743, 't0': 0.6407033631537071}","[[ 4.10500800e-01 -1.01309296e-01  2.32593320e-03  1.49645090e-02
   5.83336097e-01 -7.67942137e-01]
 [-1.01309296e-01  1.02323259e-01 -6.18286505e-03 -3.28416520e-02
  -3.35973454e-01  3.11256300e-01]
 [ 2.32593320e-03 -6.18286505e-03  7.57867181e-04  1.77730513e-03
   7.08697414e-03 -5.58892000e-03]
 [ 1.49645090e-02 -3.28416520e-02  1.77730513e-03  1.48901105e-01
   5.57033781e-02  7.57974135e-02]
 [ 5.83336097e-01 -3.35973454e-01  7.08697414e-03  5.57033781e-02
   2.30533501e+00 -2.37406058e+00]
 [-7.67942137e-01  3.11256300e-01 -5.58892000e-03  7.57974135e-02
  -2.37406058e+00  3.58526786e+00]]","{'amplitude': 103.71673104498232, 'color': -0.1310331380797976, 's1': -0.7070268602220224, 's2': 0.32874139194992297, 's3': 2.3586203709945903, 't0': 56303.280555947546}","{'amplitude': 0.3946679958713021, 'color': 0.03737934720949438, 's1': 0.6400038754270057, 's2': 1.1240723443942249, 's3': 0.5481182427359907, 't0': 0.599386516197763}","[[ 3.59264196e-01 -5.01134288e-02  1.86173872e-04  2.00610961e-01
   2.23706585e-01 -2.75561817e-02]
 [-5.01134288e-02  1.55762827e-01 -1.23528638e-02 -1.38553188e-01
  -2.58512257e-01  6.99260656e-02]
 [ 1.86173872e-04 -1.23528638e-02  1.39721560e-03  6.99296482e-03
   8.97648105e-03 -6.06491915e-03]
 [ 2.00610961e-01 -1.38553188e-01  6.99296482e-03  4.09604961e-01
   2.69727934e-01 -4.70589008e-02]
 [ 2.23706585e-01 -2.58512257e-01  8.97648105e-03  2.69727934e-01
   1.26353864e+00 -3.10177430e-01]
 [-2.75561817e-02  6.99260656e-02 -6.06491915e-03 -4.70589008e-02
  -3.10177430e-01  3.00433608e-01]]"
psc470110,"{'amplitude': 103.30782529730332, 'color': -0.018964626416843915, 's1': -0.9052086806987556, 's2': 0.1978874943681159, 's3': 1.1758167435082798, 't0': 56314.45419624889}","{'amplitude': 0.7184396251201214, 'color': 0.05111725368076142, 's1': 1.121577769908707, 's2': 3.09721784969654, 's3': 1.5985798507767424, 't0': 1.5882653801479933}","[[ 2.52258692e+00 -6.13949212e-01  1.71852929e-02 -5.04716774e-01
   2.41460457e+00 -1.29509547e-01]
 [-6.13949212e-01  5.16155495e-01 -2.62240111e-02 -7.98051601e-02
  -1.59597210e+00  4.40296143e-02]
 [ 1.71852929e-02 -2.62240111e-02  2.61297362e-03  8.34545405e-03
   2.83417747e-02  1.00226022e-02]
 [-5.04716774e-01 -7.98051601e-02  8.34545405e-03  1.25793669e+00
   1.17579703e-01  9.85890305e-02]
 [ 2.41460457e+00 -1.59597210e+00  2.83417747e-02  1.17579703e-01
   9.59275841e+00 -2.11645436e+00]
 [-1.29509547e-01  4.40296143e-02  1.00226022e-02  9.85890305e-02
  -2.11645436e+00  2.55545754e+00]]","{'amplitude': 103.01486130612929, 'color': 0.006441211605485207, 's1': -0.9800708054100509, 's2': -1.0918864638607897, 's3': 3.158504909622239, 't0': 56315.38774999737}","{'amplitude': 0.7041827573648444, 'color': 0.06132219185688965, 's1': 1.559417582237974, 's2': 2.126077052406457, 's3': 1.4007961139345464, 't0': 2.4132048997746933}","[[ 5.82355789e+00  1.66251800e-01 -3.48766421e-02 -2.07111921e+00
  -2.11714739e-01  6.77735429e-01]
 [ 1.66251800e-01  4.95873356e-01 -3.62736988e-02 -5.86439387e-01
  -4.96279335e-01 -4.47346438e-01]
 [-3.48766421e-02 -3.62736988e-02  3.76041121e-03  4.14559969e-02
  -2.66851386e-03  1.92403325e-02]
 [-2.07111921e+00 -5.86439387e-01  4.14559969e-02  2.43178320e+00
   5.73115484e-01  2.94738465e-01]
 [-2.11714739e-01 -4.96279335e-01 -2.66851386e-03  5.73115484e-01
   4.52020363e+00 -2.02763809e-01]
 [ 6.77735429e-01 -4.47346438e-01  1.92403325e-02  2.94738465e-01
  -2.02763809e-01  1.96222975e+00]]"
psc470232,"{'amplitude': 101.15710798411016, 'color': -0.03741956002968101, 's1': -1.5470822427650777, 's2': 1.5903103127343023, 's3': 0.21490938693511374, 't0': 56316.325612409666}","{'amplitude': 0.12426192281712338, 'color': 0.013572889792781179, 's1': 0.20973940830361698, 's2': 0.18022622054681567, 's3': 0.26550087347725615, 't0': 0.1549860895482947}","[[ 0.02402069 -0.01086975  0.00111424 -0.02007936  0.01508739 -0.02708499]
 [-0.01086975  0.01544103 -0.0015536   0.01896178 -0.01721026  0.01680735]
 [ 0.00111424 -0.0015536   0.00018422 -0.00185905  0.0012395  -0.00193968]
 [-0.02007936  0.01896178 -0.00185905  0.04399062 -0.02493677  0.02909751]
 [ 0.01508739 -0.01721026  0.0012395  -0.02493677  0.03248149 -0.02321051]
 [-0.02708499  0.01680735 -0.00193968  0.02909751 -0.02321051  0.07049071]]","{'amplitude': 101.2931376955088, 'color': -0.02892925354786099, 's1': -1.1493795411123622, 's2': -0.3182312335070342, 's3': -0.5567535347784223, 't0': 56316.22239151769}","{'amplitude': 0.09551662233360768, 'color': 0.010528691541502, 's1': 0.3269478419937294, 's2': 0.32185885882974075, 's3': 0.5250154808382265, 't0': 0.11423879764600113}","[[ 1.30505029e-02 -1.39423322e-03  2.58960379e-06  8.40881431e-03
   1.13477707e-02 -1.56008176e-02]
 [-1.39423322e-03  9.12342514e-03 -8.46253422e-04  3.64850779e-03
  -1.08500864e-02  2.68076866e-02]
 [ 2.58960379e-06 -8.46253422e-04  1.10853346e-04 -7.84032714e-04
   3.64164883e-05 -7.71595111e-04]
 [ 8.40881431e-03  3.64850779e-03 -7.84032714e-04  1.06894891e-01
   5.37665767e-02 -4.95170936e-02]
 [ 1.13477707e-02 -1.08500864e-02  3.64164883e-05  5.37665767e-02
   1.03593125e-01 -1.12739358e-01]
 [-1.56008176e-02  2.68076866e-02 -7.71595111e-04 -4.95170936e-02
  -1.12739358e-01  2.75641255e-01]]"
psc470239,"{'amplitude': 103.17313990775824, 'color': -0.07390947346474935, 's1': 0.961444578101574, 's2': 0.446993415517439, 's3': 1.1245867741682674, 't0': 56308.758926508795}","{'amplitude': 0.5013732045697993, 'color': 0.04714308226658394, 's1': 0.682080666409891, 's2': 2.0281403799623114, 's3': 1.2363377224167333, 't0': 1.401323227955478}","[[ 1.96370679e+00  1.28614433e-01  2.07080237e-03 -6.28632085e-01
   2.96937396e-01 -9.48303284e-01]
 [ 1.28614433e-01  2.51375090e-01 -1.52079956e-02 -1.21358294e-01
  -2.68356263e-01 -2.19727333e-01]
 [ 2.07080237e-03 -1.52079956e-02  2.22247021e-03 -6.53359320e-03
   5.87864525e-03  7.27952644e-03]
 [-6.28632085e-01 -1.21358294e-01 -6.53359320e-03  4.65234035e-01
  -1.22082203e-01  4.53278194e-01]
 [ 2.96937396e-01 -2.68356263e-01  5.87864525e-03 -1.22082203e-01
   4.11335340e+00 -2.36690639e-01]
 [-9.48303284e-01 -2.19727333e-01  7.27952644e-03  4.53278194e-01
  -2.36690639e-01  1.52853096e+00]]","{'amplitude': 102.87775239122615, 'color': 0.33608646376438467, 's1': 3.9605166631309783, 's2': -3.451782266509993, 's3': -0.29528409040852266, 't0': 55516.220153609596}","{'amplitude': 4.32576746491723, 'color': 0.5370175829466806, 's1': 1.821122072877798, 's2': 2.476551345711401, 's3': 1.3378031406171849, 't0': 346.25093755845194}","[[ 1.19889712e+05  9.25340009e+02 -8.61606992e+01  3.83365790e+02
  -7.79085013e+02 -1.91441693e+02]
 [ 9.25340009e+02  1.87122642e+01 -2.16371108e+00  4.74026411e+00
  -7.21835413e+00 -2.52955622e+00]
 [-8.61606992e+01 -2.16371108e+00  2.88387884e-01 -4.97189793e-01
   7.22636050e-01  2.61401453e-01]
 [ 3.83365790e+02  4.74026411e+00 -4.97189793e-01  3.31648560e+00
  -3.37160356e+00 -1.71741858e+00]
 [-7.79085013e+02 -7.21835413e+00  7.22636050e-01 -3.37160356e+00
   6.13330657e+00  1.83458003e+00]
 [-1.91441693e+02 -2.52955622e+00  2.61401453e-01 -1.71741858e+00
   1.83458003e+00  1.78971724e+00]]"
psc470244,"{'amplitude': 105.20658712476985, 'color': -0.14215649518543771, 's1': 0.11689732804574489, 's2': -1.0815241216906342, 's3': -0.4330487391704979, 't0': 56319.61709908427}","{'amplitude': 0.3576070331986529, 'color': 0.04804265779835506, 's1': 0.41031056463685783, 's2': 1.179170561746667, 's3': 0.9934435103669726, 't0': 0.36637732837096315}","[[ 0.13423235 -0.02692447  0.00502303 -0.01691111 -0.11434199  0.16431221]
 [-0.02692447  0.12788279 -0.01584349 -0.01991623  0.2390396  -0.10268704]
 [ 0.00502303 -0.01584349  0.0023081  -0.00298635 -0.03126637  0.01897287]
 [-0.01691111 -0.01991623 -0.00298635  0.16835476 -0.03179609 -0.05868962]
 [-0.11434199  0.2390396  -0.03126637 -0.03179609  1.39044321  0.02586497]
 [ 0.16431221 -0.10268704  0.01897287 -0.05868962  0.02586497  0.98693001]]","{'amplitude': 105.21728672560798, 'color': -0.14377656776872588, 's1': 0.09611640670086435, 's2': -0.7464386681290974, 's3': -0.26858694087797597, 't0': 56319.60591829586}","{'amplitude': 0.37196546417820625, 'color': 0.049363789402742886, 's1': 0.4189318473286239, 's2': 1.3195935654223399, 's3': 0.8100671551377582, 't0': 0.32486807648746713}","[[ 1.05539267e-01 -3.32187019e-02  4.61968935e-03 -1.16570956e-02
  -1.41788825e-01  7.24327321e-02]
 [-3.32187019e-02  1.38358307e-01 -1.70551716e-02 -3.40749803e-02
   3.00349395e-01 -3.99002474e-02]
 [ 4.61968935e-03 -1.70551716e-02  2.43678370e-03 -7.64397589e-04
  -4.22131132e-02  8.23300292e-03]
 [-1.16570956e-02 -3.40749803e-02 -7.64397589e-04  1.75503893e-01
  -1.34633506e-01 -7.20180499e-02]
 [-1.41788825e-01  3.00349395e-01 -4.22131132e-02 -1.34633506e-01
   1.74132718e+00  1.30757680e-01]
 [ 7.24327321e-02 -3.99002474e-02  8.23300292e-03 -7.20180499e-02
   1.30757680e-01  6.56208796e-01]]"
psc480064,"{'amplitude': 102.55028905216436, 'color': 0.05980496100026061, 's1': -0.6021477765256916, 's2': -0.1715966834696647, 's3': 0.43268951723664106, 't0': 56325.78257273097}","{'amplitude': 0.14601211926813168, 'color': 0.018465342244905987, 's1': 0.2886044634853779, 's2': 0.8044891110085182, 's3': 0.5634422475939068, 't0': 0.24931132349086813}","[[ 6.21561360e-02  5.57864523e-03  6.70999258e-04 -3.02003704e-02
  -6.56796363e-02 -2.63288795e-02]
 [ 5.57864523e-03  2.13195390e-02 -2.15483367e-03 -1.01730251e-02
  -4.07799615e-02 -6.13980530e-03]
 [ 6.70999258e-04 -2.15483367e-03  3.40968864e-04  2.97847549e-04
  -1.76777711e-03  2.81072895e-04]
 [-3.02003704e-02 -1.01730251e-02  2.97847549e-04  8.32925363e-02
  -1.93813485e-04  5.29544090e-02]
 [-6.56796363e-02 -4.07799615e-02 -1.76777711e-03 -1.93813485e-04
   6.47202730e-01 -1.25460026e-01]
 [-2.63288795e-02 -6.13980530e-03  2.81072895e-04  5.29544090e-02
  -1.25460026e-01  3.17467166e-01]]","{'amplitude': 102.24065627721974, 'color': 0.06472683000540755, 's1': -0.5735395734202609, 's2': 1.4124211872632144, 's3': 0.29808388195513474, 't0': 56326.062912241}","{'amplitude': 0.31295345542351266, 'color': 0.023765758198054453, 's1': 0.3980524524093291, 's2': 1.2382131357886745, 's3': 0.8308884310324021, 't0': 0.3011757594958175}","[[ 9.07068381e-02  4.84208983e-03 -1.03776572e-03 -1.84145506e-02
   2.70119111e-02 -1.02242958e-01]
 [ 4.84208983e-03  9.79398653e-02 -5.67595028e-03  5.50403159e-02
  -2.89067404e-01 -5.66683892e-02]
 [-1.03776572e-03 -5.67595028e-03  5.64811263e-04 -6.14995553e-04
   7.31719841e-03  9.74806656e-03]
 [-1.84145506e-02  5.50403159e-02 -6.14995553e-04  1.58445755e-01
  -3.34611932e-01  8.15824481e-02]
 [ 2.70119111e-02 -2.89067404e-01  7.31719841e-03 -3.34611932e-01
   1.53317177e+00 -1.66184688e-01]
 [-1.02242958e-01 -5.66683892e-02  9.74806656e-03  8.15824481e-02
  -1.66184688e-01  6.90375585e-01]]"
psc480464,"{'amplitude': 101.98220042092652, 'color': -0.1409150569767985, 's1': -0.38800179905527005, 's2': -1.1287346460261096, 's3': -0.3841427439596526, 't0': 56342.57618932278}","{'amplitude': 0.08212606300735581, 'color': 0.011493362995778245, 's1': 0.19989275202971227, 's2': 0.6358597968999268, 's3': 0.45579021893980753, 't0': 0.10807362832511182}","[[ 1.16799091e-02  2.16349061e-03 -3.46904036e-04 -5.28151315e-04
  -1.65963442e-03  2.32393101e-03]
 [ 2.16349061e-03  6.74469023e-03 -8.37329032e-04 -6.02251487e-04
  -1.97125173e-03 -2.91839064e-03]
 [-3.46904036e-04 -8.37329032e-04  1.32097393e-04 -6.61175007e-04
  -1.12933523e-03  2.54341691e-04]
 [-5.28151315e-04 -6.02251487e-04 -6.61175007e-04  3.99571123e-02
  -5.20829705e-03 -9.49591856e-03]
 [-1.65963442e-03 -1.97125173e-03 -1.12933523e-03 -5.20829705e-03
   4.04317681e-01  1.20872454e-01]
 [ 2.32393101e-03 -2.91839064e-03  2.54341691e-04 -9.49591856e-03
   1.20872454e-01  2.07744724e-01]]","{'amplitude': 101.96293031803941, 'color': -0.1394049984487203, 's1': -0.3880062745399536, 's2': -1.4016983276348969, 's3': -0.16362041611055753, 't0': 56342.58977544128}","{'amplitude': 0.12691714100896995, 'color': 0.014656268682025124, 's1': 0.27591370858846287, 's2': 0.5562621444141114, 's3': 0.6314155264894438, 't0': 0.12382466303663518}","[[ 1.53325472e-02  5.44181372e-03 -8.34223501e-04  4.94038554e-04
  -1.34618626e-02 -9.98805221e-03]
 [ 5.44181372e-03  1.61079607e-02 -1.71413595e-03 -1.16758997e-02
  -4.08129998e-04 -3.84881192e-02]
 [-8.34223501e-04 -1.71413595e-03  2.14806212e-04  3.21241159e-04
   6.87432228e-04  2.89176440e-03]
 [ 4.94038554e-04 -1.16758997e-02  3.21241159e-04  7.61283746e-02
  -4.04029169e-02  4.02050581e-02]
 [-1.34618626e-02 -4.08129998e-04  6.87432228e-04 -4.04029169e-02
   3.09427573e-01  1.33681961e-02]
 [-9.98805221e-03 -3.84881192e-02  2.89176440e-03  4.02050581e-02
   1.33681961e-02  3.98685567e-01]]"
psc490007,"{'amplitude': 94.41099934857883, 'color': -0.0335251602920275, 's1': 0.04898110104379611, 's2': -0.8650096055422686, 's3': -0.2453944294952057, 't0': 56366.228699277235}","{'amplitude': 0.06552125171770397, 'color': 0.008695942366887553, 's1': 0.046705251063365476, 's2': 0.05957563817999622, 's3': 0.26669430475789174, 't0': 0.026887423685975385}","[[ 7.22933552e-04 -7.82704613e-04  8.00457207e-05  7.70788757e-04
  -6.84606052e-04 -3.92649160e-03]
 [-7.82704613e-04  4.29303443e-03 -5.56386138e-04 -2.04248458e-03
  -1.87190624e-04  1.66903015e-02]
 [ 8.00457207e-05 -5.56386138e-04  7.56194136e-05  2.06392252e-04
   1.00300655e-04 -2.06006846e-03]
 [ 7.70788757e-04 -2.04248458e-03  2.06392252e-04  2.18138048e-03
  -1.32068858e-03 -9.73558566e-03]
 [-6.84606052e-04 -1.87190624e-04  1.00300655e-04 -1.32068858e-03
   3.54925666e-03  2.12591298e-03]
 [-3.92649160e-03  1.66903015e-02 -2.06006846e-03 -9.73558566e-03
   2.12591298e-03  7.11258522e-02]]","{'amplitude': 94.42430097953981, 'color': -0.033447120402099045, 's1': 0.06269137909817937, 's2': -0.653210309626304, 's3': -0.5233556256753793, 't0': 56366.33339921195}","{'amplitude': 0.03345750431240475, 'color': 0.0037069576811398926, 's1': 0.08066269868756258, 's2': 0.07828657562768841, 's3': 0.2762453637577137, 't0': 0.025375882963190797}","[[ 6.43935436e-04 -1.42986062e-04  1.41940616e-05  4.53832409e-04
   5.57658395e-04 -2.22107947e-03]
 [-1.42986062e-04  1.11940459e-03 -1.03821583e-04 -2.10595096e-03
   5.18809413e-04  7.36180951e-03]
 [ 1.41940616e-05 -1.03821583e-04  1.37415352e-05  1.10646776e-04
   2.18099667e-05 -4.87132577e-04]
 [ 4.53832409e-04 -2.10595096e-03  1.10646776e-04  6.50647096e-03
  -1.51712734e-03 -2.10135722e-02]
 [ 5.57658395e-04  5.18809413e-04  2.18099667e-05 -1.51712734e-03
   6.12878792e-03  2.96904796e-03]
 [-2.22107947e-03  7.36180951e-03 -4.87132577e-04 -2.10135722e-02
   2.96904796e-03  7.63115010e-02]]"
psc490008,"{'amplitude': 98.42395651380366, 'color': -0.0929743431833737, 's1': -0.44616392322780074, 's2': -0.14469362098792282, 's3': 0.5803152870069173, 't0': 56363.035164586065}","{'amplitude': 0.11601442300488171, 'color': 0.010802835541356682, 's1': 0.09389501462717637, 's2': 0.3825624078209763, 's3': 0.10886371183835011, 't0': 0.06241995000859116}","[[ 3.89625016e-03  2.64533049e-03 -2.65847595e-04  1.67818923e-03
  -9.10671012e-03 -2.36306323e-04]
 [ 2.64533049e-03  1.34593463e-02 -1.23164080e-03  6.65270984e-03
  -4.23003151e-02 -3.82673109e-04]
 [-2.65847595e-04 -1.23164080e-03  1.16701256e-04 -6.05358700e-04
   3.72389628e-03  3.08110902e-06]
 [ 1.67818923e-03  6.65270984e-03 -6.05358700e-04  8.81627377e-03
  -2.32484399e-02 -7.48790180e-04]
 [-9.10671012e-03 -4.23003151e-02  3.72389628e-03 -2.32484399e-02
   1.46353996e-01  1.97753272e-03]
 [-2.36306323e-04 -3.82673109e-04  3.08110902e-06 -7.48790180e-04
   1.97753272e-03  1.18513078e-02]]","{'amplitude': 98.47481324656486, 'color': -0.10014915679262382, 's1': -0.3733520462507144, 's2': -0.03011330640226805, 's3': 0.2351460065178622, 't0': 56363.030825971844}","{'amplitude': 0.053592589045872725, 'color': 0.006128347992256309, 's1': 0.08758535710941634, 's2': 0.12834710241736166, 's3': 0.23220982526833425, 't0': 0.07315316117911234}","[[ 5.35138499e-03  1.64516574e-04 -9.33640613e-05  1.72034950e-03
  -6.92072818e-04  4.72488506e-03]
 [ 1.64516574e-04  2.87216560e-03 -2.93054464e-04 -1.61565226e-03
  -3.62808659e-03 -4.93074897e-03]
 [-9.33640613e-05 -2.93054464e-04  3.75566491e-05 -1.37785527e-05
   1.77504973e-04  2.32259283e-04]
 [ 1.72034950e-03 -1.61565226e-03 -1.37785527e-05  7.67119478e-03
   5.72731037e-03  8.17427996e-03]
 [-6.92072818e-04 -3.62808659e-03  1.77504973e-04  5.72731037e-03
   1.64729787e-02  1.04509080e-02]
 [ 4.72488506e-03 -4.93074897e-03  2.32259283e-04  8.17427996e-03
   1.04509080e-02  5.39214030e-02]]"
psc490037,"{'amplitude': 105.0749916527925, 'color': -0.12215781261794273, 's1': 0.07968932794795554, 's2': -0.6681577862212454, 's3': 0.993046576445059, 't0': 56371.44880852576}","{'amplitude': 0.5579768308536128, 'color': 0.05402495455022958, 's1': 0.969172174213341, 's2': 2.232121298250917, 's3': 1.280441457547841, 't0': 0.9100940779943252}","[[ 8.28271231e-01 -1.40336342e-01 -6.12156046e-04  2.41447362e-01
  -1.18434961e-01  7.28241924e-02]
 [-1.40336342e-01  3.11338144e-01 -2.00859110e-02 -1.43886861e-01
  -4.44724712e-01 -1.59522230e-01]
 [-6.12156046e-04 -2.00859110e-02  2.91869571e-03 -1.63896454e-02
  -2.43586468e-03  2.17889084e-02]
 [ 2.41447362e-01 -1.43886861e-01 -1.63896454e-02  9.39294703e-01
  -1.76603186e-01 -2.74048287e-01]
 [-1.18434961e-01 -4.44724712e-01 -2.43586468e-03 -1.76603186e-01
   4.98236549e+00  3.47276341e-01]
 [ 7.28241924e-02 -1.59522230e-01  2.17889084e-02 -2.74048287e-01
   3.47276341e-01  1.63953033e+00]]","{'amplitude': 104.99555870394664, 'color': -0.13063354993872195, 's1': 0.08812739726730451, 's2': 0.0010710213663052118, 's3': 1.5015879528094673, 't0': 56371.364006457305}","{'amplitude': 0.758468148879275, 'color': 0.10060280216158779, 's1': 0.904683792341898, 's2': 2.157564221742789, 's3': 1.5925269939811244, 't0': 1.0335190622242216}","[[ 1.06816165  0.16287946 -0.00816858 -0.53041253 -0.26526011 -0.34030297]
 [ 0.16287946  0.57527393 -0.06749526 -0.17898292  1.01797053 -0.72017378]
 [-0.00816858 -0.06749526  0.01012092 -0.00829838 -0.17263762  0.10598356]
 [-0.53041253 -0.17898292 -0.00829838  0.81845276  0.13930174  0.29290684]
 [-0.26526011  1.01797053 -0.17263762  0.13930174  4.65508337 -2.54715485]
 [-0.34030297 -0.72017378  0.10598356  0.29290684 -2.54715485  2.53614223]]"
psc490521,"{'amplitude': 102.17573912293072, 'color': 0.27523587968153457, 's1': 0.676383362493906, 's2': 0.10044492957129143, 's3': 0.2916076527734712, 't0': 56370.60638100988}","{'amplitude': 0.6289981811646046, 'color': 0.07902641880271, 's1': 1.1385533457668522, 's2': 2.4739130125789517, 's3': 2.159698040896484, 't0': 1.6239618685321509}","[[ 2.63725215  0.39194576 -0.01278395 -0.91492006 -0.75055474 -0.90900579]
 [ 0.39194576  0.39563871 -0.02855799 -0.27975201 -0.5787375  -0.33506364]
 [-0.01278395 -0.02855799  0.00624517 -0.02501415 -0.03959506  0.07542739]
 [-0.91492006 -0.27975201 -0.02501415  1.29630372  0.75237479 -0.15360381]
 [-0.75055474 -0.5787375  -0.03959506  0.75237479  6.12024559 -0.78064035]
 [-0.90900579 -0.33506364  0.07542739 -0.15360381 -0.78064035  4.66429563]]","{'amplitude': 101.86319953482221, 'color': 0.3226476910185931, 's1': -0.3221467817388251, 's2': 0.7806810935440108, 's3': -1.06267573512689, 't0': 56370.63979019747}","{'amplitude': 0.7177762912507202, 'color': 0.11376946248968871, 's1': 1.4205942955984456, 's2': 2.648084569948809, 's3': 2.31061028476843, 't0': 1.4037179466839609}","[[ 1.97042407e+00  1.56563536e-01 -1.32962540e-02 -5.37594665e-01
  -7.51928991e-02  3.23004182e-01]
 [ 1.56563536e-01  5.15202804e-01 -6.00921138e-02 -2.75804281e-01
  -3.47225676e-01 -5.48430628e-01]
 [-1.32962540e-02 -6.00921138e-02  1.29434906e-02 -2.13527327e-03
  -7.87042651e-02  1.32739354e-01]
 [-5.37594665e-01 -2.75804281e-01 -2.13527327e-03  2.01808815e+00
  -5.49547082e-01  9.11709435e-01]
 [-7.51928991e-02 -3.47225676e-01 -7.87042651e-02 -5.49547082e-01
   7.01235189e+00 -1.40406064e+00]
 [ 3.23004182e-01 -5.48430628e-01  1.32739354e-01  9.11709435e-01
  -1.40406064e+00  5.33891989e+00]]"
psc500057,"{'amplitude': 105.36031832117233, 'color': -0.2232388614851723, 's1': -1.1089085070328302, 's2': -1.3993791090689025, 's3': 1.9523295801251315, 't0': 56393.750296952785}","{'amplitude': 0.20842690744324935, 'color': 0.021203243595919914, 's1': 0.512832051220572, 's2': 0.8578779064788051, 's3': 1.0505222090529316, 't0': 1.026214299446939}","[[ 1.05311579e+00  8.15958889e-02  2.33544721e-04 -2.31316866e-01
  -1.86203519e-02 -4.44009881e-01]
 [ 8.15958889e-02  4.34417757e-02 -3.47422720e-03 -5.54889589e-02
   1.86806542e-02 -7.66796162e-02]
 [ 2.33544721e-04 -3.47422720e-03  4.49577539e-04  2.05867840e-03
   1.15100523e-04 -3.42375769e-03]
 [-2.31316866e-01 -5.54889589e-02  2.05867840e-03  2.62996713e-01
   1.05404157e-01  8.31131883e-02]
 [-1.86203519e-02  1.86806542e-02  1.15100523e-04  1.05404157e-01
   7.35954502e-01 -5.73702787e-01]
 [-4.44009881e-01 -7.66796162e-02 -3.42375769e-03  8.31131883e-02
  -5.73702787e-01  1.10359691e+00]]","{'amplitude': 105.39945067992527, 'color': -0.2336151153009323, 's1': -1.161343185562806, 's2': -1.7493908586552538, 's3': 2.5953822472439954, 't0': 56393.76680737782}","{'amplitude': 0.2680701684597216, 'color': 0.02514121421133804, 's1': 0.42951979727909023, 's2': 0.7962267549997154, 's3': 0.9904740904436797, 't0': 0.658220012616355}","[[ 4.33253585e-01  1.19144878e-02 -2.62188424e-04  4.74637485e-02
   4.56396436e-02 -1.20254106e-01]
 [ 1.19144878e-02  7.18616152e-02 -6.05884914e-03 -5.09746212e-02
   7.88691851e-02 -1.50631544e-01]
 [-2.62188424e-04 -6.05884914e-03  6.32080652e-04  2.76835274e-03
  -5.02027092e-03  5.78146883e-03]
 [ 4.74637485e-02 -5.09746212e-02  2.76835274e-03  1.84487256e-01
  -8.12469801e-02  1.90746807e-01]
 [ 4.56396436e-02  7.88691851e-02 -5.02027092e-03 -8.12469801e-02
   6.33977045e-01 -4.98791724e-01]
 [-1.20254106e-01 -1.50631544e-01  5.78146883e-03  1.90746807e-01
  -4.98791724e-01  9.81038924e-01]]"
psc500065,"{'amplitude': 105.51064890884925, 'color': 0.24577304715952006, 's1': -3.22840987241475, 's2': -1.6961231645888972, 's3': -4.360879196614922, 't0': 55601.427495281634}","{'amplitude': 2.977843417954289, 'color': 0.3714274548067127, 's1': 2.465151257574722, 's2': 0.9065581268467198, 's3': 1.2980824078290079, 't0': 56.8400885724189}","[[ 3.23079567e+03 -3.16120538e+01  4.42065560e+00  7.66779238e+01
   8.03401778e+00  3.49277280e+00]
 [-3.16120538e+01  8.86755142e+00 -1.08296129e+00  3.71005359e+00
   6.52428350e-01  3.08240428e+00]
 [ 4.42065560e+00 -1.08296129e+00  1.37958354e-01 -3.81940478e-01
  -3.30710271e-02 -3.30617705e-01]
 [ 7.66779238e+01  3.71005359e+00 -3.81940478e-01  6.07697072e+00
   7.66711053e-01  2.26520014e+00]
 [ 8.03401778e+00  6.52428350e-01 -3.30710271e-02  7.66711053e-01
   8.21847637e-01  7.64557570e-01]
 [ 3.49277280e+00  3.08240428e+00 -3.30617705e-01  2.26520014e+00
   7.64557570e-01  1.68501794e+00]]","{'amplitude': 103.4471785200662, 'color': -0.2358553114078058, 's1': 0.27876656948945927, 's2': -1.7754861706817633, 's3': -0.33982138853248617, 't0': 56369.036929586626}","{'amplitude': 0.43982512954664144, 'color': 0.06039597536428341, 's1': 0.5806951004970119, 's2': 1.2495266654319162, 's3': 0.7361869013794136, 't0': 0.6794912632221602}","[[ 4.61708377e-01 -1.09018529e-01  1.16456521e-02  3.79300798e-02
   7.40497789e-02  4.93646516e-02]
 [-1.09018529e-01  1.93446145e-01 -2.39678106e-02 -2.17051380e-02
   1.64303989e-01 -7.78901340e-04]
 [ 1.16456521e-02 -2.39678106e-02  3.64767384e-03 -8.07656940e-03
  -9.17777059e-03  1.82606576e-03]
 [ 3.79300798e-02 -2.17051380e-02 -8.07656940e-03  3.37206800e-01
  -5.54331815e-01 -1.66332662e-01]
 [ 7.40497789e-02  1.64303989e-01 -9.17777059e-03 -5.54331815e-01
   1.56131689e+00  3.14064845e-01]
 [ 4.93646516e-02 -7.78901340e-04  1.82606576e-03 -1.66332662e-01
   3.14064845e-01  5.41971154e-01]]"
psc500100,"{'amplitude': 104.26641969764998, 'color': -0.11735865534025718, 's1': 0.5533289338919833, 's2': -1.5404128690188432, 's3': 0.6643248301522322, 't0': 56392.54926892967}","{'amplitude': 0.27404917197604134, 'color': 0.024281654420498955, 's1': 0.4650420769138937, 's2': 1.580564758864055, 's3': 1.1595616878890045, 't0': 0.8377719689465094}","[[ 7.01861872e-01  1.00516904e-01 -8.13881589e-03 -5.45425839e-02
  -3.38232212e-01 -1.63629189e-01]
 [ 1.00516904e-01  7.51029487e-02 -5.02261942e-03 -7.25647829e-02
  -1.15498002e-01 -1.43081211e-01]
 [-8.13881589e-03 -5.02261942e-03  5.89598741e-04  1.07697413e-03
   1.28084498e-02  1.61443782e-03]
 [-5.45425839e-02 -7.25647829e-02  1.07697413e-03  2.16264133e-01
   2.86424464e-01  1.45570648e-01]
 [-3.38232212e-01 -1.15498002e-01  1.28084498e-02  2.86424464e-01
   2.49818496e+00 -5.64778623e-01]
 [-1.63629189e-01 -1.43081211e-01  1.61443782e-03  1.45570648e-01
  -5.64778623e-01  1.34458331e+00]]","{'amplitude': 104.56494255148526, 'color': -0.14393074626735605, 's1': -0.10450544259657445, 's2': -1.460177052631873, 's3': 0.48798479783561644, 't0': 56392.743703366956}","{'amplitude': 0.30639633379428827, 'color': 0.03623010968742307, 's1': 0.7194279733147037, 's2': 1.7956698334971415, 's3': 1.3805795850706066, 't0': 0.7248035052536331}","[[ 5.25340121e-01  4.34758204e-02 -7.48134040e-03 -1.03094523e-01
  -3.13528162e-02 -2.06964912e-02]
 [ 4.34758204e-02  9.38787134e-02 -8.70837596e-03 -1.37614091e-01
   1.16808199e-01 -2.52140545e-01]
 [-7.48134040e-03 -8.70837596e-03  1.31262085e-03  1.01264396e-02
  -2.53960459e-02  1.53461422e-02]
 [-1.03094523e-01 -1.37614091e-01  1.01264396e-02  5.17576609e-01
  -2.84559241e-01  6.17368014e-01]
 [-3.13528162e-02  1.16808199e-01 -2.53960459e-02 -2.84559241e-01
   3.22443015e+00 -1.02757917e+00]
 [-2.06964912e-02 -2.52140545e-01  1.53461422e-02  6.17368014e-01
  -1.02757917e+00  1.90599999e+00]]"
psc500301,"{'amplitude': 103.21158411803839, 'color': 0.12640930688749394, 's1': -1.155569505224278, 's2': 1.3261550408776088, 's3': -0.8752184620881237, 't0': 56406.81127654908}","{'amplitude': 0.32360897525281823, 'color': 0.040133140543312774, 's1': 0.6362614361299707, 's2': 0.5782401791562586, 's3': 1.2612745599616233, 't0': 0.6179692027087552}","[[ 3.81885935e-01 -4.34913408e-02  5.38378621e-03 -2.45541339e-01
   1.28958908e-01 -3.67747003e-01]
 [-4.34913408e-02  1.04722769e-01 -1.07056109e-02  7.72912824e-03
  -9.38766943e-02  3.68514194e-02]
 [ 5.38378621e-03 -1.07056109e-02  1.61066897e-03 -4.62381069e-03
   4.85326911e-03 -1.95078129e-04]
 [-2.45541339e-01  7.72912824e-03 -4.62381069e-03  4.04828615e-01
   5.17169302e-04  5.56188469e-01]
 [ 1.28958908e-01 -9.38766943e-02  4.85326911e-03  5.17169302e-04
   3.34361705e-01 -1.70199243e-03]
 [-3.67747003e-01  3.68514194e-02 -1.95078129e-04  5.56188469e-01
  -1.70199243e-03  1.59081352e+00]]","{'amplitude': 103.1097366114737, 'color': 0.12070300493717644, 's1': -1.0111495465570794, 's2': 0.9535175369926595, 's3': 0.5889919592219639, 't0': 56406.32092379803}","{'amplitude': 0.4313244050006821, 'color': 0.05156868421930816, 's1': 0.7859610563528807, 's2': 1.5660996072287632, 's3': 2.509099239970511, 't0': 0.9623254115325515}","[[ 9.26070198e-01  2.28258801e-02  2.14669923e-04 -2.46304211e-01
  -2.62590638e-01 -1.23474887e+00]
 [ 2.28258801e-02  1.86040742e-01 -1.68390504e-02 -9.21203882e-02
   3.02387722e-02 -1.16580577e-01]
 [ 2.14669923e-04 -1.68390504e-02  2.65932919e-03  1.00182831e-02
  -3.38992691e-02  3.50339241e-02]
 [-2.46304211e-01 -9.21203882e-02  1.00182831e-02  6.17734782e-01
  -4.24702259e-01  1.15612930e+00]
 [-2.62590638e-01  3.02387722e-02 -3.38992691e-02 -4.24702259e-01
   2.45266798e+00 -1.79395043e+00]
 [-1.23474887e+00 -1.16580577e-01  3.50339241e-02  1.15612930e+00
  -1.79395043e+00  6.29557900e+00]]"
psc500511,"{'amplitude': 103.5825719457293, 'color': -0.04401760919840743, 's1': -0.516671872901222, 's2': -0.1403352015900698, 's3': 1.2434252636211922, 't0': 56418.12557812934}","{'amplitude': 0.15773542197130047, 'color': 0.020797889759585443, 's1': 0.29665963800534373, 's2': 0.4886377367759349, 's3': 0.5615848840491445, 't0': 0.24007950448624849}","[[ 0.05763817 -0.00655878  0.00105861  0.00380667 -0.00598802  0.01878241]
 [-0.00655878  0.02488046 -0.00305057 -0.01709414  0.00731488 -0.02097717]
 [ 0.00105861 -0.00305057  0.00043255  0.00099395 -0.00081729  0.00064481]
 [ 0.00380667 -0.01709414  0.00099395  0.08800694 -0.06637392  0.11233504]
 [-0.00598802  0.00731488 -0.00081729 -0.06637392  0.23876684 -0.206479  ]
 [ 0.01878241 -0.02097717  0.00064481  0.11233504 -0.206479    0.31537758]]","{'amplitude': 103.97837710351834, 'color': -0.09407915814919936, 's1': -0.855877812822488, 's2': 0.823573458531871, 's3': -0.03724848231473161, 't0': 56417.96228223784}","{'amplitude': 0.2664368232565454, 'color': 0.03547874466100916, 's1': 0.37580980392710855, 's2': 0.6036598871806952, 's3': 0.7513493542990641, 't0': 0.28175724691139237}","[[ 0.07938715 -0.0197107   0.00235301  0.0162269  -0.03186437  0.05354232]
 [-0.0197107   0.07098858 -0.00891938 -0.05949711  0.09298505 -0.14218461]
 [ 0.00235301 -0.00891938  0.00125874  0.00600232 -0.01533701  0.01749995]
 [ 0.0162269  -0.05949711  0.00600232  0.14123301 -0.11392716  0.18030957]
 [-0.03186437  0.09298505 -0.01533701 -0.11392716  0.36440526 -0.29086622]
 [ 0.05354232 -0.14218461  0.01749995  0.18030957 -0.29086622  0.56452585]]"
psc510113,"{'amplitude': 102.78863698442811, 'color': -0.14217852092270042, 's1': -1.8588879322669374, 's2': -1.7310619566128647, 's3': 3.0626939404748024, 't0': 56419.69477275387}","{'amplitude': 0.23959200362240757, 'color': 0.027501678320627564, 's1': 0.4279353901804581, 's2': 1.097324981187315, 's3': 0.9811194076425863, 't0': 0.5850439381688775}","[[ 3.42276410e-01 -2.52716726e-03  1.70004649e-03 -1.89676384e-02
   2.00710447e-02 -1.08480769e-01]
 [-2.52716726e-03  5.74043282e-02 -6.02335533e-03 -5.38444589e-02
  -6.38382283e-02 -6.50376398e-02]
 [ 1.70004649e-03 -6.02335533e-03  7.56342310e-04  5.08115787e-03
   4.65549318e-03  1.25624959e-03]
 [-1.89676384e-02 -5.38444589e-02  5.08115787e-03  1.83128698e-01
  -1.25378819e-01  2.24814940e-01]
 [ 2.00710447e-02 -6.38382283e-02  4.65549318e-03 -1.25378819e-01
   1.20412211e+00 -4.87217033e-01]
 [-1.08480769e-01 -6.50376398e-02  1.25624959e-03  2.24814940e-01
  -4.87217033e-01  9.62595292e-01]]","{'amplitude': 102.49317230890948, 'color': -0.15451597829296268, 's1': -2.2214400310599767, 's2': 2.5647572368682123, 's3': -0.3931663297146868, 't0': 56421.363056065085}","{'amplitude': 0.4640865661893927, 'color': 0.07157896382267671, 's1': 1.0200113141126184, 's2': 1.3532811781923368, 's3': 1.518161476031959, 't0': 1.3977522948092949}","[[ 1.95371148  0.37906474 -0.07330184 -1.03262523  1.21610607 -1.49948095]
 [ 0.37906474  0.21537634 -0.02803422 -0.39785229  0.17491932 -0.51119914]
 [-0.07330184 -0.02803422  0.00512355  0.06158553 -0.07140168  0.09421482]
 [-1.03262523 -0.39785229  0.06158553  1.04042308 -0.6924167   1.26771256]
 [ 1.21610607  0.17491932 -0.07140168 -0.6924167   1.83136995 -1.28145935]
 [-1.49948095 -0.51119914  0.09421482  1.26771256 -1.28145935  2.30481427]]"
psc510251,"{'amplitude': 101.8755022998418, 'color': 0.05275181710724162, 's1': 0.011160585635296066, 's2': -0.5841818820073605, 's3': 1.069655913892516, 't0': 56424.89970648031}","{'amplitude': 0.23261122425957206, 'color': 0.02701218592466097, 's1': 0.34198290847782387, 's2': 1.318729015266639, 's3': 1.1275018701104458, 't0': 0.4402387048369879}","[[ 1.93810117e-01  6.02154200e-03  1.60780247e-03 -4.62544188e-02
  -5.25156152e-02 -1.79182743e-01]
 [ 6.02154200e-03  5.41079817e-02 -5.41761843e-03 -2.31396387e-02
  -1.73157553e-01  6.47938766e-02]
 [ 1.60780247e-03 -5.41761843e-03  7.29658188e-04  8.38343937e-04
   1.87860269e-02 -1.38365506e-02]
 [-4.62544188e-02 -2.31396387e-02  8.38343937e-04  1.16952310e-01
  -3.41802727e-02  1.01727999e-01]
 [-5.25156152e-02 -1.73157553e-01  1.87860269e-02 -3.41802727e-02
   1.73904622e+00 -8.59694348e-01]
 [-1.79182743e-01  6.47938766e-02 -1.38365506e-02  1.01727999e-01
  -8.59694348e-01  1.27126047e+00]]","{'amplitude': 101.87699113240389, 'color': 0.05495623995176922, 's1': -0.0046477236313572515, 's2': -0.676128424594854, 's3': 0.643078870807295, 't0': 56425.01598118079}","{'amplitude': 0.2593138787460688, 'color': 0.026747970409681385, 's1': 0.37844689066122705, 's2': 1.494865971658606, 's3': 1.096229318853612, 't0': 0.460951743716271}","[[ 2.12476510e-01  3.21093886e-02 -9.62298178e-04 -5.22365766e-02
  -6.87885165e-02 -5.58634959e-02]
 [ 3.21093886e-02  6.72436877e-02 -6.07268030e-03 -4.09472538e-02
  -1.45093402e-01  3.73752365e-02]
 [-9.62298178e-04 -6.07268030e-03  7.15453921e-04  3.24348245e-03
   9.13397782e-03 -4.93275850e-03]
 [-5.22365766e-02 -4.09472538e-02  3.24348245e-03  1.43222049e-01
  -9.20671037e-02  9.80977081e-02]
 [-6.87885165e-02 -1.45093402e-01  9.13397782e-03 -9.20671037e-02
   2.23462427e+00 -1.12284122e+00]
 [-5.58634959e-02  3.73752365e-02 -4.93275850e-03  9.80977081e-02
  -1.12284122e+00  1.20171872e+00]]"
psc510266,"{'amplitude': 105.99162870358461, 'color': -0.20699141313329247, 's1': 0.37292926071610855, 's2': -0.7986824919748365, 's3': 0.43940163323688475, 't0': 56431.62257863307}","{'amplitude': 0.4181628342021161, 'color': 0.04050964179783794, 's1': 0.48128937777922043, 's2': 0.9899516474656925, 's3': 0.8814368053027873, 't0': 0.37740203559628704}","[[ 0.1424323   0.03747115 -0.0030102  -0.02451281 -0.13369497 -0.09733708]
 [ 0.03747115  0.17486016 -0.01529634 -0.11833279  0.04432307 -0.14628457]
 [-0.0030102  -0.01529634  0.00164103  0.00496312 -0.01061244  0.01183104]
 [-0.02451281 -0.11833279  0.00496312  0.23163947  0.07246827  0.11734121]
 [-0.13369497  0.04432307 -0.01061244  0.07246827  0.98000426  0.39887895]
 [-0.09733708 -0.14628457  0.01183104  0.11734121  0.39887895  0.77693084]]","{'amplitude': 105.84026396616085, 'color': -0.19033582449035713, 's1': 0.3822518330953702, 's2': -1.2155165737611775, 's3': 0.6296355330130433, 't0': 56431.735166956496}","{'amplitude': 0.4658279490200574, 'color': 0.05133757229608996, 's1': 0.33249745770463063, 's2': 0.9615362395764883, 's3': 0.7136210013423921, 't0': 0.39505476042413695}","[[ 0.15606826  0.05202557 -0.00427414 -0.02281645 -0.08721504 -0.07311589]
 [ 0.05202557  0.21699568 -0.02259564 -0.02642952  0.08434339 -0.13718765]
 [-0.00427414 -0.02259564  0.00263555 -0.0017568  -0.01665899  0.01146459]
 [-0.02281645 -0.02642952 -0.0017568   0.11055456  0.07625139  0.01857673]
 [-0.08721504  0.08434339 -0.01665899  0.07625139  0.92455194  0.27374855]
 [-0.07311589 -0.13718765  0.01146459  0.01857673  0.27374855  0.50925493]]"
psc510550,"{'amplitude': 102.32600179564318, 'color': -0.1106681691809382, 's1': -0.7958489359080282, 's2': -1.1540090136921808, 's3': 0.6536343895633019, 't0': 56438.7754648299}","{'amplitude': 0.10894790499638292, 'color': 0.015115649202324924, 's1': 0.22190694276450856, 's2': 0.39724606471036494, 's3': 0.4349970625236396, 't0': 0.11375579466059778}","[[ 0.01294038  0.00299213 -0.00029691 -0.00549933  0.00524495  0.00064689]
 [ 0.00299213  0.01186965 -0.00156123 -0.0007999   0.00951317  0.00057427]
 [-0.00029691 -0.00156123  0.00022848 -0.00063001 -0.00103952 -0.00063833]
 [-0.00549933 -0.0007999  -0.00063001  0.04924269  0.00249635  0.03450841]
 [ 0.00524495  0.00951317 -0.00103952  0.00249635  0.15780444 -0.04051596]
 [ 0.00064689  0.00057427 -0.00063833  0.03450841 -0.04051596  0.18922244]]","{'amplitude': 102.27943069851747, 'color': -0.10444996843922912, 's1': -0.8616721758771549, 's2': -1.1951564015360323, 's3': 0.40535502281302804, 't0': 56438.767439438845}","{'amplitude': 0.12376572487058411, 'color': 0.016798711510486435, 's1': 0.24637223834381392, 's2': 0.4615852882924079, 's3': 0.6157303402259344, 't0': 0.11873134363481827}","[[ 1.40971320e-02  4.14156615e-03 -5.17788321e-04 -4.39522370e-03
   6.11504442e-03  1.29744529e-03]
 [ 4.14156615e-03  1.53179547e-02 -1.98304974e-03 -3.20087196e-03
   1.04973050e-02 -4.33384193e-03]
 [-5.17788321e-04 -1.98304974e-03  2.82196708e-04 -2.75506145e-04
  -1.64005231e-03  1.13854042e-03]
 [-4.39522370e-03 -3.20087196e-03 -2.75506145e-04  6.06992798e-02
   1.99053373e-03  6.02083396e-03]
 [ 6.11504442e-03  1.04973050e-02 -1.64005231e-03  1.99053373e-03
   2.13060978e-01 -1.10151477e-01]
 [ 1.29744529e-03 -4.33384193e-03  1.13854042e-03  6.02083396e-03
  -1.10151477e-01  3.79123852e-01]]"
psc510578,"{'amplitude': 104.8760383730571, 'color': -0.15189510346082258, 's1': -0.8128523533685375, 's2': -0.735667352944029, 's3': -0.45651130234819154, 't0': 56439.198238871715}","{'amplitude': 0.25732735122577866, 'color': 0.036389156783248854, 's1': 0.36799394693792253, 's2': 1.2046077334482719, 's3': 0.7577749934948295, 't0': 0.2587079430008667}","[[ 6.69297998e-02  5.12506157e-03 -6.51526271e-04  1.89975578e-02
   5.16332169e-02  5.71948998e-02]
 [ 5.12506157e-03  6.62173657e-02 -8.75582369e-03 -3.97930029e-03
   2.82540291e-02 -7.33893935e-02]
 [-6.51526271e-04 -8.75582369e-03  1.32417073e-03 -8.55162579e-04
  -1.56609655e-02  6.97892323e-03]
 [ 1.89975578e-02 -3.97930029e-03 -8.55162579e-04  1.35419545e-01
   8.92838021e-02  6.95819599e-02]
 [ 5.16332169e-02  2.82540291e-02 -1.56609655e-02  8.92838021e-02
   1.45107979e+00  4.68675825e-01]
 [ 5.71948998e-02 -7.33893935e-02  6.97892323e-03  6.95819599e-02
   4.68675825e-01  5.74222941e-01]]","{'amplitude': 104.81432261476625, 'color': -0.14284952717934635, 's1': -0.8051320107222265, 's2': -0.9918216304975034, 's3': -0.44859476357526756, 't0': 56439.20308199577}","{'amplitude': 0.34632132068404753, 'color': 0.04595130230823756, 's1': 0.3649371828420974, 's2': 0.9931979346641849, 's3': 0.8983300063068418, 't0': 0.26086984894917553}","[[ 6.80530781e-02 -4.71650362e-03  7.09908255e-04  1.64966027e-02
   4.26697619e-02  9.77208657e-02]
 [-4.71650362e-03  1.19938457e-01 -1.54377183e-02  6.83617540e-03
   7.01332983e-02 -1.50350885e-01]
 [ 7.09908255e-04 -1.54377183e-02  2.11152218e-03 -2.62079718e-03
  -1.51953485e-02  1.78125332e-02]
 [ 1.64966027e-02  6.83617540e-03 -2.62079718e-03  1.33179147e-01
   1.01528571e-01  9.59359418e-02]
 [ 4.26697619e-02  7.01332983e-02 -1.51953485e-02  1.01528571e-01
   9.86442137e-01  3.01895740e-01]
 [ 9.77208657e-02 -1.50350885e-01  1.78125332e-02  9.59359418e-02
   3.01895740e-01  8.06996800e-01]]"
psc510638,"{'amplitude': 103.16407851507087, 'color': -0.12468652025494666, 's1': -0.2690649016964592, 's2': 0.560091894558946, 's3': 0.20577103295543583, 't0': 56440.22109742296}","{'amplitude': 0.12273976161491634, 'color': 0.018530714788253022, 's1': 0.14358077576045358, 's2': 0.4370261418106921, 's3': 0.2949803065005862, 't0': 0.11820510691394946}","[[ 0.01397245  0.00197946 -0.0004877  -0.00139363  0.01319199  0.00202128]
 [ 0.00197946  0.01506505 -0.00199331 -0.00043099 -0.00023565  0.00038528]
 [-0.0004877  -0.00199331  0.00034339 -0.00027711 -0.0029478   0.00116711]
 [-0.00139363 -0.00043099 -0.00027711  0.02061544 -0.01502891  0.01279534]
 [ 0.01319199 -0.00023565 -0.0029478  -0.01502891  0.19099185 -0.08211211]
 [ 0.00202128  0.00038528  0.00116711  0.01279534 -0.08211211  0.08701338]]","{'amplitude': 103.2298034671485, 'color': -0.1354159388208819, 's1': -0.21569925650731162, 's2': 0.5553449147335807, 's3': 0.14050581903414833, 't0': 56440.21646247206}","{'amplitude': 0.13945356485195268, 'color': 0.02040944214915381, 's1': 0.18587121802264253, 's2': 0.5244052266967243, 's3': 0.4108231771792946, 't0': 0.12113469414927489}","[[ 1.46736141e-02  3.03177510e-03 -6.55234015e-04 -9.60753393e-04
   1.46613360e-02  1.71205725e-03]
 [ 3.03177510e-03  1.94472967e-02 -2.53046761e-03 -2.87489789e-03
   4.02100760e-03 -7.85838517e-03]
 [-6.55234015e-04 -2.53046761e-03  4.16545329e-04 -1.82475511e-04
  -3.41529804e-03  2.33382616e-03]
 [-9.60753393e-04 -2.87489789e-03 -1.82475511e-04  3.45481097e-02
  -3.79612540e-02  3.13978185e-02]
 [ 1.46613360e-02  4.02100760e-03 -3.41529804e-03 -3.79612540e-02
   2.75000842e-01 -1.52555020e-01]
 [ 1.71205725e-03 -7.85838517e-03  2.33382616e-03  3.13978185e-02
  -1.52555020e-01  1.68775683e-01]]"
psc520019,"{'amplitude': 102.61219672596492, 'color': -0.06771298633434528, 's1': 0.5719308270022588, 's2': 0.31647236709947535, 's3': 0.4127292086074338, 't0': 56459.84935152197}","{'amplitude': 1.0272579180078032, 'color': 0.09865527887632859, 's1': 0.30425431492696076, 's2': 0.8124985961501296, 's3': 1.0043665577244305, 't0': 83.58270963289488}","[[ 6.98606935e+03 -8.35632132e+01 -7.74020480e+00  1.69993838e+01
   4.37162609e+00 -5.06227560e+00]
 [-8.35632132e+01  1.05525883e+00  8.71864441e-02 -2.12568010e-01
  -4.64318913e-02  5.43939337e-02]
 [-7.74020480e+00  8.71864441e-02  9.73286405e-03 -2.00301768e-02
  -1.58807295e-02  2.04069147e-02]
 [ 1.69993838e+01 -2.12568010e-01 -2.00301768e-02  9.25706882e-02
  -3.19672652e-02  2.97148522e-02]
 [ 4.37162609e+00 -4.64318913e-02 -1.58807295e-02 -3.19672652e-02
   6.60153969e-01 -3.65565985e-01]
 [-5.06227560e+00  5.43939337e-02  2.04069147e-02  2.97148522e-02
  -3.65565985e-01  1.00875218e+00]]","{'amplitude': 98.56386367074676, 'color': 0.007721126136302782, 's1': 1.6766636480459045, 's2': -2.1183014618083624, 's3': 1.2469263425974366, 't0': 56578.67175489743}","{'amplitude': 3.7551710598906247, 'color': 0.17717998946137012, 's1': 1.5882506258702778, 's2': 2.806367914048379, 's3': 1.9337392715045203, 't0': 117.74361679540573}","[[ 1.38635593e+04 -4.06751562e+02  7.83152721e+00  7.05382058e+01
  -5.35583104e+01  8.10866133e+01]
 [-4.06751562e+02  1.41013097e+01 -4.00634107e-01 -2.87520082e+00
   1.83108396e+00 -2.83015028e+00]
 [ 7.83152721e+00 -4.00634107e-01  3.13927487e-02  2.27593561e-02
   1.59950552e-01  9.31476945e-02]
 [ 7.05382058e+01 -2.87520082e+00  2.27593561e-02  2.52254005e+00
  -3.90753289e+00  1.62140714e+00]
 [-5.35583104e+01  1.83108396e+00  1.59950552e-01 -3.90753289e+00
   7.87570087e+00 -2.81501839e+00]
 [ 8.10866133e+01 -2.83015028e+00  9.31476945e-02  1.62140714e+00
  -2.81501839e+00  3.73934757e+00]]"
psc520022,"{'amplitude': 97.40344428843463, 'color': 0.23908991274353483, 's1': -0.2701005043682799, 's2': 0.8368908063536692, 's3': 0.08651956258923527, 't0': 56442.58516205763}","{'amplitude': 0.2442183342597615, 'color': 0.022742501745163984, 's1': 0.24883646983658822, 's2': 0.8710736161437077, 's3': 0.47556821103315916, 't0': 0.1888836250959609}","[[ 3.56770238e-02  1.72815663e-02 -8.74898264e-04  1.39032438e-02
  -6.29581746e-02 -1.31788507e-02]
 [ 1.72815663e-02  5.96425948e-02 -4.93252883e-03  4.20505855e-02
  -1.80046665e-01  9.83684759e-03]
 [-8.74898264e-04 -4.93252883e-03  5.17221386e-04 -2.84152571e-03
   1.15245431e-02 -3.70269335e-03]
 [ 1.39032438e-02  4.20505855e-02 -2.84152571e-03  6.19195887e-02
  -1.85352169e-01 -3.92636255e-02]
 [-6.29581746e-02 -1.80046665e-01  1.15245431e-02 -1.85352169e-01
   7.58769245e-01  1.09691006e-01]
 [-1.31788507e-02  9.83684759e-03 -3.70269335e-03 -3.92636255e-02
   1.09691006e-01  2.26165123e-01]]","{'amplitude': 97.20980087238964, 'color': 0.24334539349232673, 's1': -0.32624575094728536, 's2': 1.254924405420192, 's3': -1.040369747277114, 't0': 56442.773239783826}","{'amplitude': 0.23299783489505055, 'color': 0.01801121586311708, 's1': 0.24572710510343077, 's2': 0.8632099660698344, 's3': 0.6931400476120844, 't0': 0.29438113422094087}","[[ 8.66602522e-02 -1.06824129e-02  4.36838938e-04 -1.86443761e-02
  -4.00530196e-03 -1.32364381e-01]
 [-1.06824129e-02  5.42879911e-02 -2.70683888e-03  2.23703635e-02
  -1.48661027e-01  6.34737448e-02]
 [ 4.36838938e-04 -2.70683888e-03  3.24403897e-04 -8.23779843e-04
   2.55541883e-03 -1.59756572e-03]
 [-1.86443761e-02  2.23703635e-02 -8.23779843e-04  6.03818102e-02
  -1.28216858e-01  1.44402723e-03]
 [-4.00530196e-03 -1.48661027e-01  2.55541883e-03 -1.28216858e-01
   7.45131446e-01 -4.11992302e-02]
 [-1.32364381e-01  6.34737448e-02 -1.59756572e-03  1.44402723e-03
  -4.11992302e-02  4.80443126e-01]]"
psc520062,"{'amplitude': 104.19141921794701, 'color': -0.09837432838005924, 's1': -0.5582425136387362, 's2': 0.06312994876198774, 's3': -0.9228762558074143, 't0': 56457.40288806796}","{'amplitude': 0.241566756802829, 'color': 0.029763768722947996, 's1': 0.3957011575497132, 's2': 1.5759675559104203, 's3': 1.3994706783015505, 't0': 0.4411014697739706}","[[ 1.94570507e-01 -2.79063613e-02 -2.26431310e-03 -2.96609258e-02
   1.55723062e-02 -1.57618757e-01]
 [-2.79063613e-02  5.83544980e-02 -4.42316234e-03  3.63590033e-02
  -9.38833268e-02  1.29239150e-01]
 [-2.26431310e-03 -4.42316234e-03  8.85881929e-04 -1.11259709e-03
  -7.15205911e-03  9.57618310e-03]
 [-2.96609258e-02  3.63590033e-02 -1.11259709e-03  1.56579406e-01
  -4.52199032e-01  4.09240679e-01]
 [ 1.55723062e-02 -9.38833268e-02 -7.15205911e-03 -4.52199032e-01
   2.48367374e+00 -1.79687701e+00]
 [-1.57618757e-01  1.29239150e-01  9.57618310e-03  4.09240679e-01
  -1.79687701e+00  1.95851818e+00]]","{'amplitude': 104.18464461109875, 'color': -0.1128888060245739, 's1': -0.7907683433972277, 's2': 1.2496226033073785, 's3': -0.49481777046012687, 't0': 56457.38774810492}","{'amplitude': 0.3133018529937229, 'color': 0.03375729354108829, 's1': 0.46529426989593364, 's2': 1.0430890108643922, 's3': 1.516833264623896, 't0': 0.5257372191517491}","[[ 2.76399624e-01 -2.62535442e-02 -2.04379729e-03 -2.55905219e-04
   2.51028303e-02 -4.13932295e-01]
 [-2.62535442e-02  9.81580511e-02 -6.67143318e-03  4.28327157e-02
  -1.32932673e-01 -4.76943930e-02]
 [-2.04379729e-03 -6.67143318e-03  1.13955487e-03  2.45310014e-03
  -8.16664408e-03  1.31410727e-02]
 [-2.55905219e-04  4.28327157e-02  2.45310014e-03  2.16498758e-01
  -3.70135421e-01 -1.12294900e-01]
 [ 2.51028303e-02 -1.32932673e-01 -8.16664408e-03 -3.70135421e-01
   1.08803468e+00  4.33730375e-01]
 [-4.13932295e-01 -4.76943930e-02  1.31410727e-02 -1.12294900e-01
   4.33730375e-01  2.30078315e+00]]"
psc520071,"{'amplitude': 105.63115067836931, 'color': -0.06712142792156107, 's1': -0.21092286218366835, 's2': -1.2423531657506366, 's3': -1.0252255712522125, 't0': 56462.396713389644}","{'amplitude': 0.31311459939015124, 'color': 0.04084710620337041, 's1': 0.6417898585479641, 's2': 0.9138761187794003, 's3': 0.8910788618333447, 't0': 0.5388256065841543}","[[ 0.29033303 -0.00313652  0.00208409  0.03375318  0.00904263  0.12248936]
 [-0.00313652  0.09804075 -0.01130705 -0.04278387  0.05769677 -0.03377207]
 [ 0.00208409 -0.01130705  0.00166849 -0.00165336 -0.00598981  0.00959084]
 [ 0.03375318 -0.04278387 -0.00165336  0.41189422 -0.19487298  0.1380315 ]
 [ 0.00904263  0.05769677 -0.00598981 -0.19487298  0.83516956 -0.11408646]
 [ 0.12248936 -0.03377207  0.00959084  0.1380315  -0.11408646  0.79402154]]","{'amplitude': 105.52343966858119, 'color': -0.06701971874992023, 's1': -0.19191319129463533, 's2': -0.8974918587040018, 's3': -0.6075315377304278, 't0': 56462.43232378976}","{'amplitude': 0.6763236646635762, 'color': 0.07719043129844942, 's1': 0.8696799130931534, 's2': 1.5089978008166087, 's3': 1.1266487871184103, 't0': 0.4848438226367341}","[[ 0.23507353 -0.04842127  0.00742504  0.01475575 -0.02232468  0.08582589]
 [-0.04842127  0.4574137  -0.04813273 -0.22260221  0.38316459 -0.41973708]
 [ 0.00742504 -0.04813273  0.00595836  0.00913554 -0.05464162  0.03989202]
 [ 0.01475575 -0.22260221  0.00913554  0.75634315 -0.15477002  0.44258354]
 [-0.02232468  0.38316459 -0.05464162 -0.15477002  2.27707436  0.19500622]
 [ 0.08582589 -0.41973708  0.03989202  0.44258354  0.19500622  1.26933749]]"
psc520077,"{'amplitude': 103.38849446024129, 'color': -0.12328544315101592, 's1': 0.9248175896852434, 's2': -1.0498025899544845, 's3': 0.24215265462804378, 't0': 56449.389350521684}","{'amplitude': 0.27941991099821045, 'color': 0.030221097620833855, 's1': 0.2234643052227776, 's2': 1.099644210833155, 's3': 1.0725122159695915, 't0': 0.5514756186291253}","[[ 3.04125358e-01  3.02308499e-02 -1.68016452e-03 -9.66474893e-03
   9.22112143e-03 -1.57999930e-01]
 [ 3.02308499e-02  7.80754867e-02 -7.11067922e-03 -2.02583129e-02
   3.05974805e-02 -4.86641142e-02]
 [-1.68016452e-03 -7.11067922e-03  9.13314741e-04 -3.02418278e-04
  -5.90587602e-03  5.87177613e-03]
 [-9.66474893e-03 -2.02583129e-02 -3.02418278e-04  4.99362957e-02
   4.63196507e-02 -3.36049757e-02]
 [ 9.22112143e-03  3.05974805e-02 -5.90587602e-03  4.63196507e-02
   1.20921739e+00 -8.04603568e-01]
 [-1.57999930e-01 -4.86641142e-02  5.87177613e-03 -3.36049757e-02
  -8.04603568e-01  1.15028245e+00]]","{'amplitude': 103.3416027776642, 'color': -0.11901304588086742, 's1': 0.9588118433663514, 's2': -1.0452364225796154, 's3': 0.3079560795678822, 't0': 56449.35973145621}","{'amplitude': 0.31311538956900303, 'color': 0.03395831654963203, 's1': 0.23686144840408277, 's2': 1.0662648219737352, 's3': 1.010150623396388, 't0': 0.6151784580122277}","[[ 3.78444535e-01  3.73507147e-02 -7.37567793e-04 -3.34902688e-02
  -3.43585068e-02 -1.62303448e-01]
 [ 3.73507147e-02  9.80412472e-02 -9.13939849e-03 -2.28305989e-02
  -5.97582439e-02 -2.03646868e-03]
 [-7.37567793e-04 -9.13939849e-03  1.15316726e-03 -6.18231445e-04
   4.16750725e-03 -4.25250448e-04]
 [-3.34902688e-02 -2.28305989e-02 -6.18231445e-04  5.61033457e-02
   5.72712232e-02 -3.40136884e-04]
 [-3.43585068e-02 -5.97582439e-02  4.16750725e-03  5.72712232e-02
   1.13692067e+00 -6.35728781e-01]
 [-1.62303448e-01 -2.03646868e-03 -4.25250448e-04 -3.40136884e-04
  -6.35728781e-01  1.02040428e+00]]"
psc520188,"{'amplitude': 103.00005859740747, 'color': -0.14439732877928138, 's1': -0.8800812359734613, 's2': -0.3487556893692588, 's3': 1.3905667314479488, 't0': 56482.980555394235}","{'amplitude': 0.11305323082385214, 'color': 0.013200348395386753, 's1': 0.23824047951296254, 's2': 0.962405955008297, 's3': 0.7584048956703348, 't0': 0.2799072742253497}","[[ 7.83480822e-02 -1.11411118e-02  1.10294237e-03 -2.38169982e-02
   1.57645245e-01 -1.34727007e-01]
 [-1.11411118e-02  1.27810330e-02 -1.37946957e-03 -8.25999293e-03
  -5.15672652e-02  2.39773503e-02]
 [ 1.10294237e-03 -1.37946957e-03  1.74249198e-04  1.20458353e-03
   4.46238755e-03 -1.95935639e-03]
 [-2.38169982e-02 -8.25999293e-03  1.20458353e-03  5.67585261e-02
  -1.81460812e-02  6.07592011e-02]
 [ 1.57645245e-01 -5.15672652e-02  4.46238755e-03 -1.81460812e-02
   9.26225222e-01 -6.27934775e-01]
 [-1.34727007e-01  2.39773503e-02 -1.95935639e-03  6.07592011e-02
  -6.27934775e-01  5.75177986e-01]]","{'amplitude': 103.18137684836356, 'color': -0.16456505228423005, 's1': -1.0703997264982537, 's2': -0.5876781169368859, 's3': 1.534510978245231, 't0': 56482.911877550825}","{'amplitude': 0.16938318391085017, 'color': 0.01945125278885851, 's1': 0.30718856464761785, 's2': 1.1084169718177954, 's3': 0.6955979833537959, 't0': 0.26973507782852624}","[[ 7.27570122e-02 -1.70762134e-02  1.91522268e-03  7.87188078e-03
   1.26338033e-01 -7.41442215e-02]
 [-1.70762134e-02  2.86906630e-02 -3.02399267e-03 -2.73634746e-02
  -9.01202358e-02  3.07384583e-02]
 [ 1.91522268e-03 -3.02399267e-03  3.78351235e-04  3.98986816e-03
   7.46330755e-03 -4.00571883e-03]
 [ 7.87188078e-03 -2.73634746e-02  3.98986816e-03  9.43648143e-02
   5.56242961e-02 -3.65456846e-02]
 [ 1.26338033e-01 -9.01202358e-02  7.46330755e-03  5.56242961e-02
   1.22858818e+00 -6.35726203e-01]
 [-7.41442215e-02  3.07384583e-02 -4.00571883e-03 -3.65456846e-02
  -6.35726203e-01  4.83856554e-01]]"
psc530037,"{'amplitude': 102.90711093524091, 'color': -0.05874390687222081, 's1': -0.2549623610521282, 's2': -1.7979625952357292, 's3': 0.7298534208447639, 't0': 56475.164189792704}","{'amplitude': 0.18458073871011846, 'color': 0.026903142094015346, 's1': 0.3503349203316372, 's2': 1.4360918530707663, 's3': 0.9711037684154402, 't0': 0.927689329988584}","[[ 8.60607493e-01 -4.86324228e-02  8.48857777e-03  2.28564916e-01
  -7.30963615e-01  2.90416830e-01]
 [-4.86324228e-02  3.40700491e-02 -4.50603708e-03 -1.82675433e-02
   1.41951823e-02  1.03733426e-02]
 [ 8.48857777e-03 -4.50603708e-03  7.23779055e-04  1.88141624e-03
  -3.19614032e-03 -2.40448948e-03]
 [ 2.28564916e-01 -1.82675433e-02  1.88141624e-03  1.22734556e-01
  -2.76144756e-01  1.08508955e-01]
 [-7.30963615e-01  1.41951823e-02 -3.19614032e-03 -2.76144756e-01
   2.06235981e+00 -1.11303780e+00]
 [ 2.90416830e-01  1.03733426e-02 -2.40448948e-03  1.08508955e-01
  -1.11303780e+00  9.43042529e-01]]","{'amplitude': 102.73452370908892, 'color': -0.053046143203881214, 's1': -0.27495840587548875, 's2': -0.8511288876194861, 's3': 0.7286554984222082, 't0': 56475.32387401752}","{'amplitude': 0.27907929470375603, 'color': 0.037493578138962126, 's1': 0.5051518556745175, 's2': 2.2318124550053446, 's3': 1.0435741663438765, 't0': 1.4806274363468455}","[[ 2.19225761e+00 -1.97680977e-01  3.26388951e-02  6.28149610e-01
  -2.08667503e+00  6.17298450e-01]
 [-1.97680977e-01  7.78852527e-02 -7.89825823e-03 -6.37458789e-02
  -1.38078865e-02  2.90222145e-02]
 [ 3.26388951e-02 -7.89825823e-03  1.40576840e-03  8.53406677e-03
  -2.53983846e-02  2.84070040e-03]
 [ 6.28149610e-01 -6.37458789e-02  8.53406677e-03  2.55178397e-01
  -7.59542284e-01  2.33808519e-01]
 [-2.08667503e+00 -1.38078865e-02 -2.53983846e-02 -7.59542284e-01
   4.98098683e+00 -1.85383896e+00]
 [ 6.17298450e-01  2.90222145e-02  2.84070040e-03  2.33808519e-01
  -1.85383896e+00  1.08904704e+00]]"
psc530086,"{'amplitude': 93.07438698323205, 'color': 0.046419402453615165, 's1': -1.0325942989472097, 's2': 0.23681825102186208, 's3': -0.12139205644109517, 't0': 56459.71547385}","{'amplitude': 0.12345594541103674, 'color': 0.017604343862568154, 's1': 0.1978784602454381, 's2': 0.1851282486385224, 's3': 0.3550628129586632, 't0': 0.5649179956005304}","[[ 3.19132342e-01 -6.19435053e-02  9.04448160e-03  1.06663179e-01
  -8.36155987e-02 -1.82191992e-01]
 [-6.19435053e-02  1.52413705e-02 -2.15931265e-03 -1.93987258e-02
   1.67998533e-02  4.30940393e-02]
 [ 9.04448160e-03 -2.15931265e-03  3.09912923e-04  2.84135870e-03
  -2.48504842e-03 -6.08209882e-03]
 [ 1.06663179e-01 -1.93987258e-02  2.84135870e-03  3.91558850e-02
  -3.19918634e-02 -5.89994769e-02]
 [-8.36155987e-02  1.67998533e-02 -2.48504842e-03 -3.19918634e-02
   3.42724684e-02  5.09175413e-02]
 [-1.82191992e-01  4.30940393e-02 -6.08209882e-03 -5.89994769e-02
   5.09175413e-02  1.26069601e-01]]","{'amplitude': 93.26932393999991, 'color': 0.017323015204206125, 's1': -1.0685244959125286, 's2': 0.06517129990147387, 's3': 0.3746450904935293, 't0': 56459.4919034116}","{'amplitude': 0.17032579204631776, 'color': 0.024260753145436773, 's1': 0.2886252327316932, 's2': 0.5739542606097667, 's3': 0.6274373537293847, 't0': 0.7046712030744429}","[[ 0.4965615   0.09149558 -0.01212107  0.1956929  -0.26892014  0.19809357]
 [ 0.09149558  0.02901088 -0.00410477  0.04249977 -0.09035175  0.09306301]
 [-0.01212107 -0.00410477  0.00058858 -0.00581702  0.01284108 -0.01357472]
 [ 0.1956929   0.04249977 -0.00581702  0.08330452 -0.13107805  0.1064679 ]
 [-0.26892014 -0.09035175  0.01284108 -0.13107805  0.32942349 -0.32800547]
 [ 0.19809357  0.09306301 -0.01357472  0.1064679  -0.32800547  0.39367763]]"
psc530251,"{'amplitude': 104.71981112500673, 'color': 0.12029681401063733, 's1': -0.11185754243648705, 's2': 0.34596681264210566, 's3': 0.42844942877837694, 't0': 56493.20446141143}","{'amplitude': 0.46441610674306516, 'color': 0.05282873374240675, 's1': 0.7547537234110514, 's2': 1.3913501539918254, 's3': 1.328969469054533, 't0': 0.7534006737429545}","[[ 0.56761258  0.0595479  -0.00410266 -0.3389888   0.17807829 -0.3498702 ]
 [ 0.0595479   0.21568232 -0.02119711 -0.1342833  -0.0877526  -0.16292906]
 [-0.00410266 -0.02119711  0.00279088  0.00811669 -0.01535085  0.0146637 ]
 [-0.3389888  -0.1342833   0.00811669  0.56965318 -0.12401734  0.53084268]
 [ 0.17807829 -0.0877526  -0.01535085 -0.12401734  1.93585525 -0.08648055]
 [-0.3498702  -0.16292906  0.0146637   0.53084268 -0.08648055  1.76615985]]","{'amplitude': 105.08748820676867, 'color': 0.061008376727932134, 's1': -0.576203225087941, 's2': 0.9390755370064633, 's3': -0.45393739217170614, 't0': 56493.739569700214}","{'amplitude': 0.6247065895778116, 'color': 0.07619214087589585, 's1': 0.9307622199283468, 's2': 1.7845769028569478, 's3': 1.807992630506121, 't0': 0.8815387703475999}","[[ 0.7771106   0.05570023 -0.01220822 -0.28877867  0.43195823 -0.31665231]
 [ 0.05570023  0.39025832 -0.04077416 -0.26016214 -0.07780614 -0.6098452 ]
 [-0.01220822 -0.04077416  0.00580524  0.02304958 -0.04129606  0.0687163 ]
 [-0.28877867 -0.26016214  0.02304958  0.86631831 -0.08211889  1.19104431]
 [ 0.43195823 -0.07780614 -0.04129606 -0.08211889  3.18471472 -0.29990542]
 [-0.31665231 -0.6098452   0.0687163   1.19104431 -0.29990542  3.26883735]]"
psc540163,"{'amplitude': 103.63453720430225, 'color': 0.05375608175037546, 's1': 0.1726839726051354, 's2': 0.9573751975400312, 's3': -0.06201582043035047, 't0': 56517.04336595943}","{'amplitude': 0.2937993743720963, 'color': 0.02575645055562785, 's1': 0.27545208185123515, 's2': 0.7018295281804562, 's3': 0.9742384744081986, 't0': 0.4949815324356105}","[[ 2.45006717e-01  7.82825716e-04  5.53988216e-04  4.81387505e-03
  -4.06463956e-02 -1.82772147e-01]
 [ 7.82825716e-04  8.63180724e-02 -5.31407760e-03 -3.95372443e-03
  -1.43307062e-01 -6.41467574e-02]
 [ 5.53988216e-04 -5.31407760e-03  6.63394745e-04 -3.68589290e-04
   1.67916852e-03  4.43980753e-03]
 [ 4.81387505e-03 -3.95372443e-03 -3.68589290e-04  7.58738494e-02
   6.30869813e-04  4.46078280e-02]
 [-4.06463956e-02 -1.43307062e-01  1.67916852e-03  6.30869813e-04
   4.92564687e-01  1.74777341e-01]
 [-1.82772147e-01 -6.41467574e-02  4.43980753e-03  4.46078280e-02
   1.74777341e-01  9.49140605e-01]]","{'amplitude': 103.17640979407993, 'color': 0.0631765638413254, 's1': 0.6364673937233951, 's2': 1.7457787485702658, 's3': 0.5442439861214202, 't0': 56517.35738672152}","{'amplitude': 0.5899446883984257, 'color': 0.04534800321044229, 's1': 0.5871166724065016, 's2': 1.0621869763186604, 's3': 1.148669571032662, 't0': 0.7690584524890232}","[[ 0.5914509   0.03357994 -0.00716903 -0.05011713  0.04654885 -0.28583687]
 [ 0.03357994  0.34803474 -0.01846702 -0.27280618 -0.47275714 -0.47440032]
 [-0.00716903 -0.01846702  0.00205644  0.00894297  0.00569525  0.03133613]
 [-0.05011713 -0.27280618  0.00894297  0.34470599  0.42120166  0.40300282]
 [ 0.04654885 -0.47275714  0.00569525  0.42120166  1.12824117  0.59125591]
 [-0.28583687 -0.47440032  0.03133613  0.40300282  0.59125591  1.31944178]]"
psc550041,"{'amplitude': 102.75672632464367, 'color': -0.17731516446337567, 's1': -1.237628032275863, 's2': 0.8453400028417792, 's3': -0.7740144043423487, 't0': 56559.514555995534}","{'amplitude': 0.3066787699618341, 'color': 0.0404060784350891, 's1': 0.43490324124572094, 's2': 0.8142000786050898, 's3': 0.9545485313875783, 't0': 0.3707401252454161}","[[ 0.13744824 -0.07239593  0.0087545  -0.08304619  0.10116827 -0.22419966]
 [-0.07239593  0.09405187 -0.01162954  0.09542537 -0.14369282  0.15695395]
 [ 0.0087545  -0.01162954  0.00163265 -0.01270804  0.01288386 -0.02047759]
 [-0.08304619  0.09542537 -0.01270804  0.18914083 -0.20677664  0.26326687]
 [ 0.10116827 -0.14369282  0.01288386 -0.20677664  0.66292177 -0.21614372]
 [-0.22419966  0.15695395 -0.02047759  0.26326687 -0.21614372  0.9111629 ]]","{'amplitude': 102.98349784064894, 'color': -0.20604827411956353, 's1': -0.9580707342168131, 's2': -0.5455868996685331, 's3': 0.8092780856742745, 't0': 56559.08560549259}","{'amplitude': 0.270925933207221, 'color': 0.04337816574965971, 's1': 0.5159302881912017, 's2': 1.3466932746881972, 's3': 0.6376401402314051, 't0': 0.2691000208652429}","[[ 7.24148212e-02 -6.05117538e-03  1.12793353e-03  4.26961046e-02
  -3.51655077e-02  5.47977154e-03]
 [-6.05117538e-03  7.34008613e-02 -1.12558831e-02  2.70886586e-02
   1.70292892e-02  1.71414676e-02]
 [ 1.12793353e-03 -1.12558831e-02  1.88166526e-03 -5.63659187e-03
  -8.83286111e-03 -1.81740192e-03]
 [ 4.26961046e-02  2.70886586e-02 -5.63659187e-03  2.66184062e-01
  -4.16700113e-02  2.18978012e-02]
 [-3.51655077e-02  1.70292892e-02 -8.83286111e-03 -4.16700113e-02
   1.81358278e+00 -6.38113440e-01]
 [ 5.47977154e-03  1.71414676e-02 -1.81740192e-03  2.18978012e-02
  -6.38113440e-01  4.06584948e-01]]"
psc550059,"{'amplitude': 103.5380759386351, 'color': 0.14547950706264995, 's1': 0.3315420193778213, 's2': -2.0888352658215066, 's3': 0.09098248941148807, 't0': 56559.37182699945}","{'amplitude': 0.6138476982251834, 'color': 0.10252992036968239, 's1': 0.8317648978095549, 's2': 1.4956656292570571, 's3': 1.7830327481626653, 't0': 0.9198586555118278}","[[ 0.84613995 -0.05051418  0.02110397 -0.14573133 -0.81530914  0.68363431]
 [-0.05051418  0.376809   -0.05567913  0.08440425  0.11326086 -0.12212666]
 [ 0.02110397 -0.05567913  0.01051238 -0.04112599 -0.03296491  0.01473698]
 [-0.14573133  0.08440425 -0.04112599  0.69183285  0.19368768  0.08507517]
 [-0.81530914  0.11326086 -0.03296491  0.19368768  2.23701567 -1.77366778]
 [ 0.68363431 -0.12212666  0.01473698  0.08507517 -1.77366778  3.17920578]]","{'amplitude': 103.88422497192757, 'color': 0.09897007815570313, 's1': -0.7647624094286408, 's2': -1.1822849794133816, 's3': -0.06659095129782729, 't0': 56559.32204608977}","{'amplitude': 1.1380238499847548, 'color': 0.17985679531476406, 's1': 1.8873617836828704, 's2': 2.406044909393775, 's3': 2.4494930742046863, 't0': 2.3145486543385494}","[[ 5.35713547  0.66234525 -0.0151071   0.44178107 -0.42188708  1.65745826]
 [ 0.66234525  1.29509828 -0.18354676  0.26224049  0.24395661 -0.04268427]
 [-0.0151071  -0.18354676  0.03234847 -0.13046476 -0.14599433 -0.00704989]
 [ 0.44178107  0.26224049 -0.13046476  3.5621345   1.26779327  2.47617801]
 [-0.42188708  0.24395661 -0.14599433  1.26779327  5.78905211 -1.57435427]
 [ 1.65745826 -0.04268427 -0.00704989  2.47617801 -1.57435427  6.00001632]]"
psc550096,"{'amplitude': 100.77396211582851, 'color': -0.04087704588875186, 's1': -1.6031720755605643, 's2': 1.134075874021474, 's3': -0.9020801260136239, 't0': 56575.27619961226}","{'amplitude': 0.4052788394986414, 'color': 0.04249310639548483, 's1': 0.4582820050756573, 's2': 0.7492411275678285, 's3': 1.170009174920726, 't0': 0.5297016934278472}","[[ 0.28058388 -0.15125056  0.01331149 -0.13507681  0.24518139 -0.41846887]
 [-0.15125056  0.16425094 -0.01564866  0.11328933 -0.1758903   0.36978741]
 [ 0.01331149 -0.01564866  0.00180566 -0.0102734   0.01055496 -0.03219258]
 [-0.13507681  0.11328933 -0.0102734   0.2100224  -0.19538101  0.35189843]
 [ 0.24518139 -0.1758903   0.01055496 -0.19538101  0.56136227 -0.43671557]
 [-0.41846887  0.36978741 -0.03219258  0.35189843 -0.43671557  1.36892147]]","{'amplitude': 100.81798700672447, 'color': -0.05094169643680007, 's1': -0.5390759698244476, 's2': 0.09108043568687656, 's3': 1.3525804662282825, 't0': 56574.62613804758}","{'amplitude': 0.3784705024512508, 'color': 0.05878518200072142, 's1': 0.756513624045553, 's2': 1.4337346881422903, 's3': 1.2169580564252198, 't0': 0.5251946557857837}","[[ 0.27582943 -0.02852946  0.01327691 -0.20933024 -0.12747404 -0.21285507]
 [-0.02852946  0.14323992 -0.01818583 -0.03531021 -0.08866888  0.11677296]
 [ 0.01327691 -0.01818583  0.0034557  -0.0165198  -0.02413936 -0.04251144]
 [-0.20933024 -0.03531021 -0.0165198   0.57231286  0.46966913  0.3504198 ]
 [-0.12747404 -0.08866888 -0.02413936  0.46966913  2.05559516  1.17783783]
 [-0.21285507  0.11677296 -0.04251144  0.3504198   1.17783783  1.48098691]]"
psc550137,"{'amplitude': 103.85068053097352, 'color': 0.10011077518002295, 's1': -0.7132391313118561, 's2': -0.4179007594636635, 's3': 1.0201491469565307, 't0': 56560.47830492699}","{'amplitude': 0.45803233561765794, 'color': 0.05326657239448364, 's1': 0.8963526782253721, 's2': 1.788186116960198, 's3': 1.3081431797044814, 't0': 0.9240701172171463}","[[ 8.53905582e-01  1.28166891e-01 -1.97545284e-03 -4.52732306e-01
  -8.00440105e-02 -2.09093532e-01]
 [ 1.28166891e-01  2.09793620e-01 -2.09443539e-02 -8.04216194e-02
  -9.54401856e-02 -2.48532040e-01]
 [-1.97545284e-03 -2.09443539e-02  2.83732773e-03 -3.67349617e-03
  -1.51688992e-02  2.14554096e-02]
 [-4.52732306e-01 -8.04216194e-02 -3.67349617e-03  8.03448124e-01
  -1.71331267e-01  2.48238448e-01]
 [-8.00440105e-02 -9.54401856e-02 -1.51688992e-02 -1.71331267e-01
   3.19760959e+00 -8.80917660e-02]
 [-2.09093532e-01 -2.48532040e-01  2.14554096e-02  2.48238448e-01
  -8.80917660e-02  1.71123858e+00]]","{'amplitude': 104.59209859521884, 'color': -0.013827401190597353, 's1': -0.22563703993701675, 's2': 0.36483846421634863, 's3': -0.2738961914955579, 't0': 56560.902293247294}","{'amplitude': 0.6877999247167378, 'color': 0.08502604761757636, 's1': 1.066012639978893, 's2': 2.1417993563048974, 's3': 1.6385237110736541, 't0': 0.7282827225669376}","[[ 5.30395724e-01  3.10308597e-02 -8.71818285e-03  1.44492865e-02
  -9.70886797e-04 -1.84940586e-01]
 [ 3.10308597e-02  4.73068736e-01 -5.19997663e-02  8.21093714e-02
  -7.23533795e-02 -2.37417475e-01]
 [-8.71818285e-03 -5.19997663e-02  7.22942877e-03 -2.50391500e-02
  -1.27219410e-02  3.97215115e-02]
 [ 1.44492865e-02  8.21093714e-02 -2.50391500e-02  1.13638295e+00
  -1.19286945e+00 -9.42050386e-03]
 [-9.70886797e-04 -7.23533795e-02 -1.27219410e-02 -1.19286945e+00
   4.58730448e+00  2.47239448e-01]
 [-1.84940586e-01 -2.37417475e-01  3.97215115e-02 -9.42050386e-03
   2.47239448e-01  2.68475995e+00]]"
psc550154,"{'amplitude': 101.94875915248221, 'color': -0.10115550647282641, 's1': 0.011319380658626494, 's2': -1.2461508857797443, 's3': -0.6739450329661024, 't0': 56571.9610157502}","{'amplitude': 0.14828809771757426, 'color': 0.01759654090268877, 's1': 0.34732310577532854, 's2': 1.1122078084237748, 's3': 0.6781767491265394, 't0': 0.40189851614793637}","[[ 1.61522417e-01 -6.56127042e-03  1.63664343e-03  1.44668788e-02
   5.13445593e-02  1.51401089e-02]
 [-6.56127042e-03  2.19893599e-02 -2.07058822e-03 -1.98523460e-02
   3.23883453e-02  3.87771552e-02]
 [ 1.63664343e-03 -2.07058822e-03  3.09638252e-04  4.86831286e-05
  -1.19905185e-03 -6.57715454e-04]
 [ 1.44668788e-02 -1.98523460e-02  4.86831286e-05  1.20633340e-01
  -2.67039780e-01 -6.92327295e-02]
 [ 5.13445593e-02  3.23883453e-02 -1.19905185e-03 -2.67039780e-01
   1.23700621e+00  8.13618971e-02]
 [ 1.51401089e-02  3.87771552e-02 -6.57715454e-04 -6.92327295e-02
   8.13618971e-02  4.59923703e-01]]","{'amplitude': 101.83887551604082, 'color': -0.10774304924442997, 's1': -0.38420771816598115, 's2': -0.13289411742245505, 's3': -1.9033433788881928, 't0': 56571.95549348353}","{'amplitude': 0.3014532369143406, 'color': 0.02234677579748429, 's1': 0.45823290356939644, 's2': 0.9517236428399442, 's3': 0.8596333357643441, 't0': 0.481618647695881}","[[ 2.31956522e-01 -5.28476195e-02  4.73996816e-03  5.60988036e-03
   1.04700774e-01 -7.05853861e-03]
 [-5.28476195e-02  9.08740540e-02 -5.18431336e-03 -3.70536591e-03
  -1.33827381e-01  1.58691168e-01]
 [ 4.73996816e-03 -5.18431336e-03  4.99378389e-04  1.44887867e-03
   4.09592786e-03 -1.77901998e-03]
 [ 5.60988036e-03 -3.70536591e-03  1.44887867e-03  2.09977394e-01
  -1.60962740e-01  1.10040724e-01]
 [ 1.04700774e-01 -1.33827381e-01  4.09592786e-03 -1.60962740e-01
   9.05777892e-01 -2.74446780e-01]
 [-7.05853861e-03  1.58691168e-01 -1.77901998e-03  1.10040724e-01
  -2.74446780e-01  7.38969472e-01]]"
psc550197,"{'amplitude': 100.81147558002436, 'color': 0.2799403370497874, 's1': 1.1204673504993614, 's2': 1.2879859837605085, 's3': 0.2656513153831288, 't0': 56564.49216493606}","{'amplitude': 0.6111468796404164, 'color': 0.05836139578347298, 's1': 0.5387031418620936, 's2': 1.9523270538327873, 's3': 1.7306782703835888, 't0': 1.7035265729579514}","[[ 2.90200278e+00 -1.58310468e-01  3.92628400e-02 -4.86383179e-01
   2.07944408e+00 -2.16301385e+00]
 [-1.58310468e-01  3.73500508e-01 -2.08695440e-02 -6.44848320e-02
  -5.84625722e-01  4.39318194e-01]
 [ 3.92628400e-02 -2.08695440e-02  3.40605252e-03 -9.48354179e-03
   2.26793430e-02 -4.02188964e-02]
 [-4.86383179e-01 -6.44848320e-02 -9.48354179e-03  2.90201075e-01
  -6.81289330e-02  5.08331076e-01]
 [ 2.07944408e+00 -5.84625722e-01  2.26793430e-02 -6.81289330e-02
   3.81158093e+00 -2.52578541e+00]
 [-2.16301385e+00  4.39318194e-01 -4.02188964e-02  5.08331076e-01
  -2.52578541e+00  2.99524728e+00]]","{'amplitude': 100.92855471232684, 'color': 0.24652179634788482, 's1': 1.1950154310986787, 's2': 0.743914428562049, 's3': -1.8351890174855998, 't0': 56564.41034634552}","{'amplitude': 0.5935097215801899, 'color': 0.08781029914916234, 's1': 0.8616558195424535, 's2': 1.7237168629522583, 's3': 1.605150556391239, 't0': 1.0327640938484823}","[[ 1.06660167 -0.0189231   0.01433462 -0.02478972  0.18512327 -0.2716106 ]
 [-0.0189231   0.35225379 -0.02877802  0.01416763 -0.23836364  0.39450415]
 [ 0.01433462 -0.02877802  0.00771065 -0.04419344 -0.007058    0.00604098]
 [-0.02478972  0.01416763 -0.04419344  0.74245075 -0.62138727 -0.22717658]
 [ 0.18512327 -0.23836364 -0.007058   -0.62138727  2.97119982 -0.36959889]
 [-0.2716106   0.39450415  0.00604098 -0.22717658 -0.36959889  2.57650831]]"
psc550200,"{'amplitude': 101.63979889745798, 'color': 0.20055439851618218, 's1': 0.36252385123934316, 's2': 1.0075966013367859, 's3': -0.2053304590467224, 't0': 56563.51367975325}","{'amplitude': 0.4941845189772059, 'color': 0.053550789287700205, 's1': 0.6649558080685234, 's2': 1.3902568361417424, 's3': 1.8498951323559842, 't0': 0.7519065547934697}","[[ 5.65363467e-01 -1.15327768e-01  1.34117551e-02 -9.84851215e-02
   2.62067608e-01 -5.32932823e-01]
 [-1.15327768e-01  2.44218339e-01 -1.90275064e-02  2.50444524e-02
  -3.73174016e-01  4.05407128e-01]
 [ 1.34117551e-02 -1.90275064e-02  2.86768703e-03 -1.29296485e-02
   1.11881136e-02 -1.93266504e-02]
 [-9.84851215e-02  2.50444524e-02 -1.29296485e-02  4.42166227e-01
  -1.05467065e-01 -3.74552140e-02]
 [ 2.62067608e-01 -3.73174016e-01  1.11881136e-02 -1.05467065e-01
   1.93281407e+00 -6.32224055e-01]
 [-5.32932823e-01  4.05407128e-01 -1.93266504e-02 -3.74552140e-02
  -6.32224055e-01  3.42211200e+00]]","{'amplitude': 101.15569386895571, 'color': 0.25855223278658707, 's1': 1.0123628390808905, 's2': -1.193050978435318, 's3': 0.4120598712036382, 't0': 56563.60226044942}","{'amplitude': 0.5348907360632752, 'color': 0.060400931619371954, 's1': 0.5800924237064152, 's2': 1.7146272679202594, 's3': 1.5655145887964166, 't0': 1.0836873308335515}","[[ 1.17437823  0.03104117  0.01249166 -0.10593339 -0.64145075 -0.42871651]
 [ 0.03104117  0.2861081  -0.02514555 -0.19585754  0.31941566 -0.02834793]
 [ 0.01249166 -0.02514555  0.00364827  0.00612218 -0.02703871  0.00892772]
 [-0.10593339 -0.19585754  0.00612218  0.33650722 -0.39433393  0.02453577]
 [-0.64145075  0.31941566 -0.02703871 -0.39433393  2.93994667 -0.21710741]
 [-0.42871651 -0.02834793  0.00892772  0.02453577 -0.21710741  2.45083593]]"
psc550202,"{'amplitude': 105.99713245716917, 'color': -0.21343559628894312, 's1': -0.5640853185382284, 's2': 0.6938005508093019, 's3': 0.542846656130731, 't0': 56572.16899149003}","{'amplitude': 0.8258397460522082, 'color': 0.10901398594621266, 's1': 1.1051058952650163, 's2': 2.1337630834063313, 's3': 1.8166924034427, 't0': 1.587516383658359}","[[ 2.52020827  0.00872633 -0.01047058 -0.32320137  0.90463726 -0.89605255]
 [ 0.00872633  0.68201129 -0.0812006  -0.16833579 -0.24274918 -0.49962566]
 [-0.01047058 -0.0812006   0.01188405  0.01485863 -0.04277277  0.04319609]
 [-0.32320137 -0.16833579  0.01485863  1.22125904 -0.31197678  0.81840682]
 [ 0.90463726 -0.24274918 -0.04277277 -0.31197678  4.5529449   0.3867963 ]
 [-0.89605255 -0.49962566  0.04319609  0.81840682  0.3867963   3.30037129]]","{'amplitude': 105.69283374266838, 'color': -0.19748681590632758, 's1': -0.31570769255196285, 's2': 1.2290649380043799, 's3': 1.9025860595632058, 't0': 56572.21897700503}","{'amplitude': 0.9348512616301711, 'color': 0.10701538005225032, 's1': 1.0425432215558235, 's2': 2.049955876333277, 's3': 1.373753790921161, 't0': 1.6470724010750122}","[[ 2.71284749 -0.16299155  0.02100782 -0.78178991  0.39201662 -0.84272977]
 [-0.16299155  0.87394688 -0.09064426  0.046431   -0.83046692  0.0586464 ]
 [ 0.02100782 -0.09064426  0.01145229 -0.02416096  0.02896293 -0.02980299]
 [-0.78178991  0.046431   -0.02416096  1.08689637  0.23364321  0.3493263 ]
 [ 0.39201662 -0.83046692  0.02896293  0.23364321  4.20231909 -0.36859708]
 [-0.84272977  0.0586464  -0.02980299  0.3493263  -0.36859708  1.88719948]]"
psc550218,"{'amplitude': 105.06430831643779, 'color': -0.03245627860723529, 's1': 0.41198080605645326, 's2': -1.266198600044198, 's3': -0.2997168343423921, 't0': 56557.17504107268}","{'amplitude': 0.6580558586624081, 'color': 0.0795476787363306, 's1': 1.0338907064288114, 's2': 1.367931042533455, 's3': 1.298987594887105, 't0': 0.6316087163041214}","[[ 3.98929571e-01  1.65120408e-02 -1.83070153e-03  1.05209191e-01
  -1.56354140e-01  1.05734191e-01]
 [ 1.65120408e-02  4.33037513e-01 -4.53428714e-02 -2.67545931e-01
   2.35052108e-01 -1.94869023e-01]
 [-1.83070153e-03 -4.53428714e-02  6.32783319e-03  3.08570675e-03
  -3.09856016e-02  1.70038403e-02]
 [ 1.05209191e-01 -2.67545931e-01  3.08570675e-03  1.06892999e+00
  -7.36380744e-02  5.35473527e-01]
 [-1.56354140e-01  2.35052108e-01 -3.09856016e-02 -7.36380744e-02
   1.87123534e+00 -4.67798480e-01]
 [ 1.05734191e-01 -1.94869023e-01  1.70038403e-02  5.35473527e-01
  -4.67798480e-01  1.68736877e+00]]","{'amplitude': 104.7481764913692, 'color': -0.10099650448242033, 's1': 1.2643400061607686, 's2': -0.21887581783066049, 's3': -0.6318618810861646, 't0': 56557.48378779223}","{'amplitude': 1.0824443225667575, 'color': 0.1402268943738291, 's1': 1.317104254786752, 's2': 2.181881660677813, 's3': 1.3800340906233124, 't0': 1.0507177766960127}","[[ 1.10400785e+00  1.26894061e-01  3.15845296e-03 -4.94550452e-01
  -3.56142451e-01  2.80368729e-01]
 [ 1.26894061e-01  1.17168571e+00 -1.06123709e-01 -6.92433496e-01
   9.62429090e-01 -5.41458844e-01]
 [ 3.15845296e-03 -1.06123709e-01  1.96635819e-02 -2.67580636e-02
  -1.59677266e-01  9.46188992e-02]
 [-4.94550452e-01 -6.92433496e-01 -2.67580636e-02  1.73476362e+00
  -5.60208165e-01 -3.74241471e-02]
 [-3.56142451e-01  9.62429090e-01 -1.59677266e-01 -5.60208165e-01
   4.76060758e+00 -1.64808783e+00]
 [ 2.80368729e-01 -5.41458844e-01  9.46188992e-02 -3.74241471e-02
  -1.64808783e+00  1.90449409e+00]]"
psc560027,"{'amplitude': 106.56803111358654, 'color': 0.23834161511951005, 's1': 0.10275917596862923, 's2': -1.699586738046936, 's3': 1.6771298836771282, 't0': 56168.84815323583}","{'amplitude': 2.824589652382015, 'color': 0.6327986493560056, 's1': 2.871361455155705, 's2': 2.2378922392944407, 's3': 2.11554304881554, 't0': 421.31678179528564}","[[ 1.77507831e+05 -9.10270230e+02  9.33145844e+01  4.81623022e+02
   7.23841231e+02  3.78620486e+02]
 [-9.10270230e+02  7.97830670e+00 -2.30597090e-01 -3.97789699e+00
  -2.85789992e+00 -2.55490879e+00]
 [ 9.33145844e+01 -2.30597090e-01  4.00434131e-01 -2.78455351e-01
   5.03441077e-01  3.20772162e-01]
 [ 4.81623022e+02 -3.97789699e+00 -2.78455351e-01  8.24471661e+00
  -5.46278283e-01  4.95723808e+00]
 [ 7.23841231e+02 -2.85789992e+00  5.03441077e-01 -5.46278283e-01
   5.00816167e+00 -4.98426901e-01]
 [ 3.78620486e+02 -2.55490879e+00  3.20772162e-01  4.95723808e+00
  -4.98426901e-01  4.47552239e+00]]","{'amplitude': 105.28949152321434, 'color': 0.13837482051286698, 's1': 1.9316638975991152, 's2': -1.845974522120148, 's3': 0.5208224176957118, 't0': 56185.822326674475}","{'amplitude': 2.665731026794619, 'color': 0.2846606443353925, 's1': 2.3334585839177757, 's2': 2.794161874918571, 's3': 1.3898507616510818, 't0': 351.5686934505123}","[[ 1.23600546e+05 -3.76833630e+02 -5.25307383e+01 -3.90105824e+02
   7.89563799e+02  7.50954851e+01]
 [-3.76833630e+02  7.10612191e+00 -4.21870694e-01 -2.88093368e+00
  -1.53442540e+00  1.63605994e+00]
 [-5.25307383e+01 -4.21870694e-01  8.10316824e-02  5.42326983e-01
  -4.01939163e-01 -2.13672421e-01]
 [-3.90105824e+02 -2.88093368e+00  5.42326983e-01  5.44502896e+00
  -4.72026247e+00 -2.12901457e+00]
 [ 7.89563799e+02 -1.53442540e+00 -4.01939163e-01 -4.72026247e+00
   7.80734058e+00  1.19765309e+00]
 [ 7.50954851e+01  1.63605994e+00 -2.13672421e-01 -2.12901457e+00
   1.19765309e+00  1.93168514e+00]]"
psc560033,"{'amplitude': 95.9382622508471, 'color': 0.08861436048576599, 's1': 0.16635658331790418, 's2': 0.597075606975813, 's3': -0.8913929080768302, 't0': 56578.96567869735}","{'amplitude': 0.2139717498369256, 'color': 0.024043982383793388, 's1': 0.08831392842020676, 's2': 0.13800715042086711, 's3': 0.39365198730682066, 't0': 0.05650864581894049}","[[ 0.00319323 -0.00230776  0.00032109 -0.00038713  0.00024791 -0.00486421]
 [-0.00230776  0.04578391 -0.00509483  0.01679617 -0.02556098  0.08151633]
 [ 0.00032109 -0.00509483  0.00057811 -0.00186595  0.00267594 -0.00908765]
 [-0.00038713  0.01679617 -0.00186595  0.00779935 -0.00971406  0.03002654]
 [ 0.00024791 -0.02556098  0.00267594 -0.00971406  0.01904597 -0.04259588]
 [-0.00486421  0.08151633 -0.00908765  0.03002654 -0.04259588  0.15496189]]","{'amplitude': 95.87147587651, 'color': 0.10207769974611657, 's1': 0.2633502195205144, 's2': 0.6193200413290637, 's3': -0.4859318048470761, 't0': 56579.09301849397}","{'amplitude': 0.06438712921027005, 'color': 0.007729050493935449, 's1': 0.06617927773854666, 's2': 0.08268480725732223, 's3': 0.20506649040832073, 't0': 0.054264080543829064}","[[ 2.94459044e-03 -4.96077696e-04  1.04345205e-04 -2.50995125e-04
   5.70348127e-05  1.14537171e-03]
 [-4.96077696e-04  4.14570241e-03 -4.59162373e-04  2.19257152e-03
  -3.35444236e-03  7.84461597e-03]
 [ 1.04345205e-04 -4.59162373e-04  5.97382215e-05 -2.88802014e-04
   2.30649535e-04 -7.22674030e-04]
 [-2.50995125e-04  2.19257152e-03 -2.88802014e-04  4.37969680e-03
  -7.56962647e-04  9.30183847e-03]
 [ 5.70348127e-05 -3.35444236e-03  2.30649535e-04 -7.56962647e-04
   6.83677735e-03 -6.30474074e-03]
 [ 1.14537171e-03  7.84461597e-03 -7.22674030e-04  9.30183847e-03
  -6.30474074e-03  4.20522655e-02]]"
psc560087,"{'amplitude': 103.65798292807797, 'color': -0.09273842573317485, 's1': 1.0680834427585164, 's2': 0.0466566808853936, 's3': -0.35596767854482436, 't0': 56606.751660693386}","{'amplitude': 0.4807251629776719, 'color': 0.04556940226994181, 's1': 0.4150308648103138, 's2': 1.3886390480539401, 's3': 0.9645703170397335, 't0': 0.5218386163545257}","[[ 0.27231554  0.04201288 -0.00335613 -0.04346236 -0.19509963  0.08134645]
 [ 0.04201288  0.23109668 -0.01729531 -0.05776713 -0.1046083   0.08044251]
 [-0.00335613 -0.01729531  0.00207657 -0.00203617  0.0078479   0.00502863]
 [-0.04346236 -0.05776713 -0.00203617  0.17225062 -0.24365826 -0.1029053 ]
 [-0.19509963 -0.1046083   0.0078479  -0.24365826  1.92831841  0.0175891 ]
 [ 0.08134645  0.08044251  0.00502863 -0.1029053   0.0175891   0.9303959 ]]","{'amplitude': 103.61148293822363, 'color': -0.10657875044019377, 's1': 1.3121363475217744, 's2': 0.10520360740234955, 's3': -0.35396306336715044, 't0': 56606.806788939284}","{'amplitude': 0.7682107031923289, 'color': 0.07450542143492608, 's1': 0.5597221295438225, 's2': 1.4849730566738233, 's3': 0.8880965471843372, 't0': 0.6814756578388292}","[[ 0.46440907 -0.14038508  0.00334494  0.04520564 -0.05591899  0.07939419]
 [-0.14038508  0.59014768 -0.0467733  -0.12886647 -0.09697689 -0.06596153]
 [ 0.00334494 -0.0467733   0.00555106 -0.00789531  0.02107271  0.02354745]
 [ 0.04520564 -0.12886647 -0.00789531  0.31328886 -0.45425649 -0.1852375 ]
 [-0.05591899 -0.09697689  0.02107271 -0.45425649  2.20514498  0.21630775]
 [ 0.07939419 -0.06596153  0.02354745 -0.1852375   0.21630775  0.78871548]]"
psc560121,"{'amplitude': 104.05263263305156, 'color': 0.03696513146455291, 's1': -0.8968207417412828, 's2': 1.0895448626630106, 's3': -2.11641186407841, 't0': 56595.64406671945}","{'amplitude': 0.47815540677089075, 'color': 0.04188244213687509, 's1': 0.6662580502117731, 's2': 1.3103248931674756, 's3': 0.860769281499294, 't0': 0.8335361100316141}","[[ 6.94782447e-01 -4.12832231e-02  1.44187801e-03 -4.76739098e-03
   7.23483471e-02 -1.10834608e-01]
 [-4.12832231e-02  2.28632593e-01 -1.34651726e-02 -8.40926477e-02
  -4.00902111e-01  1.29284012e-01]
 [ 1.44187801e-03 -1.34651726e-02  1.75413896e-03  3.43077239e-03
   3.56138941e-03  4.81751966e-03]
 [-4.76739098e-03 -8.40926477e-02  3.43077239e-03  4.43899789e-01
   1.71288604e-01  9.27003079e-02]
 [ 7.23483471e-02 -4.00902111e-01  3.56138941e-03  1.71288604e-01
   1.71695133e+00 -1.48943676e-01]
 [-1.10834608e-01  1.29284012e-01  4.81751966e-03  9.27003079e-02
  -1.48943676e-01  7.40923756e-01]]","{'amplitude': 103.86411469196344, 'color': 0.07930675487536566, 's1': -0.6280919494446728, 's2': 0.47093640016554544, 's3': -0.8195007313908689, 't0': 56595.966875241495}","{'amplitude': 0.44982841722406397, 'color': 0.05299863924428762, 's1': 0.786351791271423, 's2': 1.662378585000346, 's3': 1.3936376731929512, 't0': 0.9991506402339906}","[[ 9.98302002e-01 -4.95703010e-02  4.42768546e-04  6.67938946e-02
  -9.58922993e-02  3.70885236e-01]
 [-4.95703010e-02  2.02345605e-01 -1.84585208e-02 -9.36227169e-02
  -1.60618253e-01 -7.70864642e-02]
 [ 4.42768546e-04 -1.84585208e-02  2.80885576e-03  2.51072346e-03
  -1.60943766e-02  1.80228611e-02]
 [ 6.67938946e-02 -9.36227169e-02  2.51072346e-03  6.18349140e-01
   8.46289033e-02  3.57374601e-01]
 [-9.58922993e-02 -1.60618253e-01 -1.60943766e-02  8.46289033e-02
   2.76350256e+00 -5.60728313e-01]
 [ 3.70885236e-01 -7.70864642e-02  1.80228611e-02  3.57374601e-01
  -5.60728313e-01  1.94222596e+00]]"
psc560150,"{'amplitude': 101.67830235217025, 'color': -0.04248446397139229, 's1': 0.7312986173723288, 's2': -0.07412110105201955, 's3': -0.5114919443865888, 't0': 56591.88217244632}","{'amplitude': 0.20876950970156893, 'color': 0.015527743987044615, 's1': 0.2970325574307003, 's2': 0.8518029471673969, 's3': 0.5974053509190714, 't0': 0.47922560406730064}","[[ 2.29657180e-01 -1.42274441e-02  2.19628452e-03  1.44851993e-02
  -2.11364037e-01 -9.95876224e-02]
 [-1.42274441e-02  4.35847082e-02 -2.43735285e-03 -2.21556719e-02
  -5.44515302e-02  3.38646725e-02]
 [ 2.19628452e-03 -2.43735285e-03  2.41110833e-04 -3.92470406e-04
   4.08144509e-04 -3.50133729e-03]
 [ 1.44851993e-02 -2.21556719e-02 -3.92470406e-04  8.82283402e-02
  -2.56671867e-03  5.76833100e-02]
 [-2.11364037e-01 -5.44515302e-02  4.08144509e-04 -2.56671867e-03
   7.25568261e-01 -1.68676545e-03]
 [-9.95876224e-02  3.38646725e-02 -3.50133729e-03  5.76833100e-02
  -1.68676545e-03  3.56893153e-01]]","{'amplitude': 101.29019803118064, 'color': -0.026089585906814927, 's1': 1.2318523083554211, 's2': 0.24112318946107608, 's3': 0.6391252085175312, 't0': 56591.32280235521}","{'amplitude': 0.19825699410400272, 'color': 0.015532727625786785, 's1': 0.451912235175877, 's2': 0.6381971425493784, 's3': 0.7977236267839205, 't0': 0.6993012616859003}","[[ 4.89022255e-01  5.78930992e-02  2.37969305e-03 -1.63112132e-01
  -1.47191897e-02 -4.33652675e-01]
 [ 5.78930992e-02  3.93058357e-02 -1.68033310e-03 -6.11281467e-02
  -1.04747856e-02 -8.66062381e-02]
 [ 2.37969305e-03 -1.68033310e-03  2.41265627e-04 -4.68361987e-04
  -1.50920350e-03 -5.58212165e-04]
 [-1.63112132e-01 -6.11281467e-02 -4.68361987e-04  2.04224668e-01
  -1.17516427e-02  2.48288660e-01]
 [-1.47191897e-02 -1.04747856e-02 -1.50920350e-03 -1.17516427e-02
   4.07295593e-01 -4.08480606e-02]
 [-4.33652675e-01 -8.66062381e-02 -5.58212165e-04  2.48288660e-01
  -4.08480606e-02  6.36362985e-01]]"
psc560152,"{'amplitude': 102.36965963578147, 'color': -0.05642957094775452, 's1': -0.10487459273759635, 's2': -0.6274744977844945, 's3': 0.7200756443853134, 't0': 56598.98927785212}","{'amplitude': 0.26814211433534424, 'color': 0.022810018860049155, 's1': 0.8256897782627628, 's2': 1.286596828989117, 's3': 0.8996754426013106, 't0': 0.8656239001781258}","[[ 7.49304737e-01  4.77295799e-03  4.85459914e-03 -5.58870600e-01
  -2.00535651e-01 -3.12403550e-01]
 [ 4.77295799e-03  7.19001935e-02 -4.81117858e-03 -2.47031697e-02
  -2.17910918e-01  1.73736501e-02]
 [ 4.85459914e-03 -4.81117858e-03  5.20296960e-04 -4.80103739e-03
   9.73567939e-03 -4.46653580e-03]
 [-5.58870600e-01 -2.47031697e-02 -4.80103739e-03  6.81763610e-01
   4.64382657e-01  1.61682113e-01]
 [-2.00535651e-01 -2.17910918e-01  9.73567939e-03  4.64382657e-01
   1.65533140e+00 -3.42927585e-01]
 [-3.12403550e-01  1.73736501e-02 -4.46653580e-03  1.61682113e-01
  -3.42927585e-01  8.09415902e-01]]","{'amplitude': 102.66675595778374, 'color': -0.0942217698276905, 's1': -1.1125063286572634, 's2': -0.3020713226052929, 's3': -0.010036637364529089, 't0': 56599.66975101758}","{'amplitude': 0.3229490143331416, 'color': 0.0336858947541657, 's1': 1.1078825734607232, 's2': 1.8066427865009735, 's3': 1.055006358404033, 't0': 1.3232111640580646}","[[ 1.75088778e+00 -1.10959809e-01 -1.57023919e-02 -9.10100073e-01
   1.37610599e+00  3.98710060e-03]
 [-1.10959809e-01  1.04296066e-01 -6.05919550e-03 -5.25830111e-02
  -2.81778390e-01 -1.30629793e-01]
 [-1.57023919e-02 -6.05919550e-03  1.13473951e-03  2.13763930e-02
  -1.85308290e-02  7.10865316e-03]
 [-9.10100073e-01 -5.25830111e-02  2.13763930e-02  1.22740380e+00
  -5.84517685e-01  2.21577092e-01]
 [ 1.37610599e+00 -2.81778390e-01 -1.85308290e-02 -5.84517685e-01
   3.26395816e+00  1.22016275e-01]
 [ 3.98710060e-03 -1.30629793e-01  7.10865316e-03  2.21577092e-01
   1.22016275e-01  1.11303842e+00]]"
psc570022,"{'amplitude': 104.02657626803855, 'color': -0.15553100102091472, 's1': -1.9627301433530286, 's2': -0.3631915600392289, 's3': -0.5457382721680064, 't0': 56596.93514957689}","{'amplitude': 0.30737935253501214, 'color': 0.03662253608377021, 's1': 1.0417288660380113, 's2': 2.058469481649432, 's3': 1.1890687410698493, 't0': 0.7912132601241407}","[[ 6.26018423e-01 -7.20023735e-02  8.96413583e-03  2.30080756e-01
   4.92651991e-01  2.58991137e-01]
 [-7.20023735e-02  9.44820664e-02 -9.08399241e-03 -1.72125263e-01
  -3.36994164e-01 -1.03536937e-01]
 [ 8.96413583e-03 -9.08399241e-03  1.34121015e-03  2.49195193e-02
   2.29352290e-02  6.71536407e-03]
 [ 2.30080756e-01 -1.72125263e-01  2.49195193e-02  1.08519903e+00
   1.41881103e+00  1.18430613e-01]
 [ 4.92651991e-01 -3.36994164e-01  2.29352290e-02  1.41881103e+00
   4.23729661e+00  7.99367985e-01]
 [ 2.58991137e-01 -1.03536937e-01  6.71536407e-03  1.18430613e-01
   7.99367985e-01  1.41388447e+00]]","{'amplitude': 103.3936156856442, 'color': -0.06864898595411653, 's1': -0.4894237250590345, 's2': -0.15380463370009326, 's3': -0.5730111509292841, 't0': 56597.17168560059}","{'amplitude': 0.3357012967438553, 'color': 0.03817531340550059, 's1': 0.5913690703141204, 's2': 1.0576955871826215, 's3': 1.0757209548292692, 't0': 0.5714828891997284}","[[ 0.32659269 -0.04392992  0.00405768 -0.02725751 -0.04372679  0.06254096]
 [-0.04392992  0.11269536 -0.01203834 -0.09506029  0.0266977  -0.11033064]
 [ 0.00405768 -0.01203834  0.00145735  0.01045217 -0.0098818   0.01454743]
 [-0.02725751 -0.09506029  0.01045217  0.34971738 -0.05349633  0.12153746]
 [-0.04372679  0.0266977  -0.0098818  -0.05349633  1.11871996 -0.04271324]
 [ 0.06254096 -0.11033064  0.01454743  0.12153746 -0.04271324  1.15717557]]"
psc570025,"{'amplitude': 103.02713960741673, 'color': -0.049936538741004094, 's1': 0.19172567943185326, 's2': -0.9988984244158607, 's3': -1.048941717448993, 't0': 56610.77749400551}","{'amplitude': 0.4197535287935822, 'color': 0.059917598450301625, 's1': 0.8129671737741841, 's2': 1.3338231203404494, 's3': 1.1382687537953733, 't0': 0.6547771412425851}","[[ 4.28733105e-01  1.61101108e-02  5.81267918e-05 -3.44324936e-01
   1.18683459e-01  1.50264769e-01]
 [ 1.61101108e-02  1.76193025e-01 -2.00130879e-02 -2.76524145e-02
  -5.25347177e-02 -7.65704572e-02]
 [ 5.81267918e-05 -2.00130879e-02  3.59011860e-03 -1.22205714e-02
  -1.82864040e-03  2.22288199e-02]
 [-3.44324936e-01 -2.76524145e-02 -1.22205714e-02  6.60915626e-01
  -3.46591514e-01 -6.28245355e-02]
 [ 1.18683459e-01 -5.25347177e-02 -1.82864040e-03 -3.46591514e-01
   1.77908412e+00  7.77089484e-02]
 [ 1.50264769e-01 -7.65704572e-02  2.22288199e-02 -6.28245355e-02
   7.77089484e-02  1.29565576e+00]]","{'amplitude': 102.50151459711276, 'color': -0.011792678487646074, 's1': 0.3945967070631321, 's2': -1.5148298613921607, 's3': -0.8632022252422894, 't0': 56610.63401440895}","{'amplitude': 0.7384726588343922, 'color': 0.07580918638065033, 's1': 0.9825900768580765, 's2': 1.6083646907414637, 's3': 1.355610459846911, 't0': 0.792838309281459}","[[ 6.28592585e-01  1.55278422e-01 -6.95493901e-03 -3.50772679e-01
  -7.73799400e-02  2.12455314e-01]
 [ 1.55278422e-01  5.45341868e-01 -3.86144296e-02 -3.22834598e-01
   1.78769277e-01 -5.48579397e-02]
 [-6.95493901e-03 -3.86144296e-02  5.74703274e-03 -1.21757664e-03
  -3.31914337e-02  3.45302457e-02]
 [-3.50772679e-01 -3.22834598e-01 -1.21757664e-03  9.65483259e-01
  -3.76768440e-01 -4.20898956e-02]
 [-7.73799400e-02  1.78769277e-01 -3.31914337e-02 -3.76768440e-01
   2.58683698e+00 -1.48374309e+00]
 [ 2.12455314e-01 -5.48579397e-02  3.45302457e-02 -4.20898956e-02
  -1.48374309e+00  1.83767972e+00]]"
psc570062,"{'amplitude': 98.92512717779088, 'color': -0.0707530415983122, 's1': -0.29558757516667294, 's2': -0.8388303298890427, 's3': -0.24267934604556649, 't0': 56596.22623490497}","{'amplitude': 0.11169385460859751, 'color': 0.010599613567698918, 's1': 0.1773638452419994, 's2': 0.5702255229414566, 's3': 0.40984236729402485, 't0': 0.17110285109952347}","[[ 2.92761857e-02  2.72608032e-03  1.29134105e-04  1.70223688e-03
  -5.63114499e-02 -4.12910999e-02]
 [ 2.72608032e-03  1.24755172e-02 -1.04525339e-03 -2.39177714e-03
  -3.85830360e-02 -8.85367959e-03]
 [ 1.29134105e-04 -1.04525339e-03  1.12351808e-04  2.94699711e-04
   1.60454724e-03 -6.83392116e-04]
 [ 1.70223688e-03 -2.39177714e-03  2.94699711e-04  3.14579336e-02
  -3.14568027e-02 -1.88834482e-02]
 [-5.63114499e-02 -3.85830360e-02  1.60454724e-03 -3.14568027e-02
   3.25157147e-01  1.78048574e-01]
 [-4.12910999e-02 -8.85367959e-03 -6.83392116e-04 -1.88834482e-02
   1.78048574e-01  1.67970766e-01]]","{'amplitude': 98.69720755020293, 'color': -0.05997305529660664, 's1': -0.17329146646499832, 's2': 0.47952997433910843, 's3': -0.04077324781259278, 't0': 56596.03748444507}","{'amplitude': 0.24592076400724444, 'color': 0.0161623072105843, 's1': 0.2796930717586126, 's2': 1.07591523661402, 's3': 0.4107877806329365, 't0': 0.261937675018785}","[[ 6.86113456e-02  9.57496231e-03 -2.97085482e-04 -3.03385117e-03
  -9.06485244e-02 -3.35563223e-02]
 [ 9.57496231e-03  6.04770222e-02 -3.67866075e-03 -2.91543817e-02
  -2.34214904e-01 -2.99664613e-02]
 [-2.97085482e-04 -3.67866075e-03  2.61220174e-04  1.73588637e-03
   1.22515631e-02  1.18098548e-03]
 [-3.03385117e-03 -2.91543817e-02  1.73588637e-03  7.82282144e-02
   7.52166321e-02 -2.55577174e-02]
 [-9.06485244e-02 -2.34214904e-01  1.22515631e-02  7.52166321e-02
   1.15759360e+00  1.79851572e-01]
 [-3.35563223e-02 -2.99664613e-02  1.18098548e-03 -2.55577174e-02
   1.79851572e-01  1.68746601e-01]]"
psc580235,"{'amplitude': 103.70403781545716, 'color': 0.010214575146405454, 's1': -0.004934566859285294, 's2': -0.8983730183667306, 's3': -0.22652606188588784, 't0': 56644.80439743497}","{'amplitude': 0.2317469620777103, 'color': 0.03263018568793513, 's1': 0.36524562334457294, 's2': 0.766736226385514, 's3': 0.7574211203960646, 't0': 0.27873381303069433}","[[ 0.07769254  0.00391481 -0.00082959 -0.02773231 -0.06870258 -0.02331171]
 [ 0.00391481  0.05370665 -0.00681313 -0.00538796  0.02554285 -0.02641776]
 [-0.00082959 -0.00681313  0.00106473 -0.00172306 -0.00568923  0.00381122]
 [-0.02773231 -0.00538796 -0.00172306  0.13340437  0.01755321  0.10579391]
 [-0.06870258  0.02554285 -0.00568923  0.01755321  0.58788444 -0.17890273]
 [-0.02331171 -0.02641776  0.00381122  0.10579391 -0.17890273  0.57368675]]","{'amplitude': 103.96959738556721, 'color': -0.033958049033847894, 's1': -0.17468603476001018, 's2': -0.04491476057089553, 's3': -0.12476221340463382, 't0': 56644.965653645995}","{'amplitude': 0.38962837172788894, 'color': 0.04985880295930516, 's1': 0.7156089035256809, 's2': 1.2135264132360293, 's3': 1.1030460835840639, 't0': 0.39515443483708035}","[[ 1.56147027e-01  2.72136103e-02  4.11345904e-05 -5.05102839e-02
  -1.23607994e-01  2.00333904e-01]
 [ 2.72136103e-02  1.51810268e-01 -1.74084306e-02 -8.20473555e-02
   3.74558789e-02 -9.28399931e-02]
 [ 4.11345904e-05 -1.74084306e-02  2.48590023e-03  2.37983600e-03
  -1.88024183e-02  1.35413048e-02]
 [-5.05102839e-02 -8.20473555e-02  2.37983600e-03  5.12096103e-01
   2.40308800e-01  2.79474912e-01]
 [-1.23607994e-01  3.74558789e-02 -1.88024183e-02  2.40308800e-01
   1.47264636e+00 -6.28541624e-02]
 [ 2.00333904e-01 -9.28399931e-02  1.35413048e-02  2.79474912e-01
  -6.28541624e-02  1.21671066e+00]]"
psc580275,"{'amplitude': 104.89787582006524, 'color': -0.13091302135472827, 's1': -1.5412101499140387, 's2': -1.1736678573818964, 's3': -0.6820419960193582, 't0': 56655.35328068265}","{'amplitude': 0.46930881135928937, 'color': 0.052909628828083345, 's1': 1.46350899823315, 's2': 2.5740541724265555, 's3': 1.8972054078589933, 't0': 1.9378923975102065}","[[ 3.75542694e+00 -3.16617750e-01  3.26084713e-02  1.31883704e+00
   2.54510337e+00  1.83877757e+00]
 [-3.16617750e-01  2.20250760e-01 -1.96338449e-02 -3.19428103e-01
  -5.07008092e-01 -3.95342220e-01]
 [ 3.26084713e-02 -1.96338449e-02  2.79942882e-03  4.24327843e-02
   7.63085674e-03  4.56265716e-02]
 [ 1.31883704e+00 -3.19428103e-01  4.24327843e-02  2.14185859e+00
   1.21448925e+00  2.08382113e+00]
 [ 2.54510337e+00 -5.07008092e-01  7.63085674e-03  1.21448925e+00
   6.62575488e+00  1.29530416e+00]
 [ 1.83877757e+00 -3.95342220e-01  4.56265716e-02  2.08382113e+00
   1.29530416e+00  3.59938836e+00]]","{'amplitude': 104.77895274537063, 'color': -0.11560946856527111, 's1': -0.6810439204263902, 's2': -0.3058326618142911, 's3': 0.0733876091012562, 't0': 56657.046239779425}","{'amplitude': 0.6390820983321045, 'color': 0.06992533952886971, 's1': 1.2079629241067047, 's2': 2.4357158747680185, 's3': 1.654635929124117, 't0': 1.7201218483634653}","[[ 2.95881917e+00 -4.31207232e-01  1.71898567e-02  7.26426267e-01
   1.29957119e+00  3.99237462e-01]
 [-4.31207232e-01  4.08425928e-01 -3.70162403e-02 -4.31751329e-01
   2.08167218e-01 -3.75791298e-01]
 [ 1.71898567e-02 -3.70162403e-02  4.88955311e-03  4.53488143e-02
  -8.21330172e-02  5.20706111e-02]
 [ 7.26426267e-01 -4.31751329e-01  4.53488143e-02  1.45917443e+00
  -2.87376961e-01  7.88023346e-01]
 [ 1.29957119e+00  2.08167218e-01 -8.21330172e-02 -2.87376961e-01
   5.93271182e+00 -8.09510305e-01]
 [ 3.99237462e-01 -3.75791298e-01  5.20706111e-02  7.88023346e-01
  -8.09510305e-01  2.73782006e+00]]"
psc580276,"{'amplitude': 104.14093949921237, 'color': -0.11735658915925164, 's1': -0.2200940190913378, 's2': -1.4861931012094942, 's3': 0.40440493455413806, 't0': 56653.128691289065}","{'amplitude': 0.34673993505033013, 'color': 0.036786957911404794, 's1': 0.8820441341843784, 's2': 1.614203814569145, 's3': 1.107563922772857, 't0': 0.8533694678260919}","[[ 7.28239449e-01  4.73283441e-03  6.58023860e-03 -8.65948360e-02
  -1.73683370e-01 -2.71662124e-01]
 [ 4.73283441e-03  1.20228583e-01 -9.14894808e-03 -1.26895315e-01
   9.87784922e-02 -8.13619431e-02]
 [ 6.58023860e-03 -9.14894808e-03  1.35328027e-03 -5.49253447e-03
  -1.97999163e-02  7.36892777e-03]
 [-8.65948360e-02 -1.26895315e-01 -5.49253447e-03  7.78001855e-01
   1.96807362e-01  6.18283368e-02]
 [-1.73683370e-01  9.87784922e-02 -1.97999163e-02  1.96807362e-01
   2.60565395e+00  3.99815057e-01]
 [-2.71662124e-01 -8.13619431e-02  7.36892777e-03  6.18283368e-02
   3.99815057e-01  1.22669784e+00]]","{'amplitude': 104.76417300818493, 'color': -0.18796889064276978, 's1': -0.3222582347483469, 's2': -0.9556760354172132, 's3': 0.10971933810185999, 't0': 56652.79740885242}","{'amplitude': 0.5326958852984486, 'color': 0.06465756232456268, 's1': 0.8006868708609908, 's2': 1.6958982432858483, 's3': 0.9616962484507011, 't0': 0.5978078134361884}","[[ 0.35737418 -0.05939775  0.01176196 -0.03610034 -0.20750044  0.13898034]
 [-0.05939775  0.28376491 -0.03121394 -0.01575033  0.27641934 -0.30477915]
 [ 0.01176196 -0.03121394  0.0041806  -0.00953967 -0.05615332  0.03293442]
 [-0.03610034 -0.01575033 -0.00953967  0.64109947  0.6243621   0.25691429]
 [-0.20750044  0.27641934 -0.05615332  0.6243621   2.87607085 -0.41625525]
 [ 0.13898034 -0.30477915  0.03293442  0.25691429 -0.41625525  0.92485967]]"
