object_id,mean,std,covariance,mean_blue,std_blue,covariance_blue
SN-SDSS10106,"{'amplitude': 99.39716813946929, 'color': 0.19131637042460686, 's1': 0.4052788166235452, 's2': -0.8288462231187991, 's3': -2.0999396011678355, 't0': 53694.75451103072}","{'amplitude': 0.2573281755606773, 'color': 0.03182456713849426, 's1': 0.7988164477234386, 's2': 1.0797003481282177, 's3': 1.1762980206286529, 't0': 0.4690417760560667}","[[ 2.20000188e-01  4.02417449e-02  4.78028381e-03 -1.16370189e-01
  -4.11767200e-02  3.16881785e-01]
 [ 4.02417449e-02  6.62177899e-02 -3.48153314e-03 -9.27609022e-02
  -5.47702574e-02  1.42643877e-01]
 [ 4.78028381e-03 -3.48153314e-03  1.01280307e-03 -1.06615091e-02
   1.08666505e-02  1.34351393e-02]
 [-1.16370189e-01 -9.27609022e-02 -1.06615091e-02  6.38107717e-01
   2.28383228e-02 -4.43825067e-01]
 [-4.11767200e-02 -5.47702574e-02  1.08666505e-02  2.28383228e-02
   1.16575284e+00  4.11489125e-01]
 [ 3.16881785e-01  1.42643877e-01  1.34351393e-02 -4.43825067e-01
   4.11489125e-01  1.38367703e+00]]","{'amplitude': 99.24321725892517, 'color': 0.20501131141395126, 's1': 0.14030032007525417, 's2': -0.05580179380537728, 's3': -2.0767602073859486, 't0': 53694.6496794013}","{'amplitude': 0.2815599715573698, 'color': 0.03198087083472912, 's1': 0.8571322424375349, 's2': 1.1373724752088676, 's3': 1.4108511595826472, 't0': 0.5534292085182247}","[[ 3.06283889e-01  5.61924958e-02  8.62905465e-03 -3.02389440e-01
   1.97759981e-01  5.47550103e-01]
 [ 5.61924958e-02  7.92760176e-02 -3.68179601e-03 -2.29861084e-02
  -1.13747911e-01  8.65205614e-02]
 [ 8.62905465e-03 -3.68179601e-03  1.02277610e-03 -1.77110760e-02
   1.83738579e-02  2.57725924e-02]
 [-3.02389440e-01 -2.29861084e-02 -1.77110760e-02  7.34675681e-01
  -4.85340228e-01 -8.97543731e-01]
 [ 1.97759981e-01 -1.13747911e-01  1.83738579e-02 -4.85340228e-01
   1.29361615e+00  1.04158455e+00]
 [ 5.47550103e-01  8.65205614e-02  2.57725924e-02 -8.97543731e-01
   1.04158455e+00  1.99050099e+00]]"
SN-SDSS13411,"{'amplitude': 99.53956562703713, 'color': 0.042163499566307105, 's1': -1.7475372192847527, 's2': -1.0144864504813833, 's3': -0.32641272172015995, 't0': 53987.393335068096}","{'amplitude': 0.17085485382658477, 'color': 0.022149249149264937, 's1': 0.549142536301395, 's2': 1.2247390299086254, 's3': 0.804072051792709, 't0': 0.3662102726973714}","[[ 1.34109964e-01  1.09580181e-02  1.83346831e-03 -5.54057448e-02
   2.75171831e-01  6.16803475e-02]
 [ 1.09580181e-02  2.91913811e-02 -3.02999173e-03  6.77564148e-03
  -1.15774166e-02  4.69080391e-02]
 [ 1.83346831e-03 -3.02999173e-03  4.90589238e-04 -2.60871894e-03
   1.10675733e-02 -4.15056295e-03]
 [-5.54057448e-02  6.77564148e-03 -2.60871894e-03  3.01557525e-01
  -4.78338623e-01  2.01636647e-01]
 [ 2.75171831e-01 -1.15774166e-02  1.10675733e-02 -4.78338623e-01
   1.49998569e+00 -3.92731431e-01]
 [ 6.16803475e-02  4.69080391e-02 -4.15056295e-03  2.01636647e-01
  -3.92731431e-01  6.46531864e-01]]","{'amplitude': 99.54224074497472, 'color': 0.042377932600167215, 's1': -1.9143849633443755, 's2': -0.6039026256444828, 's3': -0.7704870696306919, 't0': 53987.44960949209}","{'amplitude': 0.18710066606484738, 'color': 0.024539897119188876, 's1': 0.3933048481404443, 's2': 1.056396339245599, 's3': 0.8786400174310688, 't0': 0.3861147310168682}","[[ 1.49084586e-01  5.75234053e-03  2.41347622e-03 -7.50780166e-03
   2.55849663e-01  2.86575935e-02]
 [ 5.75234053e-03  3.50066592e-02 -3.84679442e-03  1.75604311e-02
  -8.68889371e-03  3.30261276e-02]
 [ 2.41347622e-03 -3.84679442e-03  6.02206551e-04 -2.16417916e-03
   9.30540354e-03 -2.05295732e-03]
 [-7.50780166e-03  1.75604311e-02 -2.16417916e-03  1.54688704e-01
  -1.91088053e-01  2.10709528e-01]
 [ 2.55849663e-01 -8.68889371e-03  9.30540354e-03 -1.91088053e-01
   1.11597323e+00 -4.20189329e-01]
 [ 2.86575935e-02  3.30261276e-02 -2.05295732e-03  2.10709528e-01
  -4.20189329e-01  7.72008280e-01]]"
SN2005eg,"{'amplitude': 100.93399008361824, 'color': -0.047423335347464034, 's1': -1.314869377566004, 's2': -1.1058787779014496, 's3': 0.24556110766459432, 't0': 53625.649771200624}","{'amplitude': 0.1850247493594531, 'color': 0.021242255875544108, 's1': 0.39137887590079845, 's2': 0.7908662644768953, 's3': 0.6613499293910661, 't0': 0.33393993531800437}","[[ 1.11515880e-01  1.03073741e-02 -4.99582328e-04 -2.25519343e-02
  -3.47811755e-02 -8.18581578e-03]
 [ 1.03073741e-02  3.42341579e-02 -3.63727567e-03 -4.12244465e-03
  -8.89112161e-03  2.66399769e-03]
 [-4.99582328e-04 -3.63727567e-03  4.51233435e-04  1.45394232e-03
  -8.87962431e-04 -1.80800322e-03]
 [-2.25519343e-02 -4.12244465e-03  1.45394232e-03  1.53177425e-01
  -3.95012253e-02  2.44117055e-02]
 [-3.47811755e-02 -8.89112161e-03 -8.87962431e-04 -3.95012253e-02
   6.25469448e-01  1.53593199e-01]
 [-8.18581578e-03  2.66399769e-03 -1.80800322e-03  2.44117055e-02
   1.53593199e-01  4.37383729e-01]]","{'amplitude': 100.86292137845476, 'color': -0.03764617966877479, 's1': -1.2121903597635213, 's2': -0.5693635390260693, 's3': -0.4416552978887893, 't0': 53625.74562457648}","{'amplitude': 0.19215934380231475, 'color': 0.02253279829629197, 's1': 0.3603910196901434, 's2': 0.8615497718004503, 's3': 0.8542664105025782, 't0': 0.4005432831242079}","[[ 1.60434922e-01 -5.43242813e-03  5.28192982e-04 -1.63485505e-02
   1.40262692e-01 -4.28790344e-02]
 [-5.43242813e-03  3.69252134e-02 -3.94671025e-03 -3.64931351e-03
  -1.38518263e-02  4.35080455e-02]
 [ 5.28192982e-04 -3.94671025e-03  5.07726999e-04  8.13999128e-04
   4.74910373e-04 -2.09400792e-03]
 [-1.63485505e-02 -3.64931351e-03  8.13999128e-04  1.29881687e-01
  -3.93526626e-02  1.22484476e-02]
 [ 1.40262692e-01 -1.38518263e-02  4.74910373e-04 -3.93526626e-02
   7.42268009e-01 -1.36694425e-01]
 [-4.28790344e-02  4.35080455e-02 -2.09400792e-03  1.22484476e-02
  -1.36694425e-01  7.29771100e-01]]"
SN2005ey,"{'amplitude': 100.0649430016692, 'color': -0.2154681415996732, 's1': -0.8853286663468878, 's2': -1.6903813921426427, 's3': 0.7581532480106694, 't0': 53630.79671579128}","{'amplitude': 0.09284337785860888, 'color': 0.011286650181543798, 's1': 0.2469264778766248, 's2': 0.34956023576536593, 's3': 0.2783406926757385, 't0': 0.1341927128497251}","[[ 1.80076842e-02 -2.97738510e-04  2.17782806e-04  1.03842992e-02
   1.37675660e-02  1.79815948e-03]
 [-2.97738510e-04  8.61989281e-03 -9.95086675e-04 -2.28364097e-03
   4.99976714e-03  5.74820876e-03]
 [ 2.17782806e-04 -9.95086675e-04  1.27388472e-04  1.19077304e-04
  -5.48264575e-04 -1.13574864e-03]
 [ 1.03842992e-02 -2.28364097e-03  1.19077304e-04  6.09726855e-02
   3.58895753e-02  3.50092095e-02]
 [ 1.37675660e-02  4.99976714e-03 -5.48264575e-04  3.58895753e-02
   1.22192358e-01  6.21227633e-02]
 [ 1.79815948e-03  5.74820876e-03 -1.13574864e-03  3.50092095e-02
   6.21227633e-02  7.74735412e-02]]","{'amplitude': 100.05604173877775, 'color': -0.21077129343961615, 's1': -0.9128142126610872, 's2': -1.3432771695226053, 's3': 0.6449754617794089, 't0': 53630.79703044533}","{'amplitude': 0.09863223733520796, 'color': 0.012280293643002845, 's1': 0.3013360814559002, 's2': 0.49479625298136864, 's3': 0.3408231730968564, 't0': 0.1385810735270007}","[[ 1.92047139e-02  3.83307309e-05  2.67918674e-04 -1.47817179e-03
   1.61543903e-02 -1.47620487e-03]
 [ 3.83307309e-05  9.72831824e-03 -1.12582749e-03 -5.81212567e-03
   1.32831573e-03  2.95628013e-03]
 [ 2.67918674e-04 -1.12582749e-03  1.50805612e-04  6.14943053e-04
   7.33407823e-04 -9.75168440e-04]
 [-1.47817179e-03 -5.81212567e-03  6.14943053e-04  9.08034340e-02
   5.03626668e-02  4.52593853e-02]
 [ 1.61543903e-02  1.32831573e-03  7.33407823e-04  5.03626668e-02
   2.44823332e-01  2.76609359e-02]
 [-1.47620487e-03  2.95628013e-03 -9.75168440e-04  4.52593853e-02
   2.76609359e-02  1.16160435e-01]]"
SN2005ez,"{'amplitude': 98.42759620404674, 'color': 0.126164735469651, 's1': 1.5527927233334062, 's2': 0.6150740282084758, 's3': -0.9641157207629891, 't0': 53627.27950089219}","{'amplitude': 0.40615772089299357, 'color': 0.035779395769776186, 's1': 0.2553757418322123, 's2': 1.1221887404958863, 's3': 0.8850585694053691, 't0': 0.3178230242532179}","[[ 1.01011475e-01  4.94117622e-02  1.58361625e-03 -6.46229438e-03
  -2.24505878e-01  1.37657004e-01]
 [ 4.94117622e-02  1.64964094e-01 -9.07675992e-03 -5.65777733e-02
  -2.94187491e-01  2.21239938e-01]
 [ 1.58361625e-03 -9.07675992e-03  1.28016516e-03  6.58304197e-04
   7.15513769e-03 -5.59118238e-03]
 [-6.46229438e-03 -5.65777733e-02  6.58304197e-04  6.52167695e-02
   2.46736854e-02 -3.98672670e-02]
 [-2.24505878e-01 -2.94187491e-01  7.15513769e-03  2.46736854e-02
   1.25930757e+00 -7.89492996e-01]
 [ 1.37657004e-01  2.21239938e-01 -5.59118238e-03 -3.98672670e-02
  -7.89492996e-01  7.83328671e-01]]","{'amplitude': 98.24309329587292, 'color': 0.09833916781113893, 's1': 1.5485480696158742, 's2': 1.6876410363687275, 's3': -2.088537584488957, 't0': 53627.03179185791}","{'amplitude': 0.30678677110386676, 'color': 0.02921468237224667, 's1': 0.17276536985413607, 's2': 0.5856256362876046, 's3': 0.40995455410175885, 't0': 0.3362889573090718}","[[ 0.11309026 -0.01901046  0.0031549   0.01056305  0.00349483  0.05257539]
 [-0.01901046  0.09411812 -0.00410056 -0.00734053 -0.11424114  0.0451242 ]
 [ 0.0031549  -0.00410056  0.0008535  -0.00110194 -0.00169838  0.0037272 ]
 [ 0.01056305 -0.00734053 -0.00110194  0.02984787 -0.02534586 -0.01813905]
 [ 0.00349483 -0.11424114 -0.00169838 -0.02534586  0.34295739 -0.05377183]
 [ 0.05257539  0.0451242   0.0037272  -0.01813905 -0.05377183  0.16806274]]"
SN2005fa,"{'amplitude': 98.84499917754225, 'color': 0.032002940657616406, 's1': -0.3616964074493048, 's2': 1.2841519025022285, 's3': 2.842601014362181, 't0': 53637.39621537503}","{'amplitude': 0.17538061573067487, 'color': 0.022888153975769425, 's1': 0.4335148236356569, 's2': 0.5652527136540366, 's3': 0.6523975838328768, 't0': 0.3198231479636396}","[[ 1.02286846e-01  4.29749171e-03 -2.18090601e-04 -7.20828810e-02
   1.53895441e-02 -1.22868027e-03]
 [ 4.29749171e-03  3.07583604e-02 -3.18028789e-03 -2.17832944e-02
  -2.20285632e-02  1.52986733e-02]
 [-2.18090601e-04 -3.18028789e-03  5.23867592e-04  2.00301088e-03
  -4.42982974e-03 -8.72223034e-03]
 [-7.20828810e-02 -2.17832944e-02  2.00301088e-03  1.87935102e-01
  -2.85790512e-02 -5.31005421e-02]
 [ 1.53895441e-02 -2.20285632e-02 -4.42982974e-03 -2.85790512e-02
   3.19510630e-01  2.70807659e-01]
 [-1.22868027e-03  1.52986733e-02 -8.72223034e-03 -5.31005421e-02
   2.70807659e-01  4.25622607e-01]]","{'amplitude': 98.8617531387456, 'color': 0.02344658734772029, 's1': -0.5754223296494572, 's2': 1.624088543423501, 's3': 3.1624609310319722, 't0': 53637.31574654138}","{'amplitude': 0.18145204123171269, 'color': 0.0192390516676526, 's1': 0.50668766626955, 's2': 0.28906336679593825, 's3': 0.2599748305473483, 't0': 0.3720297827139975}","[[ 0.13840616  0.01878568 -0.00152013 -0.05636376 -0.01564257 -0.00752206]
 [ 0.01878568  0.03292484 -0.00315668 -0.03571415 -0.02250587  0.00889062]
 [-0.00152013 -0.00315668  0.00037014  0.00091877  0.00071509 -0.00181816]
 [-0.05636376 -0.03571415  0.00091877  0.25673239  0.05168894  0.04200534]
 [-0.01564257 -0.02250587  0.00071509  0.05168894  0.08355763  0.03336306]
 [-0.00752206  0.00889062 -0.00181816  0.04200534  0.03336306  0.06758691]]"
SN2005fb,"{'amplitude': 100.02941638375756, 'color': 0.03316398104866962, 's1': -0.9752575266069392, 's2': -0.3599875613071131, 's3': -0.6089568722703288, 't0': 53634.57712034089}","{'amplitude': 0.17134910740424844, 'color': 0.018897834923778143, 's1': 0.44578562432022006, 's2': 0.7946444631414734, 's3': 0.986624577016325, 't0': 0.18034499748970723}","[[ 3.25243181e-02 -8.50911183e-04  2.85256563e-05 -2.65395472e-02
   2.65557451e-02 -1.29253575e-02]
 [-8.50911183e-04  2.93605166e-02 -2.99940675e-03  1.31829788e-02
  -4.84167490e-02  4.80434520e-02]
 [ 2.85256563e-05 -2.99940675e-03  3.57128165e-04 -1.67607902e-03
   4.81198538e-03 -2.90901040e-03]
 [-2.65395472e-02  1.31829788e-02 -1.67607902e-03  1.98724823e-01
  -7.71840345e-02  2.22890332e-02]
 [ 2.65557451e-02 -4.84167490e-02  4.81198538e-03 -7.71840345e-02
   6.31459823e-01 -2.01726667e-02]
 [-1.29253575e-02  4.80434520e-02 -2.90901040e-03  2.22890332e-02
  -2.01726667e-02  9.73428056e-01]]","{'amplitude': 99.98187417432379, 'color': 0.02973552581428682, 's1': -1.0662208977388417, 's2': 0.5020295852137688, 's3': -0.7321827482546946, 't0': 53634.67740355146}","{'amplitude': 0.20085717272997755, 'color': 0.020180409781503462, 's1': 0.4055008301289817, 's2': 0.6661037983046949, 's3': 1.1202969495814818, 't0': 0.27087607855750323}","[[ 7.33738499e-02 -8.51522527e-03  4.84316642e-04 -6.11607766e-02
   6.67646345e-02 -6.91737151e-02]
 [-8.51522527e-03  4.03436038e-02 -3.48927523e-03  1.86662959e-02
  -3.13169766e-02  6.04322721e-02]
 [ 4.84316642e-04 -3.48927523e-03  4.07248939e-04 -8.22242465e-04
   1.26908027e-03 -2.83554358e-03]
 [-6.11607766e-02  1.86662959e-02 -8.22242465e-04  1.64430923e-01
  -8.60356734e-02  5.99168246e-02]
 [ 6.67646345e-02 -3.13169766e-02  1.26908027e-03 -8.60356734e-02
   4.43694270e-01  3.94955512e-01]
 [-6.91737151e-02  6.04322721e-02 -2.83554358e-03  5.99168246e-02
   3.94955512e-01  1.25506526e+00]]"
SN2005ff,"{'amplitude': 96.4493515705134, 'color': 0.10187606005987616, 's1': 0.3195919948765269, 's2': -0.5448979613100204, 's3': -0.4146658306326448, 't0': 53636.05530811762}","{'amplitude': 0.06272047616175964, 'color': 0.00787661721365129, 's1': 0.06075761834217405, 's2': 0.3230614222202172, 's3': 0.21039159906163812, 't0': 0.06525993881968198}","[[ 4.25885961e-03 -2.79833187e-04 -2.72903900e-05  1.01158852e-03
   1.04889450e-02  2.95001645e-03]
 [-2.79833187e-04  3.93385813e-03 -4.49985615e-04 -1.11636180e-03
  -7.47314633e-03 -3.70026220e-03]
 [-2.72903900e-05 -4.49985615e-04  6.20410987e-05 -5.13136671e-06
   4.69362526e-04  3.41140936e-04]
 [ 1.01158852e-03 -1.11636180e-03 -5.13136671e-06  3.69148819e-03
   1.19276418e-02  2.70147328e-03]
 [ 1.04889450e-02 -7.47314633e-03  4.69362526e-04  1.19276418e-02
   1.04368683e-01  2.98969371e-02]
 [ 2.95001645e-03 -3.70026220e-03  3.41140936e-04  2.70147328e-03
   2.98969371e-02  4.42646250e-02]]","{'amplitude': 96.39265984845916, 'color': 0.1047765430300029, 's1': 0.3207231673532524, 's2': -0.2860908359938028, 's3': -0.6830818787417612, 't0': 53636.118440840655}","{'amplitude': 0.08887816775874473, 'color': 0.009394144605472757, 's1': 0.07618724882239476, 's2': 0.42698260513588293, 's3': 0.4274278209206844, 't0': 0.07547681449167762}","[[ 5.69674953e-03 -1.05265112e-03 -6.24243635e-05  2.22371048e-03
   1.68437733e-02 -1.31653694e-02]
 [-1.05265112e-03  7.89932870e-03 -6.95412983e-04 -2.03138592e-03
  -2.20537040e-02  1.76290879e-02]
 [-6.24243635e-05 -6.95412983e-04  8.82499529e-05  3.57760159e-05
   9.19154550e-04 -4.00207330e-04]
 [ 2.22371048e-03 -2.03138592e-03  3.57760159e-05  5.80449688e-03
   1.62505671e-02 -1.47755845e-02]
 [ 1.68437733e-02 -2.20537040e-02  9.19154550e-04  1.62505671e-02
   1.82314145e-01 -1.08198089e-01]
 [-1.31653694e-02  1.76290879e-02 -4.00207330e-04 -1.47755845e-02
  -1.08198089e-01  1.82694542e-01]]"
SN2005fh,"{'amplitude': 98.0483060383989, 'color': -0.126833017917883, 's1': -0.4739187496746904, 's2': -1.903515436401311, 's3': 1.1707020152737815, 't0': 53633.65893130219}","{'amplitude': 0.07179928409283451, 'color': 0.011362600224351618, 's1': 0.1489513758810555, 's2': 0.791116036528245, 's3': 0.605934242781914, 't0': 0.09729656054052291}","[[ 9.46662069e-03  5.69860862e-04 -3.52393712e-04  5.02606787e-03
  -1.85650921e-02  1.69144814e-02]
 [ 5.69860862e-04  5.15513720e-03 -6.17171238e-04 -6.50816100e-04
  -1.19368663e-02  6.89129317e-03]
 [-3.52393712e-04 -6.17171238e-04  1.29108684e-04 -9.14091942e-04
   6.20483324e-03 -4.76755001e-03]
 [ 5.02606787e-03 -6.50816100e-04 -9.14091942e-04  2.21865124e-02
  -7.71829735e-02  6.47502540e-02]
 [-1.85650921e-02 -1.19368663e-02  6.20483324e-03 -7.71829735e-02
   6.25864583e-01 -4.45477493e-01]
 [ 1.69144814e-02  6.89129317e-03 -4.76755001e-03  6.47502540e-02
  -4.45477493e-01  3.67156307e-01]]","{'amplitude': 98.0000879060836, 'color': -0.1154290999604264, 's1': -0.5308991775724862, 's2': -1.404771746469622, 's3': 0.9245513261140641, 't0': 53633.705806339865}","{'amplitude': 0.12184074398130965, 'color': 0.02316338497559421, 's1': 0.1479361894699247, 's2': 1.1082711658086357, 's3': 0.6649725489227148, 't0': 0.08663989213773272}","[[ 7.50647091e-03 -5.73024082e-04  9.06484965e-05 -1.89757329e-04
   8.79852366e-03 -2.05643320e-03]
 [-5.73024082e-04  1.48451669e-02 -2.68331219e-03  9.39041512e-03
  -1.10074891e-01  5.88219131e-02]
 [ 9.06484965e-05 -2.68331219e-03  5.36542404e-04 -2.43249303e-03
   2.35788836e-02 -1.34845313e-02]
 [-1.89757329e-04  9.39041512e-03 -2.43249303e-03  2.18851162e-02
  -1.17174991e-01  8.23345943e-02]
 [ 8.79852366e-03 -1.10074891e-01  2.35788836e-02 -1.17174991e-01
   1.22826498e+00 -6.47878003e-01]
 [-2.05643320e-03  5.88219131e-02 -1.34845313e-02  8.23345943e-02
  -6.47878003e-01  4.42188491e-01]]"
SN2005fj,"{'amplitude': 99.16070076306805, 'color': 0.02960293754709972, 's1': -1.9065879809980997, 's2': 0.9498965491222847, 's3': -0.19635824978311442, 't0': 53624.46564588194}","{'amplitude': 0.1429882498876467, 'color': 0.017100228682366214, 's1': 0.25841420307263024, 's2': 0.4995298766684315, 's3': 0.7118427747824178, 't0': 0.6420553093327539}","[[ 4.12235020e-01  5.85927691e-04 -4.94828316e-06  9.22202484e-02
   1.76256827e-01 -2.38770099e-01]
 [ 5.85927691e-04  2.04456396e-02 -1.97583254e-03  7.68132812e-04
  -1.23446352e-02 -3.53441666e-02]
 [-4.94828316e-06 -1.97583254e-03  2.92417821e-04  9.02547742e-04
  -2.16621449e-03  3.13865473e-03]
 [ 9.22202484e-02  7.68132812e-04  9.02547742e-04  6.67779003e-02
   5.63144563e-03 -5.73174510e-02]
 [ 1.76256827e-01 -1.23446352e-02 -2.16621449e-03  5.63144563e-03
   2.49530098e-01 -1.02118501e-01]
 [-2.38770099e-01 -3.53441666e-02  3.13865473e-03 -5.73174510e-02
  -1.02118501e-01  5.06720136e-01]]","{'amplitude': 99.22419822954089, 'color': 0.032106168272733215, 's1': -1.7625303540413482, 's2': 0.38152970247534396, 's3': -0.25131079316970106, 't0': 53624.56779511317}","{'amplitude': 0.14231792721362752, 'color': 0.018543511096587084, 's1': 0.3013849444560206, 's2': 0.5516937173137018, 's3': 0.7413549550170642, 't0': 0.5672129904284227}","[[ 3.21730577e-01  1.31845016e-03  2.92496749e-03  9.51401744e-02
  -3.29099661e-02 -1.86344194e-01]
 [ 1.31845016e-03  2.02543924e-02 -2.26652854e-03 -1.10420051e-03
  -1.44423621e-02 -1.96240479e-02]
 [ 2.92496749e-03 -2.26652854e-03  3.43861804e-04  1.60038232e-03
  -4.34037263e-04  5.40020971e-04]
 [ 9.51401744e-02 -1.10420051e-03  1.60038232e-03  9.08328847e-02
  -4.15288501e-02 -2.25819405e-02]
 [-3.29099661e-02 -1.44423621e-02 -4.34037263e-04 -4.15288501e-02
   3.04365958e-01 -1.36961112e-01]
 [-1.86344194e-01 -1.96240479e-02  5.40020971e-04 -2.25819405e-02
  -1.36961112e-01  5.49607169e-01]]"
SN2005fm,"{'amplitude': 99.65023381038083, 'color': -0.10123975511019977, 's1': -0.9889271131972033, 's2': -1.6118014172222537, 's3': 0.18251713242999612, 't0': 53637.41957176149}","{'amplitude': 0.10579108050678525, 'color': 0.01285201535698023, 's1': 0.25917897631087405, 's2': 0.5142061612131794, 's3': 0.4032499231314169, 't0': 0.12787223988300606}","[[ 1.63513097e-02 -3.79355647e-04  7.58458697e-07  7.66134690e-03
   2.65728463e-02  1.46185928e-02]
 [-3.79355647e-04  1.11917527e-02 -1.28211638e-03 -6.06470577e-03
   9.74983401e-03 -6.25146888e-03]
 [ 7.58458697e-07 -1.28211638e-03  1.65174299e-04  8.47895470e-04
  -7.83657395e-04 -2.10323559e-04]
 [ 7.66134690e-03 -6.06470577e-03  8.47895470e-04  6.71737418e-02
   3.46153668e-02  5.09077836e-02]
 [ 2.65728463e-02  9.74983401e-03 -7.83657395e-04  3.46153668e-02
   2.64407976e-01  2.85520191e-02]
 [ 1.46185928e-02 -6.25146888e-03 -2.10323559e-04  5.09077836e-02
   2.85520191e-02  1.62610501e-01]]","{'amplitude': 99.70299816791538, 'color': -0.10700088672762459, 's1': -1.1064743728509898, 's2': -1.3082815587928756, 's3': -0.11641556025293787, 't0': 53637.35316116873}","{'amplitude': 0.11130516997891397, 'color': 0.014276686392235418, 's1': 0.37733822190422617, 's2': 0.8590187142887081, 's3': 0.5898703338980485, 't0': 0.1760236939152199}","[[ 3.09843408e-02 -2.58022768e-04 -1.31814340e-05  1.15909093e-02
   6.47854680e-02  3.51041359e-02]
 [-2.58022768e-04  1.23888409e-02 -1.45325107e-03 -1.43220930e-02
  -3.32317377e-03 -7.23155898e-03]
 [-1.31814340e-05 -1.45325107e-03  2.03823774e-04  2.48194311e-03
   1.38095624e-03 -4.82981678e-04]
 [ 1.15909093e-02 -1.43220930e-02  2.48194311e-03  1.42384134e-01
   1.38294799e-01  3.79279351e-02]
 [ 6.47854680e-02 -3.32317377e-03  1.38095624e-03  1.38294799e-01
   7.37913151e-01 -5.30093733e-02]
 [ 3.51041359e-02 -7.23155898e-03 -4.82981678e-04  3.79279351e-02
  -5.30093733e-02  3.47947011e-01]]"
SN2005ft,"{'amplitude': 100.05078868784919, 'color': 0.026104566823600992, 's1': -0.514372276183222, 's2': 0.2952705023716009, 's3': -0.8725121887733865, 't0': 53637.56295723216}","{'amplitude': 0.18625869567099254, 'color': 0.01757083246975083, 's1': 0.2680215155574732, 's2': 0.6961675377518525, 's3': 0.7544960956765849, 't0': 0.25295576305974765}","[[ 6.39866181e-02  1.51772325e-03 -1.64629404e-04 -2.17152136e-02
   1.38355473e-02 -4.60157864e-02]
 [ 1.51772325e-03  3.46923017e-02 -2.78596274e-03  2.25993787e-04
  -6.68812421e-02  7.01209282e-03]
 [-1.64629404e-04 -2.78596274e-03  3.08734154e-04 -1.53948252e-04
   2.09657550e-03  5.47621859e-04]
 [-2.17152136e-02  2.25993787e-04 -1.53948252e-04  7.18355328e-02
  -1.52026436e-02  5.66306798e-02]
 [ 1.38355473e-02 -6.68812421e-02  2.09657550e-03 -1.52026436e-02
   4.84649241e-01  8.31533341e-02]
 [-4.60157864e-02  7.01209282e-03  5.47621859e-04  5.66306798e-02
   8.31533341e-02  5.69264358e-01]]","{'amplitude': 99.94159213818858, 'color': 0.03523902106195614, 's1': -0.36635129602293826, 's2': 0.48834659243037065, 's3': -0.16694287487143986, 't0': 53637.44864156747}","{'amplitude': 0.20350643968232707, 'color': 0.018476944436393118, 's1': 0.3283809593286115, 's2': 0.9042132019444145, 's3': 0.8294053299329125, 't0': 0.2575567058286568}","[[ 6.63354567e-02  6.77232974e-03 -2.30895568e-04 -2.27070859e-02
  -1.53979352e-03 -6.30527965e-02]
 [ 6.77232974e-03  4.14148710e-02 -3.11475656e-03 -1.21300927e-02
  -1.03149378e-01 -3.39692361e-02]
 [-2.30895568e-04 -3.11475656e-03  3.41397476e-04  1.00510571e-03
   3.51765128e-03  2.80861789e-03]
 [-2.27070859e-02 -1.21300927e-02  1.00510571e-03  1.07834054e-01
  -7.58445833e-02  7.15382605e-02]
 [-1.53979352e-03 -1.03149378e-01  3.51765128e-03 -7.58445833e-02
   8.17601515e-01  1.04732463e-02]
 [-6.30527965e-02 -3.39692361e-02  2.80861789e-03  7.15382605e-02
   1.04732463e-02  6.87913201e-01]]"
SN2005fu,"{'amplitude': 101.32494633065997, 'color': -0.07836367850045409, 's1': -0.2977372040634978, 's2': 0.3398433085539897, 's3': 0.8469491030002344, 't0': 53635.47718411199}","{'amplitude': 0.20400241596318905, 'color': 0.023012885285234187, 's1': 0.4281917560712834, 's2': 0.6790259845416772, 's3': 0.6909452332817866, 't0': 0.3195600611899952}","[[ 0.10211863 -0.02266215  0.00229882  0.04495006  0.02860829  0.04132822]
 [-0.02266215  0.04161699 -0.00420827 -0.0294294  -0.03159837 -0.03432541]
 [ 0.00229882 -0.00420827  0.00052959  0.00120877 -0.00048783  0.00136123]
 [ 0.04495006 -0.0294294   0.00120877  0.18334818  0.00756305  0.09532456]
 [ 0.02860829 -0.03159837 -0.00048783  0.00756305  0.46107629  0.03319684]
 [ 0.04132822 -0.03432541  0.00136123  0.09532456  0.03319684  0.47740532]]","{'amplitude': 101.29360001602717, 'color': -0.07678325936595229, 's1': -0.4560544672511577, 's2': 0.5716764975241208, 's3': 0.39233051020126786, 't0': 53635.51354366652}","{'amplitude': 0.24861838720829177, 'color': 0.025110826997136036, 's1': 0.4741505747006911, 's2': 0.952719338276017, 's3': 0.8277569770330078, 't0': 0.365523120715199}","[[ 1.33607152e-01 -2.13338929e-02  1.61870197e-03  2.45841058e-02
   6.43627550e-02  2.56667338e-02]
 [-2.13338929e-02  6.18111025e-02 -5.41022401e-03 -1.70372218e-02
  -1.16480752e-01 -4.44083051e-02]
 [ 1.61870197e-03 -5.41022401e-03  6.30553632e-04  1.82248214e-03
   3.33717418e-03  1.54627843e-03]
 [ 2.45841058e-02 -1.70372218e-02  1.82248214e-03  2.24818767e-01
  -1.25355281e-01  6.57496665e-02]
 [ 6.43627550e-02 -1.16480752e-01  3.33717418e-03 -1.25355281e-01
   9.07674138e-01  1.58676875e-01]
 [ 2.56667338e-02 -4.44083051e-02  1.54627843e-03  6.57496665e-02
   1.58676875e-01  6.85181613e-01]]"
SN2005fv,"{'amplitude': 97.95809420120457, 'color': 0.11372209118797288, 's1': 0.08622932558616277, 's2': -0.7924672014680069, 's3': 0.3064218679357334, 't0': 53639.8214043218}","{'amplitude': 0.09210884407094766, 'color': 0.01191310195284022, 's1': 0.12003762406391467, 's2': 0.3947952971840336, 's3': 0.2941743340836713, 't0': 0.1076357663870887}","[[ 1.15854582e-02  4.23550632e-04 -7.42177755e-05  1.49038716e-03
   6.53829071e-03  1.84737391e-03]
 [ 4.23550632e-04  8.48403916e-03 -1.03728567e-03 -2.57323495e-03
  -1.34365560e-02  3.09075779e-03]
 [-7.42177755e-05 -1.03728567e-03  1.41921998e-04  7.11619210e-05
   1.85254585e-03 -1.01507345e-03]
 [ 1.49038716e-03 -2.57323495e-03  7.11619210e-05  1.44090312e-02
   1.56083309e-02  1.91852207e-03]
 [ 6.53829071e-03 -1.34365560e-02  1.85254585e-03  1.56083309e-02
   1.55863327e-01 -4.47940930e-02]
 [ 1.84737391e-03  3.09075779e-03 -1.01507345e-03  1.91852207e-03
  -4.47940930e-02  8.65385388e-02]]","{'amplitude': 97.93492120842072, 'color': 0.11631722710792679, 's1': 0.1861807640095559, 's2': -0.227923380446699, 's3': -0.2600223448874879, 't0': 53639.81432611813}","{'amplitude': 0.09850184159423592, 'color': 0.011529716430792718, 's1': 0.11456115263243352, 's2': 0.4077102653688506, 's3': 0.4927304808164655, 't0': 0.11973881114618184}","[[ 1.43373829e-02 -1.44850085e-03  7.57388060e-05  5.83889021e-04
   3.65030416e-03  1.33651340e-02]
 [-1.44850085e-03  9.70261280e-03 -1.03066894e-03 -2.87616659e-03
  -1.61908282e-02 -2.30157134e-03]
 [ 7.57388060e-05 -1.03066894e-03  1.32934361e-04 -7.86923617e-06
   8.20853084e-04 -6.39183601e-05]
 [ 5.83889021e-04 -2.87616659e-03 -7.86923617e-06  1.31242577e-02
   2.18465750e-02  4.06518443e-03]
 [ 3.65030416e-03 -1.61908282e-02  8.20853084e-04  2.18465750e-02
   1.66227660e-01 -5.45116605e-02]
 [ 1.33651340e-02 -2.30157134e-03 -6.39183601e-05  4.06518443e-03
  -5.45116605e-02  2.42783327e-01]]"
SN2005fw,"{'amplitude': 99.21753580634206, 'color': -0.0068438440531448305, 's1': -1.2130121297313834, 's2': -0.03600650409004978, 's3': -0.9770645587926243, 't0': 53640.71893075181}","{'amplitude': 0.1032865481056671, 'color': 0.011931108069642978, 's1': 0.20690838661860442, 's2': 0.2812537584437622, 's3': 0.604424831199032, 't0': 0.1616340001959846}","[[ 2.61255500e-02 -3.81952165e-03 -4.83983449e-05  5.34178762e-03
   2.31717537e-02 -3.15967584e-02]
 [-3.81952165e-03  1.06681110e-02 -1.01613003e-03 -7.16250299e-03
  -8.69360785e-03  2.02755577e-02]
 [-4.83983449e-05 -1.01613003e-03  1.42351340e-04  8.34623125e-04
   4.81145795e-05  9.53531326e-04]
 [ 5.34178762e-03 -7.16250299e-03  8.34623125e-04  4.28110805e-02
   1.21432040e-02  1.63761237e-02]
 [ 2.31717537e-02 -8.69360785e-03  4.81145795e-05  1.21432040e-02
   7.91036766e-02 -7.40192120e-02]
 [-3.15967584e-02  2.02755577e-02  9.53531326e-04  1.63761237e-02
  -7.40192120e-02  3.65329377e-01]]","{'amplitude': 99.08382511317619, 'color': -0.004658909772637327, 's1': -1.2468929618092688, 's2': 0.7417792098823109, 's3': -0.45647826110418327, 't0': 53640.74301269796}","{'amplitude': 0.15361261379613442, 'color': 0.014344484767180901, 's1': 0.24640984560539458, 's2': 0.9258517921403878, 's3': 0.8772375230806375, 't0': 0.2052942681646014}","[[ 4.21457365e-02 -6.42116977e-03  4.52227417e-05 -1.64535655e-02
   1.14582921e-01  6.29440863e-02]
 [-6.42116977e-03  2.35968351e-02 -1.51656140e-03  2.41121565e-03
  -8.02076356e-02 -7.02953930e-03]
 [ 4.52227417e-05 -1.51656140e-03  2.05764243e-04  9.29986873e-04
   1.13595280e-03  7.32555568e-05]
 [-1.64535655e-02  2.41121565e-03  9.29986873e-04  6.07178120e-02
  -1.01728724e-01 -5.67264285e-02]
 [ 1.14582921e-01 -8.02076356e-02  1.13595280e-03 -1.01728724e-01
   8.57201541e-01  3.40438917e-01]
 [ 6.29440863e-02 -7.02953930e-03  7.32555568e-05 -5.67264285e-02
   3.40438917e-01  7.69545672e-01]]"
SN2005fy,"{'amplitude': 100.54354272282355, 'color': 0.09834612425132212, 's1': -1.6722710850620308, 's2': -1.500553335486325, 's3': -1.089719608291242, 't0': 53634.84295702187}","{'amplitude': 0.24691910004434844, 'color': 0.029286825978121402, 's1': 0.7319160698255177, 's2': 0.8810638639543368, 's3': 1.0210662974264155, 't0': 0.4860272622487585}","[[ 2.36222500e-01  9.10022213e-03  1.19128290e-03  5.64394752e-02
   5.18954061e-02  2.41959556e-01]
 [ 9.10022213e-03  6.09690420e-02 -6.68396477e-03 -6.15715496e-02
  -7.55344214e-02  1.80669912e-02]
 [ 1.19128290e-03 -6.68396477e-03  8.57718176e-04  9.12747774e-03
   6.89683744e-03  2.08649469e-03]
 [ 5.64394752e-02 -6.15715496e-02  9.12747774e-03  5.35701133e-01
   3.78601186e-01  1.74924252e-01]
 [ 5.18954061e-02 -7.55344214e-02  6.89683744e-03  3.78601186e-01
   7.76273532e-01  2.35875606e-01]
 [ 2.41959556e-01  1.80669912e-02  2.08649469e-03  1.74924252e-01
   2.35875606e-01  1.04257638e+00]]","{'amplitude': 100.5491838165975, 'color': 0.09820694014900216, 's1': -1.5808740623685829, 's2': -1.5912961891162665, 's3': -1.3755946557977616, 't0': 53634.77621503925}","{'amplitude': 0.23914854705136485, 'color': 0.028853888574485634, 's1': 0.6911874400361104, 's2': 0.7378231599765344, 's3': 0.947250661405545, 't0': 0.4641610886611262}","[[ 2.15445516e-01  8.09734839e-03  1.45524097e-03  3.30399598e-02
   7.03069869e-04  1.82963553e-01]
 [ 8.09734839e-03  5.71920276e-02 -6.31549771e-03 -2.50654586e-02
  -4.93031506e-02  3.79706004e-02]
 [ 1.45524097e-03 -6.31549771e-03  8.32546886e-04  6.25216582e-03
   4.96957664e-03  1.45526725e-03]
 [ 3.30399598e-02 -2.50654586e-02  6.25216582e-03  4.77740077e-01
   2.49292523e-01  1.61690665e-01]
 [ 7.03069869e-04 -4.93031506e-02  4.96957664e-03  2.49292523e-01
   5.44383015e-01  1.67365183e-01]
 [ 1.82963553e-01  3.79706004e-02  1.45526725e-03  1.61690665e-01
   1.67365183e-01  8.97283816e-01]]"
SN2005fz,"{'amplitude': 97.81420909410807, 'color': 0.147028732333305, 's1': 0.9023677472540127, 's2': -1.1746797814467775, 's3': -1.7105831835217613, 't0': 53644.31196800743}","{'amplitude': 0.22637357898681998, 'color': 0.02235346950468699, 's1': 0.2980090681622696, 's2': 0.7734084973512039, 's3': 0.7292849648847808, 't0': 0.36341739873509254}","[[ 1.32072206e-01  1.73312231e-02 -1.05434717e-03 -1.06600178e-02
  -5.54803661e-02  1.72775175e-01]
 [ 1.73312231e-02  5.12449973e-02 -3.49103360e-03 -3.55048395e-02
   6.95394968e-02  7.94982124e-02]
 [-1.05434717e-03 -3.49103360e-03  4.99677599e-04 -7.60476153e-04
  -1.26441256e-03 -1.34868682e-03]
 [-1.06600178e-02 -3.55048395e-02 -7.60476153e-04  8.88094047e-02
  -1.48431840e-01 -6.28214168e-02]
 [-5.54803661e-02  6.95394968e-02 -1.26441256e-03 -1.48431840e-01
   5.98160704e-01 -3.33994450e-02]
 [ 1.72775175e-01  7.94982124e-02 -1.34868682e-03 -6.28214168e-02
  -3.33994450e-02  5.31856560e-01]]","{'amplitude': 97.78738382516357, 'color': 0.1511366588516221, 's1': 0.9193170031758454, 's2': -1.9454475419997064, 's3': -0.866007917658922, 't0': 53644.5445349447}","{'amplitude': 0.2650294084322786, 'color': 0.026029576095104003, 's1': 0.33533862177359286, 's2': 0.9721680855401175, 's3': 1.0536475893564783, 't0': 0.40466513579300084}","[[ 1.63753872e-01  2.60372426e-02 -2.06288422e-03 -1.59999575e-02
  -1.76605723e-01  2.78103596e-01]
 [ 2.60372426e-02  7.02405873e-02 -4.68690506e-03 -5.86126353e-02
   9.86457118e-02  1.14787336e-01]
 [-2.06288422e-03 -4.68690506e-03  6.77538832e-04 -3.48838714e-04
  -1.23151014e-03 -8.68538488e-03]
 [-1.59999575e-02 -5.86126353e-02 -3.48838714e-04  1.12451991e-01
  -1.58121365e-01 -9.39558648e-02]
 [-1.76605723e-01  9.86457118e-02 -1.23151014e-03 -1.58121365e-01
   9.45110787e-01 -4.34580872e-01]
 [ 2.78103596e-01  1.14787336e-01 -8.68538488e-03 -9.39558648e-02
  -4.34580872e-01  1.11017324e+00]]"
SN2005ga,"{'amplitude': 100.31407420260778, 'color': -0.06434223880786817, 's1': -0.14927362139932784, 's2': -0.2873114975505931, 's3': -0.7292726847586739, 't0': 53648.257950518215}","{'amplitude': 0.12703193100134205, 'color': 0.015568287960467636, 's1': 0.193788108106824, 's2': 0.3313419971778124, 's3': 0.5549320681341948, 't0': 0.13278790797007817}","[[ 1.76326285e-02  4.23250446e-04 -1.40245167e-04 -3.84079371e-03
  -3.31601608e-03 -4.18176099e-03]
 [ 4.23250446e-04  1.61371115e-02 -1.80595788e-03  3.72776987e-03
  -2.79399178e-03 -4.48796473e-04]
 [-1.40245167e-04 -1.80595788e-03  2.42371590e-04 -9.85958883e-04
  -7.85636627e-04  1.94333696e-03]
 [-3.84079371e-03  3.72776987e-03 -9.85958883e-04  3.75538308e-02
   4.87299287e-03 -1.25757069e-02]
 [-3.31601608e-03 -2.79399178e-03 -7.85636627e-04  4.87299287e-03
   1.09787519e-01 -2.81231812e-03]
 [-4.18176099e-03 -4.48796473e-04  1.94333696e-03 -1.25757069e-02
  -2.81231812e-03  3.07949600e-01]]","{'amplitude': 100.26556180703597, 'color': -0.05654149292301264, 's1': -0.17038823380413357, 's2': -0.9831511539183017, 's3': -0.010674915541801056, 't0': 53648.27530607367}","{'amplitude': 0.13281443883665997, 'color': 0.017434657044027205, 's1': 0.21959279197291187, 's2': 0.6601652864435669, 's3': 0.49906366967060206, 't0': 0.1415441009290723}","[[ 2.00347325e-02 -3.12159866e-04 -1.74029918e-04  2.50841268e-04
  -1.94375201e-02  1.96280043e-03]
 [-3.12159866e-04  1.76396752e-02 -2.14944646e-03 -3.27792940e-04
  -1.67061763e-02  5.31941946e-03]
 [-1.74029918e-04 -2.14944646e-03  3.03967266e-04 -1.02757828e-03
   4.53300772e-03 -8.36806911e-04]
 [ 2.50841268e-04 -3.27792940e-04 -1.02757828e-03  4.82209943e-02
  -5.35707356e-02 -3.09427232e-02]
 [-1.94375201e-02 -1.67061763e-02  4.53300772e-03 -5.35707356e-02
   4.35818205e-01 -5.84753462e-02]
 [ 1.96280043e-03  5.31941946e-03 -8.36806911e-04 -3.09427232e-02
  -5.84753462e-02  2.49064546e-01]]"
SN2005gb,"{'amplitude': 96.61774544941986, 'color': -0.04455995232269663, 's1': 0.24567276182618206, 's2': -0.10271114170705223, 's3': 0.45520975641305306, 't0': 53645.75531250495}","{'amplitude': 0.03498698152947721, 'color': 0.0048454955062598075, 's1': 0.04327307338329201, 's2': 0.06972078355396949, 's3': 0.09408453556729308, 't0': 0.04634135654218701}","[[ 2.14752133e-03 -9.01429988e-05 -2.09732059e-05  5.26657000e-04
   7.42365096e-05  5.76952492e-04]
 [-9.01429988e-05  1.22408888e-03 -1.49682167e-04 -1.60483349e-05
  -2.09379548e-04 -1.98508134e-04]
 [-2.09732059e-05 -1.49682167e-04  2.34788267e-05 -7.48128630e-05
  -4.34550698e-05 -3.51966440e-05]
 [ 5.26657000e-04 -1.60483349e-05 -7.48128630e-05  1.87255888e-03
   6.63139518e-04  9.07117875e-04]
 [ 7.42365096e-05 -2.09379548e-04 -4.34550698e-05  6.63139518e-04
   4.86098766e-03 -1.61169214e-03]
 [ 5.76952492e-04 -1.98508134e-04 -3.51966440e-05  9.07117875e-04
  -1.61169214e-03  8.85189983e-03]]","{'amplitude': 96.68235454391007, 'color': -0.05338480460754047, 's1': 0.2399549001277253, 's2': -0.2912536442909143, 's3': 0.5818637847006128, 't0': 53645.76732625983}","{'amplitude': 0.055122771858389014, 'color': 0.008248109246978432, 's1': 0.05069846015644382, 's2': 0.1595040128200929, 's3': 0.153088745485918, 't0': 0.052075901944166114}","[[ 2.71189956e-03  1.28929183e-04 -7.08439328e-05  9.13131255e-04
  -4.82630919e-04  1.45395107e-03]
 [ 1.28929183e-04  3.03851998e-03 -4.32658160e-04  5.27983315e-04
  -5.46067398e-03  4.85294181e-03]
 [-7.08439328e-05 -4.32658160e-04  6.80313062e-05 -1.78845474e-04
   8.12500255e-04 -8.38635465e-04]
 [ 9.13131255e-04  5.27983315e-04 -1.78845474e-04  2.57033386e-03
  -1.09585313e-03  2.69991229e-03]
 [-4.82630919e-04 -5.46067398e-03  8.12500255e-04 -1.09585313e-03
   2.54415301e-02 -1.92949391e-02]
 [ 1.45395107e-03  4.85294181e-03 -8.38635465e-04  2.69991229e-03
  -1.92949391e-02  2.34361640e-02]]"
SN2005gc,"{'amplitude': 99.638523795406, 'color': -0.002318024009365041, 's1': -0.639414299558827, 's2': 0.622588265074209, 's3': -0.9861731759562701, 't0': 53649.55138169898}","{'amplitude': 0.17812503177923786, 'color': 0.016243834234633273, 's1': 0.2670707183138462, 's2': 0.5934240841716973, 's3': 0.5931373075108043, 't0': 0.19048566414896728}","[[ 3.62847882e-02 -1.42292474e-02  7.67223461e-04 -3.06291903e-02
   5.41899958e-02 -2.65122409e-02]
 [-1.42292474e-02  3.17285269e-02 -2.53979981e-03  2.07824396e-02
  -6.55908911e-02  3.19241379e-02]
 [ 7.67223461e-04 -2.53979981e-03  2.63862151e-04 -1.78434243e-03
   3.39554152e-03 -1.64380546e-03]
 [-3.06291903e-02  2.07824396e-02 -1.78434243e-03  7.13267686e-02
  -9.50523060e-02 -1.05520300e-02]
 [ 5.41899958e-02 -6.55908911e-02  3.39554152e-03 -9.50523060e-02
   3.52152144e-01  7.09822479e-02]
 [-2.65122409e-02  3.19241379e-02 -1.64380546e-03 -1.05520300e-02
   7.09822479e-02  3.51811866e-01]]","{'amplitude': 99.6473942122734, 'color': -0.0017404878391734878, 's1': -0.6314851465511319, 's2': 0.2948756667540398, 's3': -0.6773327151667575, 't0': 53649.5245786125}","{'amplitude': 0.3140273761189733, 'color': 0.023750866550764284, 's1': 0.25988723076138764, 's2': 0.9797260416315537, 's3': 0.8740608529129706, 't0': 0.27631584326564573}","[[ 7.63504452e-02 -6.79962026e-02  4.24565403e-03 -4.82600036e-02
   1.89134175e-01 -1.43950641e-01]
 [-6.79962026e-02  9.86131930e-02 -6.92549907e-03  5.00431782e-02
  -2.52317927e-01  1.74244052e-01]
 [ 4.24565403e-03 -6.92549907e-03  5.64103662e-04 -3.88515740e-03
   1.69428613e-02 -1.11464430e-02]
 [-4.82600036e-02  5.00431782e-02 -3.88515740e-03  6.75413727e-02
  -1.34455039e-01  8.79818370e-02]
 [ 1.89134175e-01 -2.52317927e-01  1.69428613e-02 -1.34455039e-01
   9.59863117e-01 -6.07591165e-01]
 [-1.43950641e-01  1.74244052e-01 -1.11464430e-02  8.79818370e-02
  -6.07591165e-01  7.63982375e-01]]"
SN2005gd,"{'amplitude': 99.71827687139877, 'color': 0.015137239693198029, 's1': 0.41783011582851914, 's2': -0.13445007340805637, 's3': 0.07524796799824983, 't0': 53647.177476748555}","{'amplitude': 0.12267869730366411, 'color': 0.013998538318280629, 's1': 0.11032040699242966, 's2': 0.34848560544792967, 's3': 0.4692877406169136, 't0': 0.17467058597660415}","[[ 3.05098136e-02  9.14727085e-05 -1.90172444e-04 -9.70185512e-04
  -2.11897598e-02  1.22313816e-02]
 [ 9.14727085e-05  1.50500628e-02 -1.58416442e-03 -1.66789255e-03
  -2.87938421e-05 -1.53923292e-02]
 [-1.90172444e-04 -1.58416442e-03  1.95959075e-04 -2.06303580e-04
  -6.12803584e-04  1.36454355e-03]
 [-9.70185512e-04 -1.66789255e-03 -2.06303580e-04  1.21705922e-02
   9.33612664e-03  4.20052333e-03]
 [-2.11897598e-02 -2.87938421e-05 -6.12803584e-04  9.33612664e-03
   1.21442217e-01  3.52750765e-03]
 [ 1.22313816e-02 -1.53923292e-02  1.36454355e-03  4.20052333e-03
   3.52750765e-03  2.20230983e-01]]","{'amplitude': 99.71813627327455, 'color': 0.006731638037756879, 's1': 0.49817975254138, 's2': -0.5962584462820015, 's3': 0.5434139416307903, 't0': 53647.232037028356}","{'amplitude': 0.1767832688683285, 'color': 0.01744043721275128, 's1': 0.178399297504195, 's2': 0.7323138217208721, 's3': 0.44157098612128565, 't0': 0.27036275370830576}","[[ 7.30960186e-02  2.62509440e-02 -1.45735596e-03 -2.88008863e-02
  -1.23875943e-01 -5.77567893e-02]
 [ 2.62509440e-02  3.12523242e-02 -2.24609733e-03 -1.80740696e-02
  -5.85515879e-02 -4.16270004e-02]
 [-1.45735596e-03 -2.24609733e-03  3.04168850e-04 -4.95280767e-05
   4.52859743e-03  4.28650743e-04]
 [-2.88008863e-02 -1.80740696e-02 -4.95280767e-05  3.18263093e-02
   6.52467853e-02  4.84404518e-02]
 [-1.23875943e-01 -5.85515879e-02  4.52859743e-03  6.52467853e-02
   5.36283533e-01  7.29057010e-02]
 [-5.77567893e-02 -4.16270004e-02  4.28650743e-04  4.84404518e-02
   7.29057010e-02  1.94984936e-01]]"
SN2005gp,"{'amplitude': 97.5857122809849, 'color': 0.1945075648747106, 's1': 0.5180760454143466, 's2': 0.7609824405046742, 's3': -1.4821711431264182, 't0': 53641.813180863544}","{'amplitude': 0.3135795021270332, 'color': 0.01902071796938145, 's1': 0.11173244321110162, 's2': 0.6291566202241982, 's3': 0.833498059517867, 't0': 0.23266038614433976}","[[ 5.41308553e-02 -4.78258813e-03  7.77088329e-04 -1.24024963e-02
  -2.67049163e-02 -5.28748325e-02]
 [-4.78258813e-03  9.83321042e-02 -4.95666580e-03  1.80226219e-02
  -1.35287865e-01  2.06936922e-01]
 [ 7.77088329e-04 -4.95666580e-03  3.61787712e-04 -9.60960685e-04
   4.42658389e-03 -9.30254091e-03]
 [-1.24024963e-02  1.80226219e-02 -9.60960685e-04  1.24841389e-02
  -2.36052168e-02  5.49882001e-02]
 [-2.67049163e-02 -1.35287865e-01  4.42658389e-03 -2.36052168e-02
   3.95838053e-01 -2.26823358e-01]
 [-5.28748325e-02  2.06936922e-01 -9.30254091e-03  5.49882001e-02
  -2.26823358e-01  6.94719015e-01]]","{'amplitude': 97.87194289893726, 'color': 0.18477414690507227, 's1': 0.6209595901879492, 's2': 0.10088894744920807, 's3': -0.32467184567938684, 't0': 53641.78539663119}","{'amplitude': 0.18243036099465354, 'color': 0.017812144724906057, 's1': 0.0934185996620534, 's2': 0.6428516892017497, 's3': 0.624438956447231, 't0': 0.20777711921290098}","[[ 4.31713313e-02  4.46427874e-03  3.97041284e-04 -6.66762125e-03
  -4.20341519e-02 -2.36516850e-04]
 [ 4.46427874e-03  3.32808366e-02 -2.62065035e-03  3.99039150e-03
  -6.99739060e-02  6.27983036e-02]
 [ 3.97041284e-04 -2.62065035e-03  3.17272500e-04 -3.89012989e-04
   2.15028527e-03 -3.15748438e-03]
 [-6.66762125e-03  3.99039150e-03 -3.89012989e-04  8.72703476e-03
  -1.28071604e-02  3.55857665e-02]
 [-4.20341519e-02 -6.99739060e-02  2.15028527e-03 -1.28071604e-02
   4.13258294e-01 -2.89276766e-01]
 [-2.36516850e-04  6.27983036e-02 -3.15748438e-03  3.55857665e-02
  -2.89276766e-01  3.89924010e-01]]"
SN2005gx,"{'amplitude': 99.67826212684463, 'color': 0.004806389308826904, 's1': 0.022666966629114292, 's2': 0.7621969160696369, 's3': -0.9652747246777331, 't0': 53655.2754881431}","{'amplitude': 0.18036780411032505, 'color': 0.01691362712369795, 's1': 0.17542328586386582, 's2': 0.4881499542314819, 's3': 0.49782750760610145, 't0': 0.14856559206603365}","[[ 2.20717351e-02 -8.46463148e-04 -5.51058940e-06 -5.17188421e-03
   1.15119565e-02 -1.30125305e-03]
 [-8.46463148e-04  3.25325448e-02 -2.47533753e-03  1.33335330e-02
  -4.23153867e-02  3.08499965e-02]
 [-5.51058940e-06 -2.47533753e-03  2.86070782e-04 -8.75034881e-04
   3.59545776e-04 -1.10380515e-03]
 [-5.17188421e-03  1.33335330e-02 -8.75034881e-04  3.07733292e-02
  -4.23587061e-02  2.51588732e-02]
 [ 1.15119565e-02 -4.23153867e-02  3.59545776e-04 -4.23587061e-02
   2.38290378e-01  1.90555231e-03]
 [-1.30125305e-03  3.08499965e-02 -1.10380515e-03  2.51588732e-02
   1.90555231e-03  2.47832227e-01]]","{'amplitude': 99.63857385188172, 'color': 0.010742818999918068, 's1': 0.10181447475009255, 's2': 0.7039869470034866, 's3': -0.5709642634911668, 't0': 53655.237221058}","{'amplitude': 0.17797395043521297, 'color': 0.016497181730305427, 's1': 0.178796195147878, 's2': 0.6730258428675199, 's3': 0.5434884167515426, 't0': 0.15418993887945298}","[[ 2.37745373e-02 -1.29825748e-03  3.17029492e-04 -9.83012904e-03
   8.64530832e-03 -1.27526345e-02]
 [-1.29825748e-03  3.16747270e-02 -2.15801445e-03  8.17214030e-03
  -6.81326536e-02  1.48966905e-02]
 [ 3.17029492e-04 -2.15801445e-03  2.72157005e-04 -5.53400604e-04
  -2.02213435e-04  2.59632213e-04]
 [-9.83012904e-03  8.17214030e-03 -5.53400604e-04  3.19680794e-02
  -3.85152049e-02  4.01572953e-02]
 [ 8.64530832e-03 -6.81326536e-02 -2.02213435e-04 -3.85152049e-02
   4.52963785e-01 -9.67213025e-02]
 [-1.27526345e-02  1.48966905e-02  2.59632213e-04  4.01572953e-02
  -9.67213025e-02  2.95379659e-01]]"
SN2005ho,"{'amplitude': 94.40777924034371, 'color': -0.018857655175287976, 's1': -0.27279375607079875, 's2': 0.48919953038121894, 's3': 1.8261975851244918, 't0': 53657.266937783315}","{'amplitude': 0.03574511379611448, 'color': 0.005444794234869445, 's1': 0.05394365350181357, 's2': 0.09454353140523356, 's3': 0.10733747585753295, 't0': 0.05635975791902507}","[[ 3.17642231e-03 -3.96030579e-06  4.94205169e-05  1.34324493e-03
  -2.76786556e-03 -1.60122802e-03]
 [-3.96030579e-06  1.27771316e-03 -1.81046425e-04  3.40491673e-05
  -3.03369551e-04  1.05696186e-03]
 [ 4.94205169e-05 -1.81046425e-04  2.96457843e-05  4.98028276e-05
  -9.77137823e-05 -2.95676565e-04]
 [ 1.34324493e-03  3.40491673e-05  4.98028276e-05  2.90991775e-03
  -3.96377024e-03 -4.72262709e-03]
 [-2.76786556e-03 -3.03369551e-04 -9.77137823e-05 -3.96377024e-03
   8.93847933e-03  7.54207539e-03]
 [-1.60122802e-03  1.05696186e-03 -2.95676565e-04 -4.72262709e-03
   7.54207539e-03  1.15213337e-02]]","{'amplitude': 94.32391608605275, 'color': -0.005610841326363486, 's1': -0.47125865829587255, 's2': 0.4080125549262226, 's3': 1.5094503403897104, 't0': 53657.270908506}","{'amplitude': 0.131051307243876, 'color': 0.018748599314493755, 's1': 0.20220681774894783, 's2': 0.43106741103959306, 's3': 0.4574716235600448, 't0': 0.1110364075829204}","[[ 1.23290838e-02  1.41525172e-04  2.56781735e-06  1.20113955e-02
   9.69165689e-03  3.60375100e-04]
 [ 1.41525172e-04  1.71744451e-02 -2.42966799e-03  1.19065945e-02
   4.07334704e-02  5.14185379e-02]
 [ 2.56781735e-06 -2.42966799e-03  3.51509976e-04 -1.93274615e-03
  -5.23870880e-03 -7.21529000e-03]
 [ 1.20113955e-02  1.19065945e-02 -1.93274615e-03  4.08875971e-02
   1.02771461e-02  4.47384072e-02]
 [ 9.69165689e-03  4.07334704e-02 -5.23870880e-03  1.02771461e-02
   1.85819113e-01  1.23656276e-01]
 [ 3.60375100e-04  5.14185379e-02 -7.21529000e-03  4.47384072e-02
   1.23656276e-01  2.09280286e-01]]"
SN2005hp,"{'amplitude': 100.16465282905348, 'color': 0.0795558315684602, 's1': 0.37006279138145676, 's2': -1.1859727652435865, 's3': 1.5353306078463216, 't0': 53659.445360633275}","{'amplitude': 0.2645822612686787, 'color': 0.02812772858592709, 's1': 0.3349343296962157, 's2': 1.3326000225791905, 's3': 0.9571348604236563, 't0': 0.4761924102785003}","[[ 2.26759212e-01  1.02443641e-02  1.44432089e-03 -5.71148069e-02
  -9.99656804e-02 -6.09209989e-02]
 [ 1.02443641e-02  7.00037730e-02 -5.76473019e-03 -3.27208030e-02
  -6.92204360e-03 -3.69260823e-02]
 [ 1.44432089e-03 -5.76473019e-03  7.91169115e-04 -7.17795771e-04
   4.77228910e-03 -5.14669157e-03]
 [-5.71148069e-02 -3.27208030e-02 -7.17795771e-04  1.12181005e-01
  -5.75491162e-02  1.10977728e-01]
 [-9.99656804e-02 -6.92204360e-03  4.77228910e-03 -5.75491162e-02
   1.77582282e+00 -7.65754752e-01]
 [-6.09209989e-02 -3.69260823e-02 -5.14669157e-03  1.10977728e-01
  -7.65754752e-01  9.16107141e-01]]","{'amplitude': 100.25610799485531, 'color': 0.06864823626454311, 's1': 0.269015048322022, 's2': 0.20886966577770086, 's3': 0.30938137207037913, 't0': 53659.65681701091}","{'amplitude': 0.31426728226069534, 'color': 0.03261015791262172, 's1': 0.40206620991009284, 's2': 1.711977155025979, 's3': 1.372566343454459, 't0': 0.38167878896739155}","[[ 1.45678698e-01 -4.75236995e-02  2.84250950e-03 -2.96517721e-02
   2.40652150e-01 -3.13799609e-02]
 [-4.75236995e-02  9.87639247e-02 -7.30987884e-03  7.52169829e-03
  -1.91250500e-01  6.56795364e-02]
 [ 2.84250950e-03 -7.30987884e-03  1.06342240e-03 -5.34109769e-03
  -1.44765450e-03 -1.46920230e-02]
 [-2.96517721e-02  7.52169829e-03 -5.34109769e-03  1.61657237e-01
  -5.33570929e-02  2.59690271e-01]
 [ 2.40652150e-01 -1.91250500e-01 -1.44765450e-03 -5.33570929e-02
   2.93086578e+00 -9.02879388e-01]
 [-3.13799609e-02  6.56795364e-02 -1.46920230e-02  2.59690271e-01
  -9.02879388e-01  1.88393837e+00]]"
SN2005hr,"{'amplitude': 98.19345523125065, 'color': -0.007886196382430986, 's1': -1.2591273674784402, 's2': -0.31527713266728236, 's3': -0.05293865315935709, 't0': 53664.0706104935}","{'amplitude': 0.05946092870652439, 'color': 0.007077650152595028, 's1': 0.14340038764321522, 's2': 0.15539239589513382, 's3': 0.33478368406860076, 't0': 0.1428117864557332}","[[ 2.03952064e-02  2.86226137e-04  8.42755967e-05  6.97235046e-03
  -9.16364720e-03  4.71688937e-04]
 [ 2.86226137e-04  3.53560204e-03 -3.98313650e-04  4.90625438e-04
  -5.09439892e-04  3.65706726e-03]
 [ 8.42755967e-05 -3.98313650e-04  5.00931317e-05  3.64464296e-05
  -3.48752167e-05 -2.70621423e-04]
 [ 6.97235046e-03  4.90625438e-04  3.64464296e-05  2.05636712e-02
   4.00031043e-03 -1.22779536e-02]
 [-9.16364720e-03 -5.09439892e-04 -3.48752167e-05  4.00031043e-03
   2.41467967e-02 -1.74434488e-02]
 [ 4.71688937e-04  3.65706726e-03 -2.70621423e-04 -1.22779536e-02
  -1.74434488e-02  1.12080115e-01]]","{'amplitude': 98.21912340340045, 'color': -0.01310214682834649, 's1': -1.349892310507042, 's2': -0.5390277033834199, 's3': 0.2662176100154678, 't0': 53664.08516526274}","{'amplitude': 0.06239719521311456, 'color': 0.008165164510248533, 's1': 0.19607104382335672, 's2': 0.27780121687055065, 's3': 0.39266389341036173, 't0': 0.15085930466013245}","[[ 2.27585298e-02  1.94726312e-04  1.42533991e-05  9.89722841e-03
  -1.87298624e-02  1.17813750e-02]
 [ 1.94726312e-04  3.89340997e-03 -4.60557536e-04  1.56688315e-03
   3.10566901e-04  6.67762206e-04]
 [ 1.42533991e-05 -4.60557536e-04  6.66699115e-05  9.81735955e-05
   5.72225327e-04 -8.73337912e-04]
 [ 9.89722841e-03  1.56688315e-03  9.81735955e-05  3.84438542e-02
   8.21714032e-04 -1.04266069e-02]
 [-1.87298624e-02  3.10566901e-04  5.72225327e-04  8.21714032e-04
   7.71735161e-02 -7.65798979e-02]
 [ 1.17813750e-02  6.67762206e-04 -8.73337912e-04 -1.04266069e-02
  -7.65798979e-02  1.54184933e-01]]"
SN2005ht,"{'amplitude': 100.82602190748624, 'color': -0.037802467273086365, 's1': -0.8455905592389948, 's2': -0.634222930503026, 's3': -1.6713137847682693, 't0': 53666.14244041961}","{'amplitude': 0.19183319517525196, 'color': 0.023966695375727445, 's1': 0.5087842653423809, 's2': 0.827731376912752, 's3': 0.7350640226375457, 't0': 0.4602928474547189}","[[ 2.11869505e-01 -1.20023934e-02  5.37682678e-03  4.11956231e-02
   2.07309176e-01  1.79393222e-01]
 [-1.20023934e-02  3.67999748e-02 -3.62996521e-03  7.04777842e-03
  -2.83410776e-02  1.16574032e-02]
 [ 5.37682678e-03 -3.62996521e-03  5.74402487e-04  3.39240376e-04
   4.79397196e-03  7.83458410e-03]
 [ 4.11956231e-02  7.04777842e-03  3.39240376e-04  2.58861429e-01
  -8.19319126e-02  7.97126055e-02]
 [ 2.07309176e-01 -2.83410776e-02  4.79397196e-03 -8.19319126e-02
   6.85139232e-01  1.50309008e-01]
 [ 1.79393222e-01  1.16574032e-02  7.83458410e-03  7.97126055e-02
   1.50309008e-01  5.40319117e-01]]","{'amplitude': 100.8153721445048, 'color': -0.03178047226591818, 's1': -0.9051540804325839, 's2': -0.5246597024053451, 's3': -1.3182985119723796, 't0': 53666.250241609974}","{'amplitude': 0.19782894191577763, 'color': 0.026247500425667966, 's1': 0.5089900242593975, 's2': 1.0198083852226467, 's3': 0.8050749927203976, 't0': 0.4441573911155979}","[[ 1.97275788e-01 -2.69302090e-02  5.49817776e-03  1.07732287e-02
   2.80143085e-01  1.03474007e-01]
 [-2.69302090e-02  3.91362903e-02 -4.51285749e-03  2.62425936e-04
  -7.18182959e-02 -1.96977579e-02]
 [ 5.49817776e-03 -4.51285749e-03  6.88931279e-04  1.43081142e-03
   8.24212795e-03  9.78119320e-03]
 [ 1.07732287e-02  2.62425936e-04  1.43081142e-03  2.59070845e-01
  -4.66507326e-02  9.91916693e-02]
 [ 2.80143085e-01 -7.18182959e-02  8.24212795e-03 -4.66507326e-02
   1.04000914e+00  9.62039657e-03]
 [ 1.03474007e-01 -1.96977579e-02  9.78119320e-03  9.91916693e-02
   9.62039657e-03  6.48145744e-01]]"
SN2005hv,"{'amplitude': 101.38287966965434, 'color': -0.0031919081773626717, 's1': -0.4552369045760406, 's2': -0.7887746724184096, 's3': -0.7368944547849055, 't0': 53662.79346411283}","{'amplitude': 0.24799851260147138, 'color': 0.026353475956082114, 's1': 0.638197100966933, 's2': 1.5037601013097688, 's3': 0.9494447698544243, 't0': 0.4235649246735986}","[[ 1.79407245e-01 -1.22862129e-02  9.94427839e-04  4.71094479e-02
   5.17960904e-02  1.94412893e-02]
 [-1.22862129e-02  6.15032623e-02 -5.31673050e-03  1.12761283e-02
  -6.58579477e-02 -2.60613458e-02]
 [ 9.94427839e-04 -5.31673050e-03  6.94505695e-04 -1.03864075e-03
   2.80914507e-03  3.73067793e-03]
 [ 4.71094479e-02  1.12761283e-02 -1.03864075e-03  4.07295540e-01
  -5.96456640e-01  2.31425313e-01]
 [ 5.17960904e-02 -6.58579477e-02  2.80914507e-03 -5.96456640e-01
   2.26129444e+00 -2.87269552e-01]
 [ 1.94412893e-02 -2.60613458e-02  3.73067793e-03  2.31425313e-01
  -2.87269552e-01  9.01445371e-01]]","{'amplitude': 101.3947499662612, 'color': -0.006617848878276689, 's1': -0.12211426734617899, 's2': -1.8130755387854336, 's3': -0.30743776379652077, 't0': 53662.82107295655}","{'amplitude': 0.24584204845113306, 'color': 0.03113960870187916, 's1': 0.6602735999422478, 's2': 1.2538041109971565, 's3': 0.9861314914616283, 't0': 0.41880290813021254}","[[ 1.75395876e-01 -3.45531086e-03 -1.59771785e-04  2.45081771e-02
  -3.47191026e-02  6.57134560e-02]
 [-3.45531086e-03  6.04383128e-02 -6.71071576e-03 -7.13117306e-03
  -2.54443452e-03  2.76747364e-02]
 [-1.59771785e-04 -6.71071576e-03  9.69675230e-04 -4.18612104e-03
   6.17100517e-03 -4.42368912e-03]
 [ 2.45081771e-02 -7.13117306e-03 -4.18612104e-03  4.35961227e-01
  -4.32490345e-01  2.04034493e-01]
 [-3.47191026e-02 -2.54443452e-03  6.17100517e-03 -4.32490345e-01
   1.57202475e+00 -6.62267178e-01]
 [ 6.57134560e-02  2.76747364e-02 -4.42368912e-03  2.04034493e-01
  -6.62267178e-01  9.72455318e-01]]"
SN2005hx,"{'amplitude': 98.20962622060313, 'color': 0.005101211924313689, 's1': -0.3188476063208837, 's2': 0.48463654847902643, 's3': -0.50915233903255, 't0': 53666.657650590074}","{'amplitude': 0.06365574121567576, 'color': 0.007922571846571854, 's1': 0.09151996688595769, 's2': 0.22816706498448538, 's3': 0.293538157045677, 't0': 0.08059594946251308}","[[ 6.49570707e-03 -5.35847331e-04 -1.73463812e-05 -9.01119882e-05
   5.37004026e-03  2.61633350e-03]
 [-5.35847331e-04  4.05205339e-03 -4.08007497e-04  4.69837309e-04
  -3.19991075e-03 -3.52649556e-04]
 [-1.73463812e-05 -4.08007497e-04  6.27671447e-05 -1.28120699e-04
  -4.12642331e-04  1.38791249e-04]
 [-9.01119882e-05  4.69837309e-04 -1.28120699e-04  8.37590434e-03
  -5.16553733e-03 -2.47385580e-03]
 [ 5.37004026e-03 -3.19991075e-03 -4.12642331e-04 -5.16553733e-03
   5.20602095e-02  2.29090461e-02]
 [ 2.61633350e-03 -3.52649556e-04  1.38791249e-04 -2.47385580e-03
   2.29090461e-02  8.61646496e-02]]","{'amplitude': 98.11244096948984, 'color': 0.007405625849197523, 's1': -0.3635352951784894, 's2': 0.8421115713328864, 's3': -0.1533324788308439, 't0': 53666.61263954409}","{'amplitude': 0.11216763767094941, 'color': 0.008647244372161298, 's1': 0.20345628573276545, 's2': 0.642200438546572, 's3': 0.538019800153458, 't0': 0.10445041312773673}","[[ 1.09098888e-02  2.58257110e-03 -2.69263673e-05  6.03162539e-03
  -1.00352582e-02 -2.92477131e-03]
 [ 2.58257110e-03  1.25815789e-02 -5.22173346e-04  1.31639300e-02
  -5.35061924e-02 -3.54514340e-02]
 [-2.69263673e-05 -5.22173346e-04  7.47748352e-05 -1.22624978e-04
  -3.43300456e-04  1.62842376e-03]
 [ 6.03162539e-03  1.31639300e-02 -1.22624978e-04  4.13944602e-02
  -1.02837437e-01 -3.37492815e-02]
 [-1.00352582e-02 -5.35061924e-02 -3.43300456e-04 -1.02837437e-01
   4.12421403e-01  1.51631028e-01]
 [-2.92477131e-03 -3.54514340e-02  1.62842376e-03 -3.37492815e-02
   1.51631028e-01  2.89465305e-01]]"
SN2005hy,"{'amplitude': 99.43937891890197, 'color': -0.10877936222514342, 's1': -0.846367299066963, 's2': 0.16715849279260975, 's3': 1.5978195349061735, 't0': 53671.67800461335}","{'amplitude': 0.12210302334857831, 'color': 0.01604775727612027, 's1': 0.4353622971049587, 's2': 0.1544410355754673, 's3': 0.2883311765046369, 't0': 0.1491748162614044}","[[ 2.22531258e-02  6.18546855e-04  1.82828699e-05 -2.92383678e-03
   2.64507765e-03  5.59529305e-03]
 [ 6.18546855e-04  1.49091483e-02 -1.88525096e-03 -3.81433919e-02
   4.95247583e-03  1.36034740e-02]
 [ 1.82828699e-05 -1.88525096e-03  2.57530514e-04  5.51505961e-03
  -9.85513859e-04 -2.48229519e-03]
 [-2.92383678e-03 -3.81433919e-02  5.51505961e-03  1.89540330e-01
  -3.16551908e-02 -7.75195360e-02]
 [ 2.64507765e-03  4.95247583e-03 -9.85513859e-04 -3.16551908e-02
   2.38520335e-02  1.55249682e-02]
 [ 5.59529305e-03  1.36034740e-02 -2.48229519e-03 -7.75195360e-02
   1.55249682e-02  8.31348673e-02]]","{'amplitude': 99.50643817126058, 'color': -0.11844342014039114, 's1': -1.2030448206002669, 's2': 0.47985374072453324, 's3': 1.0149161487390168, 't0': 53671.553383204046}","{'amplitude': 0.23484519343571694, 'color': 0.022493958400743454, 's1': 0.4737594105826837, 's2': 0.3796513266473494, 's3': 1.109892149478983, 't0': 0.18228297511046984}","[[ 3.32270830e-02 -4.72317914e-04 -1.14491968e-04  7.72803008e-03
  -7.34118419e-03  3.72922365e-02]
 [-4.72317914e-04  5.51522649e-02 -5.17980247e-03 -8.72844944e-02
  -3.16838158e-02 -1.08979268e-01]
 [-1.14491968e-04 -5.17980247e-03  5.05978165e-04  8.13995565e-03
   3.23527497e-03  8.25585365e-03]
 [ 7.72803008e-03 -8.72844944e-02  8.13995565e-03  2.24447979e-01
   2.74705266e-02  2.05080181e-01]
 [-7.34118419e-03 -3.16838158e-02  3.23527497e-03  2.74705266e-02
   1.44135130e-01 -2.47227780e-01]
 [ 3.72922365e-02 -1.08979268e-01  8.25585365e-03  2.05080181e-01
  -2.47227780e-01  1.23186058e+00]]"
SN2005hz,"{'amplitude': 97.83156563534315, 'color': 0.13805083753649125, 's1': -0.9359993755476244, 's2': 1.1179993174379375, 's3': -1.2133600812893564, 't0': 53666.839093849034}","{'amplitude': 0.08865272209959818, 'color': 0.008134866518264498, 's1': 0.13793625093033263, 's2': 0.30454639568513514, 's3': 0.34673936057772925, 't0': 0.12170987749800193}","[[ 1.48132943e-02 -3.14945198e-03  6.01179696e-06 -1.08024777e-02
   1.57996935e-02 -1.33130766e-02]
 [-3.14945198e-03  7.85930514e-03 -3.82072727e-04  3.14999079e-03
  -1.28260210e-02  1.66978188e-02]
 [ 6.01179696e-06 -3.82072727e-04  6.61760533e-05  6.34066592e-05
  -7.42179395e-04 -4.13618580e-05]
 [-1.08024777e-02  3.14999079e-03  6.34066592e-05  1.90264093e-02
  -2.26368589e-02  9.65035246e-03]
 [ 1.57996935e-02 -1.28260210e-02 -7.42179395e-04 -2.26368589e-02
   9.27485071e-02 -1.54031722e-02]
 [-1.33130766e-02  1.66978188e-02 -4.13618580e-05  9.65035246e-03
  -1.54031722e-02  1.20228184e-01]]","{'amplitude': 97.83045504827331, 'color': 0.1414048140617374, 's1': -0.8549004670885297, 's2': 0.8168558416378682, 's3': -0.8632262424039074, 't0': 53666.75036049447}","{'amplitude': 0.08239782005046167, 'color': 0.012362773887892958, 's1': 0.21594671671297727, 's2': 0.6858177255032811, 's3': 0.7814440333142993, 't0': 0.18506216074657236}","[[ 3.42480033e-02 -4.77022452e-03 -1.05457915e-03 -3.20932255e-02
   9.96147337e-02 -1.08496668e-01]
 [-4.77022452e-03  6.78940075e-03 -2.50067701e-04  4.67690707e-03
  -1.74574527e-02  1.76261187e-02]
 [-1.05457915e-03 -2.50067701e-04  1.52838178e-04  1.25814833e-03
  -5.30993096e-03  5.45213653e-03]
 [-3.20932255e-02  4.67690707e-03  1.25814833e-03  4.66329845e-02
  -1.24640619e-01  1.31802601e-01]
 [ 9.96147337e-02 -1.74574527e-02 -5.30993096e-03 -1.24640619e-01
   4.70345953e-01 -4.67634835e-01]
 [-1.08496668e-01  1.76261187e-02  5.45213653e-03  1.31802601e-01
  -4.67634835e-01  6.10654777e-01]]"
SN2005id,"{'amplitude': 101.07413360726538, 'color': -0.14126150224955142, 's1': -0.9902363081699085, 's2': -1.0180563628245212, 's3': -0.036141682316725376, 't0': 53668.57691229444}","{'amplitude': 0.12391778577091159, 'color': 0.01471748968175795, 's1': 0.3158188930961204, 's2': 0.8103855759262153, 's3': 0.5053167624948003, 't0': 0.29117097621657534}","[[ 8.47805374e-02 -1.14823697e-03  5.76075415e-04 -1.45059574e-02
  -2.97014571e-02 -2.36621236e-02]
 [-1.14823697e-03  1.53556176e-02 -1.71197938e-03 -1.65139840e-02
  -2.20227157e-02 -1.36201966e-02]
 [ 5.76075415e-04 -1.71197938e-03  2.16604503e-04  2.47016193e-03
   1.11301824e-03  1.00803869e-03]
 [-1.45059574e-02 -1.65139840e-02  2.47016193e-03  9.97415732e-02
  -1.38644864e-02  9.18085461e-03]
 [-2.97014571e-02 -2.20227157e-02  1.11301824e-03 -1.38644864e-02
   6.56724782e-01  5.03357717e-02]
 [-2.36621236e-02 -1.36201966e-02  1.00803869e-03  9.18085461e-03
   5.03357717e-02  2.55345030e-01]]","{'amplitude': 101.02934039700743, 'color': -0.13613513093422036, 's1': -0.9397666699581647, 's2': -1.0402515606776706, 's3': -0.22338584736675826, 't0': 53668.65885351968}","{'amplitude': 0.1249013489517109, 'color': 0.0142346149452029, 's1': 0.29427542737700874, 's2': 0.740945359593873, 's3': 0.6658359161701628, 't0': 0.2679127738996488}","[[ 7.17772544e-02 -4.49448031e-03  9.43729784e-04 -7.57601231e-03
   8.58900016e-03 -1.83578191e-02]
 [-4.49448031e-03  1.56003470e-02 -1.63650345e-03 -1.23674556e-02
  -2.12819523e-02 -1.28147651e-03]
 [ 9.43729784e-04 -1.63650345e-03  2.02624263e-04  1.60169981e-03
   1.49732082e-03  1.28777175e-03]
 [-7.57601231e-03 -1.23674556e-02  1.60169981e-03  8.65980272e-02
  -4.04834052e-02 -5.73878099e-03]
 [ 8.58900016e-03 -2.12819523e-02  1.49732082e-03 -4.04834052e-02
   5.49000026e-01 -4.23589433e-02]
 [-1.83578191e-02 -1.28147651e-03  1.28777175e-03 -5.73878099e-03
  -4.23589433e-02  4.43337467e-01]]"
SN2005if,"{'amplitude': 94.87700560011544, 'color': 0.1869665030532986, 's1': 0.3871742176446872, 's2': 0.5460580425498716, 's3': -0.22688728712074657, 't0': 53664.10218583303}","{'amplitude': 0.06512511784070844, 'color': 0.0070283650714368364, 's1': 0.06835997824686273, 's2': 0.14857950234236558, 's3': 0.20297229674138248, 't0': 0.08608401468427049}","[[ 7.41045758e-03 -1.05341520e-03  6.65458768e-05  1.74466137e-03
   4.35002269e-03 -5.31448448e-03]
 [-1.05341520e-03  4.24128097e-03 -3.98760363e-04 -1.19389869e-03
  -5.96588935e-03  8.93197309e-03]
 [ 6.65458768e-05 -3.98760363e-04  4.93979156e-05 -6.11796864e-06
   2.41468107e-04 -7.21692774e-04]
 [ 1.74466137e-03 -1.19389869e-03 -6.11796864e-06  4.67308663e-03
   3.33978042e-03 -2.15284164e-03]
 [ 4.35002269e-03 -5.96588935e-03  2.41468107e-04  3.33978042e-03
   2.20758685e-02 -1.97172057e-02]
 [-5.31448448e-03  8.93197309e-03 -7.21692774e-04 -2.15284164e-03
  -1.97172057e-02  4.11977532e-02]]","{'amplitude': 94.8276537984215, 'color': 0.19427660328820648, 's1': 0.36906058514801726, 's2': 0.5065928964698966, 's3': -0.22975510538966437, 't0': 53664.09985545395}","{'amplitude': 0.054631193782011596, 'color': 0.006411587725564101, 's1': 0.05793361908015155, 's2': 0.23166020967924475, 's3': 0.21352406301576815, 't0': 0.08472706629244241}","[[ 7.17867576e-03  6.13411714e-04 -5.34286828e-05  6.92528216e-04
  -1.04726384e-03  1.28033074e-03]
 [ 6.13411714e-04  2.98456733e-03 -2.62744875e-04  1.72222229e-04
  -6.86250118e-03  5.76114022e-03]
 [-5.34286828e-05 -2.62744875e-04  4.11084572e-05 -1.16940492e-04
  -1.30653139e-04 -1.54994185e-04]
 [ 6.92528216e-04  1.72222229e-04 -1.16940492e-04  3.35630422e-03
   1.59406452e-03  1.52363985e-03]
 [-1.04726384e-03 -6.86250118e-03 -1.30653139e-04  1.59406452e-03
   5.36664527e-02 -3.46445328e-02]
 [ 1.28033074e-03  5.76114022e-03 -1.54994185e-04  1.52363985e-03
  -3.46445328e-02  4.55925255e-02]]"
SN2005ij,"{'amplitude': 98.2001019633406, 'color': 0.03245720891619312, 's1': 0.009888866318725029, 's2': 0.2665808666069057, 's3': -0.6331857158724845, 't0': 53675.31163230817}","{'amplitude': 0.07021570051297962, 'color': 0.00811678696040981, 's1': 0.11558010599135927, 's2': 0.15271965197412435, 's3': 0.2282207478491186, 't0': 0.0879068778355431}","[[ 7.72761917e-03 -1.94799901e-04  1.29620006e-05 -2.80590835e-04
  -1.60964823e-03 -8.83130198e-04]
 [-1.94799901e-04  4.93024460e-03 -5.24521214e-04  6.37406847e-04
  -3.96091831e-03  2.70659619e-04]
 [ 1.29620006e-05 -5.24521214e-04  6.58822306e-05 -1.27778107e-04
   8.86179659e-05  1.99209029e-04]
 [-2.80590835e-04  6.37406847e-04 -1.27778107e-04  1.33587609e-02
  -2.31676710e-03  1.66803075e-03]
 [-1.60964823e-03 -3.96091831e-03  8.86179659e-05 -2.31676710e-03
   2.33232921e-02 -5.30548935e-04]
 [-8.83130198e-04  2.70659619e-04  1.99209029e-04  1.66803075e-03
  -5.30548935e-04  5.20847097e-02]]","{'amplitude': 98.16935380456557, 'color': 0.035242338624976194, 's1': 0.020357859158973673, 's2': 0.33013561314436796, 's3': -0.6184366708148917, 't0': 53675.29214407175}","{'amplitude': 0.07560010357065805, 'color': 0.008404937988416293, 's1': 0.11661480677999099, 's2': 0.17247986192096482, 's3': 0.23836377093700556, 't0': 0.09321220784286202}","[[ 8.68851569e-03 -5.38944698e-04  3.42915488e-06  8.06423904e-04
   3.92734610e-04 -4.61316004e-04]
 [-5.38944698e-04  5.71537566e-03 -5.77426566e-04 -1.37953871e-04
  -5.96954639e-03 -1.69420257e-03]
 [ 3.42915488e-06 -5.77426566e-04  7.06429826e-05 -8.31553844e-05
   1.84966984e-04  3.61555006e-04]
 [ 8.06423904e-04 -1.37953871e-04 -8.31553844e-05  1.35990132e-02
   1.01503838e-03  5.66555162e-03]
 [ 3.92734610e-04 -5.96954639e-03  1.84966984e-04  1.01503838e-03
   2.97493028e-02  2.12620812e-03]
 [-4.61316004e-04 -1.69420257e-03  3.61555006e-04  5.66555162e-03
   2.12620812e-03  5.68172873e-02]]"
SN2005is,"{'amplitude': 99.95840210923446, 'color': 0.002282109387942315, 's1': 0.4209374722969648, 's2': -1.3369734452750417, 's3': 0.7331553100320217, 't0': 53664.98483951811}","{'amplitude': 0.16795926737946373, 'color': 0.021528218279928214, 's1': 0.18920823582666868, 's2': 0.6439099468755082, 's3': 0.736026948821194, 't0': 0.3266891521482024}","[[ 1.06725802e-01 -9.60389080e-03  3.12610602e-03  5.94450688e-03
  -3.64286812e-02 -4.53342717e-02]
 [-9.60389080e-03  2.82103155e-02 -2.58780129e-03 -1.36329876e-02
   3.12797505e-02 -1.17192478e-02]
 [ 3.12610602e-03 -2.58780129e-03  4.63464182e-04 -1.58396041e-04
   1.02897299e-03 -6.47505504e-03]
 [ 5.94450688e-03 -1.36329876e-02 -1.58396041e-04  3.57997565e-02
  -3.89111082e-02  2.15843557e-02]
 [-3.64286812e-02  3.12797505e-02  1.02897299e-03 -3.89111082e-02
   4.14620020e-01 -1.76214979e-01]
 [-4.53342717e-02 -1.17192478e-02 -6.47505504e-03  2.15843557e-02
  -1.76214979e-01  5.41735669e-01]]","{'amplitude': 99.87514215082474, 'color': -0.008808468510549066, 's1': 0.5968705174911553, 's2': -2.131154115253512, 's3': 1.0601773142388422, 't0': 53665.15629217772}","{'amplitude': 0.24568752445861183, 'color': 0.025665445751671637, 's1': 0.26927193002554206, 's2': 1.2929647631227945, 's3': 0.9268231745444331, 't0': 0.41839134500880715}","[[ 1.75051318e-01 -1.67823346e-02 -1.71377744e-03  2.61073202e-02
  -2.49159697e-01  1.49242009e-01]
 [-1.67823346e-02  6.03623597e-02 -2.89996130e-03 -4.36458131e-02
   2.03469670e-01 -6.19627214e-02]
 [-1.71377744e-03 -2.89996130e-03  6.58715106e-04 -1.60904273e-03
   6.67717613e-03 -1.05196434e-02]
 [ 2.61073202e-02 -4.36458131e-02 -1.60904273e-03  7.25073723e-02
  -2.56268004e-01  1.08161725e-01]
 [-2.49159697e-01  2.03469670e-01  6.67717613e-03 -2.56268004e-01
   1.67175788e+00 -8.02534284e-01]
 [ 1.49242009e-01 -6.19627214e-02 -1.05196434e-02  1.08161725e-01
  -8.02534284e-01  8.59001197e-01]]"
SN2005je,"{'amplitude': 97.40519296501242, 'color': -0.04683232533922041, 's1': 1.078646361873331, 's2': -0.6984347880577649, 's3': 0.11986492152522649, 't0': 53679.527872778715}","{'amplitude': 0.08165902408302608, 'color': 0.006783177151405791, 's1': 0.07423760025887866, 's2': 0.3618621330989861, 's3': 0.12987054971372292, 't0': 0.06342357209498026}","[[ 4.02254950e-03  1.45126892e-03 -5.70959450e-05 -1.99178395e-03
  -5.64064582e-03  1.64596219e-03]
 [ 1.45126892e-03  6.66819621e-03 -4.71494737e-04 -4.32697567e-03
  -1.82087462e-02  1.89628012e-03]
 [-5.70959450e-05 -4.71494737e-04  4.60114923e-05  1.45005859e-04
   7.68551072e-04 -1.70485552e-04]
 [-1.99178395e-03 -4.32697567e-03  1.45005859e-04  5.51122129e-03
   1.82966338e-02 -9.84459927e-04]
 [-5.64064582e-03 -1.82087462e-02  7.68551072e-04  1.82966338e-02
   1.30944203e-01 -2.02093652e-02]
 [ 1.64596219e-03  1.89628012e-03 -1.70485552e-04 -9.84459927e-04
  -2.02093652e-02  1.68663597e-02]]","{'amplitude': 97.21585415381463, 'color': -0.04513684420386438, 's1': 1.101630195236628, 's2': 1.0253488428713793, 's3': -0.4324666393446116, 't0': 53679.32090330211}","{'amplitude': 0.09348163962961903, 'color': 0.00803132329615862, 's1': 0.052553902700164044, 's2': 0.10986133060778489, 's3': 0.15746822888490758, 't0': 0.07270104761991415}","[[ 5.28544233e-03  2.77109847e-03 -1.47726879e-04 -1.72809793e-03
  -2.80615951e-03  2.89931928e-03]
 [ 2.77109847e-03  8.73881695e-03 -6.64917258e-04 -1.86890032e-03
  -6.56667381e-03  3.61747554e-03]
 [-1.47726879e-04 -6.64917258e-04  6.45021539e-05  1.18116332e-04
   2.82279215e-04 -6.15155941e-07]
 [-1.72809793e-03 -1.86890032e-03  1.18116332e-04  2.76191269e-03
   2.92893299e-05  2.48080871e-03]
 [-2.80615951e-03 -6.56667381e-03  2.82279215e-04  2.92893299e-05
   1.20695120e-02 -7.46118169e-03]
 [ 2.89931928e-03  3.61747554e-03 -6.15155941e-07  2.48080871e-03
  -7.46118169e-03  2.47962431e-02]]"
SN2005jh,"{'amplitude': 98.248565451926, 'color': -0.046138621318318536, 's1': 1.0065422271643243, 's2': -1.7160100639998945, 's3': 0.5853299471925761, 't0': 53680.85414855341}","{'amplitude': 0.09578077855462928, 'color': 0.010839244295411216, 's1': 0.07538087841972438, 's2': 0.7633268078346368, 's3': 0.5758215125834532, 't0': 0.16161353350163207}","[[ 2.61189342e-02  6.89581788e-04 -4.59800899e-04 -4.37733828e-03
  -8.31553004e-02  4.81799741e-02]
 [ 6.89581788e-04  9.17395754e-03 -8.19437467e-04 -3.89691407e-03
   2.15091973e-03 -4.88365692e-04]
 [-4.59800899e-04 -8.19437467e-04  1.17489217e-04  2.12415559e-04
   3.21607867e-03 -2.71572043e-03]
 [-4.37733828e-03 -3.89691407e-03  2.12415559e-04  5.68227683e-03
   1.04718498e-02 -8.73004579e-03]
 [-8.31553004e-02  2.15091973e-03  3.21607867e-03  1.04718498e-02
   5.82667816e-01 -4.08280978e-01]
 [ 4.81799741e-02 -4.88365692e-04 -2.71572043e-03 -8.73004579e-03
  -4.08280978e-01  3.31570414e-01]]","{'amplitude': 98.01835840946106, 'color': -0.016878255615452288, 's1': 1.071310287047291, 's2': -1.3997350107844897, 's3': 0.3783300352232458, 't0': 53680.800818906726}","{'amplitude': 0.12084502358301163, 'color': 0.012055119056406154, 's1': 0.10227881123117913, 's2': 0.7127228762496371, 's3': 0.47984254748613203, 't0': 0.186246104426349}","[[ 3.46876114e-02  6.59368584e-03 -1.11229367e-03 -8.70451183e-03
  -5.29983339e-02  5.55869244e-02]
 [ 6.59368584e-03  1.46035197e-02 -9.96274738e-04 -8.45133943e-03
   2.81827142e-02  2.16105034e-03]
 [-1.11229367e-03 -9.96274738e-04  1.45325895e-04  2.14493411e-04
   2.72298894e-03 -2.68672320e-03]
 [-8.70451183e-03 -8.45133943e-03  2.14493411e-04  1.04609552e-02
  -2.38222803e-02 -5.73819908e-03]
 [-5.29983339e-02  2.81827142e-02  2.72298894e-03 -2.38222803e-02
   5.07973898e-01 -2.17071885e-01]
 [ 5.55869244e-02  2.16105034e-03 -2.68672320e-03 -5.73819908e-03
  -2.17071885e-01  2.30248870e-01]]"
SN2005jk,"{'amplitude': 100.18768878553999, 'color': 0.08375246015248129, 's1': 0.11733821764615811, 's2': 0.7668940124589074, 's3': -1.2883380085849006, 't0': 53673.78838543191}","{'amplitude': 0.2718244878869156, 'color': 0.020595798315823893, 's1': 0.3005814882202503, 's2': 0.7016758754282809, 's3': 0.8556715822321548, 't0': 0.3456800127603136}","[[ 1.19494671e-01 -1.08484895e-02  1.53484791e-03 -3.51248864e-02
   2.22676848e-02 -1.50557079e-02]
 [-1.08484895e-02  7.38885522e-02 -4.32848035e-03  1.72735241e-02
  -1.03120816e-01  7.71919130e-02]
 [ 1.53484791e-03 -4.32848035e-03  4.24186908e-04 -1.09497146e-03
   5.15176402e-03  1.74832411e-03]
 [-3.51248864e-02  1.72735241e-02 -1.09497146e-03  9.03492311e-02
  -2.43170614e-02  8.23307483e-02]
 [ 2.22676848e-02 -1.03120816e-01  5.15176402e-03 -2.43170614e-02
   4.92349034e-01  1.33819308e-01]
 [-1.50557079e-02  7.71919130e-02  1.74832411e-03  8.23307483e-02
   1.33819308e-01  7.32173857e-01]]","{'amplitude': 100.36617266892404, 'color': 0.07283696426470913, 's1': 0.10448280594485951, 's2': -0.5172478412002878, 's3': -1.6219707129417482, 't0': 53673.75502174286}","{'amplitude': 0.24818317224957953, 'color': 0.02279035393241323, 's1': 0.44408882075145245, 's2': 0.9737870497824507, 's3': 0.8936303029052458, 't0': 0.3969450317208571}","[[ 1.57565358e-01  1.75838678e-02  2.23376772e-03 -5.22438960e-02
   3.91386762e-03  9.02023091e-02]
 [ 1.75838678e-02  6.15948870e-02 -3.88105041e-03 -1.53738593e-02
  -1.00121734e-01  7.19843393e-02]
 [ 2.23376772e-03 -3.88105041e-03  5.19400232e-04 -2.90730200e-03
   8.60409628e-03  3.73088210e-03]
 [-5.22438960e-02 -1.53738593e-02 -2.90730200e-03  1.97214881e-01
  -4.28308092e-02 -9.85746159e-03]
 [ 3.91386762e-03 -1.00121734e-01  8.60409628e-03 -4.28308092e-02
   9.48261218e-01  1.65469942e-01]
 [ 9.02023091e-02  7.19843393e-02  3.73088210e-03 -9.85746159e-03
   1.65469942e-01  7.98575118e-01]]"
SN2005jl,"{'amplitude': 100.67659490068893, 'color': -0.019666121313825283, 's1': -0.2075586138989986, 's2': -0.4868457882487095, 's3': 0.10473368010639235, 't0': 53681.27507714503}","{'amplitude': 0.17849280063961181, 'color': 0.019394976629616104, 's1': 0.27298858761027806, 's2': 0.5521649660038762, 's3': 0.8548850022373854, 't0': 0.2422291784331024}","[[ 5.86749749e-02 -4.59634002e-03  1.72789188e-04 -3.05659773e-02
   1.37142068e-02  9.77177193e-02]
 [-4.59634002e-03  3.18596799e-02 -3.28371729e-03 -4.35601945e-03
  -1.04572640e-02 -3.90323653e-02]
 [ 1.72789188e-04 -3.28371729e-03  3.76165118e-04 -9.36617541e-05
   7.61849951e-04  3.94158079e-03]
 [-3.05659773e-02 -4.35601945e-03 -9.36617541e-05  7.45227690e-02
  -1.55432640e-02 -1.87981702e-02]
 [ 1.37142068e-02 -1.04572640e-02  7.61849951e-04 -1.55432640e-02
   3.04886150e-01  5.29776666e-02]
 [ 9.77177193e-02 -3.90323653e-02  3.94158079e-03 -1.87981702e-02
   5.29776666e-02  7.30828367e-01]]","{'amplitude': 100.62012442415086, 'color': -0.015865458753854894, 's1': -0.2509071357045992, 's2': -0.4610245456606463, 's3': 0.0716609446309874, 't0': 53681.32883226174}","{'amplitude': 0.1855448673678562, 'color': 0.019403334946453337, 's1': 0.33016982181319476, 's2': 0.8622878723327885, 's3': 0.9452391502409949, 't0': 0.2526336867327108}","[[ 6.38237797e-02 -9.15610052e-03  2.52493010e-04 -4.78689160e-02
   6.28541902e-02  6.22558285e-02]
 [-9.15610052e-03  3.44268978e-02 -3.24075970e-03  6.10193139e-03
  -6.26133363e-02 -3.34208283e-02]
 [ 2.52493010e-04 -3.24075970e-03  3.76489407e-04 -5.38885760e-04
   3.29087522e-03  3.54544915e-03]
 [-4.78689160e-02  6.10193139e-03 -5.38885760e-04  1.09012111e-01
  -8.49056593e-02  3.60315997e-02]
 [ 6.28541902e-02 -6.26133363e-02  3.29087522e-03 -8.49056593e-02
   7.43540375e-01 -2.85378369e-02]
 [ 6.22558285e-02 -3.34208283e-02  3.54544915e-03  3.60315997e-02
  -2.85378369e-02  8.93477051e-01]]"
SN2005kn,"{'amplitude': 100.72037915073328, 'color': 0.09901338142339468, 's1': 1.5516463280393145, 's2': 0.557671356317514, 's3': -0.17775539116953343, 't0': 53675.63499330863}","{'amplitude': 0.30797870872922206, 'color': 0.03034090894130212, 's1': 0.377001764672484, 's2': 1.1041950322312624, 's3': 1.0254663784139013, 't0': 0.823204387116885}","[[ 6.77665463e-01  9.92840575e-02  5.33271429e-07 -2.42057696e-01
  -2.45388099e-01 -6.32665016e-01]
 [ 9.92840575e-02  9.48508850e-02 -6.85395193e-03 -3.75466720e-02
  -1.12793690e-01 -9.34969282e-02]
 [ 5.33271429e-07 -6.85395193e-03  9.20570755e-04 -1.94938933e-03
   2.60144004e-04  3.64559698e-03]
 [-2.42057696e-01 -3.75466720e-02 -1.94938933e-03  1.42130331e-01
   8.27035584e-03  2.15038893e-01]
 [-2.45388099e-01 -1.12793690e-01  2.60144004e-04  8.27035584e-03
   1.21924667e+00  2.73391220e-01]
 [-6.32665016e-01 -9.34969282e-02  3.64559698e-03  2.15038893e-01
   2.73391220e-01  1.05158129e+00]]","{'amplitude': 100.69997426722597, 'color': 0.10743429764813836, 's1': 1.5474771931748486, 's2': -0.09829090631447095, 's3': 0.0047328805122181785, 't0': 53675.74750751367}","{'amplitude': 0.37482359626501466, 'color': 0.03325702294302735, 's1': 0.40963219698258985, 's2': 1.1494835095427711, 's3': 1.0322659391565807, 't0': 0.8990698582251705}","[[ 8.08326610e-01  1.64690073e-01 -4.76485203e-03 -2.74783297e-01
  -4.62560877e-01 -6.73387916e-01]
 [ 1.64690073e-01  1.40492728e-01 -9.89052525e-03 -7.37089370e-02
  -1.42348656e-01 -1.45725311e-01]
 [-4.76485203e-03 -9.89052525e-03  1.10602958e-03 -3.99581124e-04
   6.09578065e-03  9.23956466e-03]
 [-2.74783297e-01 -7.37089370e-02 -3.99581124e-04  1.67798537e-01
   7.91775944e-02  1.64156261e-01]
 [-4.62560877e-01 -1.42348656e-01  6.09578065e-03  7.91775944e-02
   1.32131234e+00  4.35257973e-01]
 [-6.73387916e-01 -1.45725311e-01  9.23956466e-03  1.64156261e-01
   4.35257973e-01  1.06557297e+00]]"
SN2005ko,"{'amplitude': 99.33597872287051, 'color': 0.20504653403589387, 's1': 0.2155632787756486, 's2': 1.2804569081650803, 's3': -0.3699845618433941, 't0': 53684.496566294925}","{'amplitude': 0.5642334505732681, 'color': 0.05103052356093666, 's1': 0.6981327202225678, 's2': 1.2707585763782823, 's3': 1.5246835111793273, 't0': 0.43193350658752044}","[[ 0.18656655 -0.06836556  0.00990223 -0.22479262  0.19641972 -0.08405665]
 [-0.06836556  0.31835939 -0.02521684  0.17348565 -0.53037942  0.39905334]
 [ 0.00990223 -0.02521684  0.00260411 -0.02406046  0.03738131 -0.0383062 ]
 [-0.22479262  0.17348565 -0.02406046  0.4873893  -0.42594775  0.31417809]
 [ 0.19641972 -0.53037942  0.03738131 -0.42594775  1.61482736  0.07491998]
 [-0.08405665  0.39905334 -0.0383062   0.31417809  0.07491998  2.32465981]]","{'amplitude': 99.4796842099563, 'color': 0.18390185843048842, 's1': 0.734661969426014, 's2': 0.7668241544688994, 's3': 0.6720497323530261, 't0': 53684.15928927272}","{'amplitude': 0.4487591062555193, 'color': 0.03454126576326281, 's1': 0.6796513397436797, 's2': 1.0988416049613585, 's3': 1.3008699050390087, 't0': 0.6148802175764431}","[[ 3.78077682e-01  6.99019025e-02  1.42424690e-03 -3.12423364e-01
   1.06876487e-01 -4.36546817e-01]
 [ 6.99019025e-02  2.01384735e-01 -1.19077470e-02 -6.71461138e-02
  -3.04961972e-01 -1.23906514e-01]
 [ 1.42424690e-03 -1.19077470e-02  1.19309904e-03 -6.45289512e-03
   1.53929741e-02 -5.84255610e-03]
 [-3.12423364e-01 -6.71461138e-02 -6.45289512e-03  4.61925944e-01
  -8.46484280e-02  5.83752932e-01]
 [ 1.06876487e-01 -3.04961972e-01  1.53929741e-02 -8.46484280e-02
   1.20745287e+00 -3.25752319e-02]
 [-4.36546817e-01 -1.23906514e-01 -5.84255610e-03  5.83752932e-01
  -3.25752319e-02  1.69226251e+00]]"
SN2005kp,"{'amplitude': 98.53638141080299, 'color': -0.08904152705589635, 's1': -0.1697486298578235, 's2': -0.3397301163898206, 's3': -0.9124924465201444, 't0': 53690.624446052505}","{'amplitude': 0.08591926380944254, 'color': 0.011068087146153635, 's1': 0.14712010175588372, 's2': 0.20454122791621188, 's3': 0.3455859596768601, 't0': 0.07905593572061778}","[[ 6.24984097e-03 -7.62578976e-04  7.77089284e-05 -5.57994767e-03
  -5.34679171e-03 -1.10416783e-02]
 [-7.62578976e-04  7.38211989e-03 -9.07642465e-04  4.09336409e-03
  -2.94025601e-03 -1.20886905e-03]
 [ 7.77089284e-05 -9.07642465e-04  1.22502553e-04 -7.24480125e-04
   3.49840808e-04  6.59749487e-04]
 [-5.57994767e-03  4.09336409e-03 -7.24480125e-04  2.16443243e-02
   2.86161579e-04 -1.69413290e-04]
 [-5.34679171e-03 -2.94025601e-03  3.49840808e-04  2.86161579e-04
   4.18371139e-02  3.66434151e-02]
 [-1.10416783e-02 -1.20886905e-03  6.59749487e-04 -1.69413290e-04
   3.66434151e-02  1.19429656e-01]]","{'amplitude': 98.53313015600264, 'color': -0.08540243515487082, 's1': -0.25617577274963854, 's2': -0.49690680263121184, 's3': -0.27037417424901083, 't0': 53690.55792967247}","{'amplitude': 0.08973809808019186, 'color': 0.01196731480214324, 's1': 0.1359000029372397, 's2': 0.25632422534099397, 's3': 0.47720134029940026, 't0': 0.08002574570151597}","[[ 6.40411998e-03  2.88426090e-05 -9.78174410e-06 -3.75669701e-03
   4.31817649e-03 -1.26823702e-02]
 [ 2.88426090e-05  8.05292625e-03 -1.03010302e-03  4.15841371e-03
  -2.71877434e-04 -1.75167328e-02]
 [-9.78174410e-06 -1.03010302e-03  1.43216624e-04 -8.14622211e-04
   1.48351361e-04  2.63879444e-03]
 [-3.75669701e-03  4.15841371e-03 -8.14622211e-04  1.84688108e-02
  -6.19648990e-03 -1.93515912e-02]
 [ 4.31817649e-03 -2.71877434e-04  1.48351361e-04 -6.19648990e-03
   6.57021085e-02  6.18483248e-03]
 [-1.26823702e-02 -1.75167328e-02  2.63879444e-03 -1.93515912e-02
   6.18483248e-03  2.27721119e-01]]"
SN2005kt,"{'amplitude': 94.6616811146493, 'color': 0.04764824364151354, 's1': 0.8787621207724238, 's2': 0.4980677575846256, 's3': 0.40937057507567787, 't0': 53694.57708694323}","{'amplitude': 0.062337959894641026, 'color': 0.010889717706298355, 's1': 0.16221424747333169, 's2': 0.1563826557367884, 's3': 0.13921840020503837, 't0': 0.13049192670335297}","[[ 0.01702814  0.00042473  0.0006911  -0.01290376 -0.00787157 -0.00635127]
 [ 0.00042473  0.00388602 -0.00038034 -0.0005984  -0.00305224 -0.00184282]
 [ 0.0006911  -0.00038034  0.00011859 -0.00129256 -0.00066579 -0.00072467]
 [-0.01290376 -0.0005984  -0.00129256  0.02631346  0.01303409  0.01564681]
 [-0.00787157 -0.00305224 -0.00066579  0.01303409  0.02445554  0.00891656]
 [-0.00635127 -0.00184282 -0.00072467  0.01564681  0.00891656  0.01938176]]","{'amplitude': 94.6068353787859, 'color': 0.05489544421791421, 's1': 0.8586998225575361, 's2': 0.5051443680407558, 's3': 0.41462953230778593, 't0': 53694.622831916764}","{'amplitude': 0.07220216317740799, 'color': 0.015361316490223645, 's1': 0.19887311226419263, 's2': 0.17446629560420318, 's3': 0.302397275926927, 't0': 0.12078212026097739}","[[ 0.01458832 -0.00214356  0.00086311 -0.01282306  0.00336386 -0.01554036]
 [-0.00214356  0.00521315 -0.00089267  0.00582959 -0.00535576  0.0071678 ]
 [ 0.00086311 -0.00089267  0.00023597 -0.00256675  0.00116662 -0.00344123]
 [-0.01282306  0.00582959 -0.00256675  0.03955051 -0.01436355  0.05150055]
 [ 0.00336386 -0.00535576  0.00116662 -0.01436355  0.03043849 -0.02945176]
 [-0.01554036  0.0071678  -0.00344123  0.05150055 -0.02945176  0.09144411]]"
SN2005ld,"{'amplitude': 98.49440921874654, 'color': 0.00880643563531169, 's1': -0.4082478367015532, 's2': 2.1731542860502837, 's3': 1.3213867892381288, 't0': 53693.91821613555}","{'amplitude': 0.4899252164757306, 'color': 0.030113371194658015, 's1': 0.32448403673667325, 's2': 0.8259766234735713, 's3': 1.091621072015108, 't0': 0.577372608316279}","[[ 3.33359129e-01 -2.45648410e-01  1.21420896e-02 -3.33833614e-02
   3.69159197e-01  1.40989370e-01]
 [-2.45648410e-01  2.40026718e-01 -1.30805420e-02  3.91978533e-02
  -3.44005395e-01 -1.42886814e-01]
 [ 1.21420896e-02 -1.30805420e-02  9.06815125e-04 -2.64054201e-04
   1.35311539e-02  1.38290207e-02]
 [-3.33833614e-02  3.91978533e-02 -2.64054201e-04  1.05289890e-01
  -1.45948166e-01  2.23696689e-01]
 [ 3.69159197e-01 -3.44005395e-01  1.35311539e-02 -1.45948166e-01
   6.82237383e-01 -3.26100964e-02]
 [ 1.40989370e-01 -1.42886814e-01  1.38290207e-02  2.23696689e-01
  -3.26100964e-02  1.19163656e+00]]","{'amplitude': 98.9573719525985, 'color': -0.026863421219852357, 's1': -0.3310966360632857, 's2': 1.0426793581538507, 's3': -0.18598069153209149, 't0': 53693.28716155262}","{'amplitude': 0.33240965755139074, 'color': 0.04431958735874522, 's1': 0.5913682290644658, 's2': 1.3019489129971002, 's3': 2.180157660323054, 't0': 0.5577703946208092}","[[ 3.11107813e-01  2.54588498e-03  3.62928346e-04 -2.74451720e-01
   3.03376790e-01 -4.00294278e-01]
 [ 2.54588498e-03  1.10496180e-01 -1.30600343e-02 -5.66829087e-02
  -3.01898894e-01 -4.73617779e-01]
 [ 3.62928346e-04 -1.30600343e-02  1.96422582e-03  9.57008472e-03
   2.63832080e-02  7.91761076e-02]
 [-2.74451720e-01 -5.66829087e-02  9.57008472e-03  3.49716382e-01
  -2.14092516e-01  9.06260208e-01]
 [ 3.03376790e-01 -3.01898894e-01  2.63832080e-02 -2.14092516e-01
   1.69507097e+00  5.20303974e-01]
 [-4.00294278e-01 -4.73617779e-01  7.91761076e-02  9.06260208e-01
   5.20303974e-01  4.75308742e+00]]"
SN2005lk,"{'amplitude': 97.97838482433785, 'color': -0.03902079150022734, 's1': 0.011129468057223443, 's2': -1.264090282279817, 's3': 0.8484223830371791, 't0': 53697.15663736325}","{'amplitude': 0.11788172104237414, 'color': 0.016835373535128196, 's1': 0.3213446315158197, 's2': 0.5808725664238296, 's3': 0.4876699864994659, 't0': 0.14828387209138713}","[[ 2.19881067e-02 -1.39190884e-04  4.38345455e-04 -2.27492494e-02
  -3.33585176e-02 -8.40644125e-03]
 [-1.39190884e-04  1.38961002e-02 -1.55892788e-03  7.31242348e-04
  -1.88002576e-02 -5.82393839e-03]
 [ 4.38345455e-04 -1.55892788e-03  2.83429802e-04 -2.52730543e-03
   2.91094793e-03 -3.57441806e-03]
 [-2.27492494e-02  7.31242348e-04 -2.52730543e-03  1.03262372e-01
  -1.20462217e-03  8.22325291e-02]
 [-3.33585176e-02 -1.88002576e-02  2.91094793e-03 -1.20462217e-03
   3.37412938e-01  1.12340272e-02]
 [-8.40644125e-03 -5.82393839e-03 -3.57441806e-03  8.22325291e-02
   1.12340272e-02  2.37822016e-01]]","{'amplitude': 97.9759484102971, 'color': -0.03301657626332699, 's1': 0.05486463597071922, 's2': -0.807725694821327, 's3': 0.01612270607277177, 't0': 53697.02728914925}","{'amplitude': 0.13004406628314738, 'color': 0.016736241603679113, 's1': 0.3077446714062658, 's2': 0.7949793539058335, 's3': 0.5782155054182746, 't0': 0.2067200158675996}","[[ 4.27331650e-02 -4.60672756e-03  8.87025304e-04 -3.82660716e-02
  -4.74955024e-02  1.22987291e-02]
 [-4.60672756e-03  1.69114592e-02 -2.00954259e-03  5.18624015e-03
  -3.97804765e-02 -6.28529889e-03]
 [ 8.87025304e-04 -2.00954259e-03  2.80101783e-04 -1.87587758e-03
   4.18935767e-03  3.96141655e-04]
 [-3.82660716e-02  5.18624015e-03 -1.87587758e-03  9.47067828e-02
   1.93642375e-02  2.01803531e-02]
 [-4.74955024e-02 -3.97804765e-02  4.18935767e-03  1.93642375e-02
   6.31992173e-01 -2.38907849e-02]
 [ 1.22987291e-02 -6.28529889e-03  3.96141655e-04  2.01803531e-02
  -2.38907849e-02  3.34333171e-01]]"
SN2006er,"{'amplitude': 96.56444041387722, 'color': 0.0691941295389819, 's1': 1.262917883151207, 's2': 1.2016846385979973, 's3': -0.09879093615636687, 't0': 53980.131458486045}","{'amplitude': 0.11857959920143188, 'color': 0.012583015076443464, 's1': 0.11214796240493353, 's2': 0.4226854401784996, 's3': 0.2760027734243115, 't0': 0.19697877012346732}","[[ 3.88006359e-02 -2.97006145e-03 -1.15513449e-03  1.03730136e-02
  -2.64652113e-02  6.74515101e-04]
 [-2.97006145e-03  1.40611213e-02 -7.88593974e-04 -6.35761181e-03
  -9.27779738e-03  1.98336617e-03]
 [-1.15513449e-03 -7.88593974e-04  1.58332268e-04 -4.27049638e-04
   1.41742361e-03 -7.59602748e-04]
 [ 1.03730136e-02 -6.35761181e-03 -4.27049638e-04  1.25771655e-02
  -2.28240187e-02  1.92300576e-02]
 [-2.64652113e-02 -9.27779738e-03  1.41742361e-03 -2.28240187e-02
   1.78662981e-01 -9.17493898e-02]
 [ 6.74515101e-04  1.98336617e-03 -7.59602748e-04  1.92300576e-02
  -9.17493898e-02  7.61775309e-02]]","{'amplitude': 96.49174826048998, 'color': 0.0669686072593982, 's1': 1.420039332429347, 's2': -0.09606277473151811, 's3': -0.367157324159869, 't0': 53980.19680943713}","{'amplitude': 0.36781642480023036, 'color': 0.024855958148334002, 's1': 0.22691905928917494, 's2': 1.2397877160306552, 's3': 0.5076289146247243, 't0': 0.21803243979323786}","[[ 4.75381448e-02  1.87368405e-02 -1.76900013e-03 -6.39957154e-03
  -2.27536445e-02 -1.96138726e-02]
 [ 1.87368405e-02  1.35288922e-01 -8.48518191e-03 -7.49453456e-02
   3.45545427e-01  6.91944634e-02]
 [-1.76900013e-03 -8.48518191e-03  6.17818655e-04  4.04969752e-03
  -1.95715531e-02 -5.31270711e-03]
 [-6.39957154e-03 -7.49453456e-02  4.04969752e-03  5.14922595e-02
  -2.44308807e-01 -3.99629705e-02]
 [-2.27536445e-02  3.45545427e-01 -1.95715531e-02 -2.44308807e-01
   1.53707358e+00  3.45943571e-01]
 [-1.96138726e-02  6.91944634e-02 -5.31270711e-03 -3.99629705e-02
   3.45943571e-01  2.57687115e-01]]"
SN2006ex,"{'amplitude': 98.97588858482608, 'color': 0.028913742147521213, 's1': -2.120484232689692, 's2': 0.20225260475225784, 's3': -1.2371966830986265, 't0': 53980.00158430891}","{'amplitude': 0.18000499080395285, 'color': 0.021496072165067395, 's1': 0.2166854114872191, 's2': 1.2139808856179688, 's3': 1.0310401938997065, 't0': 0.5062172166915755}","[[ 2.56255870e-01 -2.62509070e-02  2.27219352e-03  4.66859205e-02
   1.25925846e-02 -1.89770109e-01]
 [-2.62509070e-02  3.24017967e-02 -3.50321827e-03  8.18579769e-04
  -5.96348160e-02  3.68456454e-02]
 [ 2.27219352e-03 -3.50321827e-03  4.62081119e-04  3.26458214e-04
   1.09136345e-02 -6.61381743e-04]
 [ 4.66859205e-02  8.18579769e-04  3.26458214e-04  4.69525676e-02
   4.47951106e-02 -1.99311336e-02]
 [ 1.25925846e-02 -5.96348160e-02  1.09136345e-02  4.47951106e-02
   1.47374959e+00  7.61867748e-01]
 [-1.89770109e-01  3.68456454e-02 -6.61381743e-04 -1.99311336e-02
   7.61867748e-01  1.06304388e+00]]","{'amplitude': 98.94471291606062, 'color': 0.02658365735102607, 's1': -2.1184207056433375, 's2': 1.1803233116675067, 's3': 0.17566069691012962, 't0': 53979.87495471972}","{'amplitude': 0.2227974317454791, 'color': 0.019668380743467835, 's1': 0.1571090758364327, 's2': 0.8188310239298631, 's3': 0.6199318562960503, 't0': 0.7022047465944022}","[[ 4.93091506e-01 -9.70295814e-02  5.09482932e-03  6.36082312e-02
   4.04171814e-01 -2.10376117e-01]
 [-9.70295814e-02  4.96386956e-02 -3.58418828e-03 -1.28927442e-02
  -9.81504965e-02  4.85433611e-02]
 [ 5.09482932e-03 -3.58418828e-03  3.86845201e-04  4.86457215e-04
   1.00837125e-03 -5.35427574e-03]
 [ 6.36082312e-02 -1.28927442e-02  4.86457215e-04  2.46832617e-02
   5.65880456e-02 -3.58935619e-02]
 [ 4.04171814e-01 -9.81504965e-02  1.00837125e-03  5.65880456e-02
   6.70484246e-01 -2.92434864e-02]
 [-2.10376117e-01  4.85433611e-02 -5.35427574e-03 -3.58935619e-02
  -2.92434864e-02  3.84315506e-01]]"
SN2006ey,"{'amplitude': 99.99003411514107, 'color': 0.013107160085975681, 's1': 0.08111984046644082, 's2': -1.7943553883439665, 's3': 0.28772978346128886, 't0': 53979.46876686311}","{'amplitude': 0.18477926933615627, 'color': 0.024467223977205525, 's1': 0.32509600879254186, 's2': 0.9721611642459844, 's3': 0.6636162138421519, 't0': 0.5306653030264593}","[[ 2.81605664e-01  8.73599289e-03 -2.89346834e-03  7.02298998e-02
  -1.74482625e-01  2.84369494e-03]
 [ 8.73599289e-03  3.41433784e-02 -3.49258179e-03 -1.08769225e-02
   2.52069249e-02  3.08496789e-03]
 [-2.89346834e-03 -3.49258179e-03  5.98645049e-04 -3.06442669e-03
  -2.50675605e-03 -7.26424088e-03]
 [ 7.02298998e-02 -1.08769225e-02 -3.06442669e-03  1.05687415e-01
  -6.04062850e-02  7.79360450e-02]
 [-1.74482625e-01  2.52069249e-02 -2.50675605e-03 -6.04062850e-02
   9.45097329e-01  1.94295342e-01]
 [ 2.84369494e-03  3.08496789e-03 -7.26424088e-03  7.79360450e-02
   1.94295342e-01  4.40386479e-01]]","{'amplitude': 99.91574533923863, 'color': 0.008973540160356095, 's1': 0.3420527248911988, 's2': -2.005862071150747, 's3': 0.3597839355402904, 't0': 53979.7777588238}","{'amplitude': 0.18188604777772138, 'color': 0.023674006128074312, 's1': 0.2965587126868194, 's2': 0.9812698302451792, 's3': 0.5849812040902259, 't0': 0.6409858057649822}","[[ 4.10862803e-01  3.25070823e-03 -5.26250065e-03  1.14555353e-01
  -9.61344337e-02  8.68356884e-02]
 [ 3.25070823e-03  3.30825344e-02 -3.36377724e-03 -1.04170130e-02
   1.22819018e-02  8.36003516e-03]
 [-5.26250065e-03 -3.36377724e-03  5.60458566e-04 -2.47816862e-03
   1.13194996e-03 -4.94118236e-03]
 [ 1.14555353e-01 -1.04170130e-02 -2.47816862e-03  8.79470701e-02
  -7.84633068e-02  1.17145874e-02]
 [-9.61344337e-02  1.22819018e-02  1.13194996e-03 -7.84633068e-02
   9.62890480e-01  4.66644062e-02]
 [ 8.68356884e-02  8.36003516e-03 -4.94118236e-03  1.17145874e-02
   4.66644062e-02  3.42203009e-01]]"
SN2006fa,"{'amplitude': 99.19746850363296, 'color': 0.08329687350462972, 's1': 0.3331605501454572, 's2': 0.5068218894758123, 's3': -1.460131078535643, 't0': 53982.74731833523}","{'amplitude': 0.29716726548847805, 'color': 0.02730230816280609, 's1': 0.2580844403620858, 's2': 0.7817933200679231, 's3': 0.8721765257960451, 't0': 0.23126741513209484}","[[ 5.34846173e-02 -5.83018435e-03 -2.36772548e-04  1.22618722e-02
   3.40943858e-02 -6.82826093e-02]
 [-5.83018435e-03  8.83083837e-02 -6.57391197e-03  1.75209309e-02
  -1.31652389e-01  1.49569037e-01]
 [-2.36772548e-04 -6.57391197e-03  7.45416031e-04 -3.66853756e-03
   9.11264848e-03 -7.74724353e-03]
 [ 1.22618722e-02  1.75209309e-02 -3.66853756e-03  6.66075784e-02
  -8.02929262e-02 -4.66809759e-04]
 [ 3.40943858e-02 -1.31652389e-01  9.11264848e-03 -8.02929262e-02
   6.11200795e-01 -3.51052226e-01]
 [-6.82826093e-02  1.49569037e-01 -7.74724353e-03 -4.66809759e-04
  -3.51052226e-01  7.60691892e-01]]","{'amplitude': 99.1708343630523, 'color': 0.07905487416621304, 's1': 0.39053590615441963, 's2': 0.5917871838718349, 's3': -1.4445705090760896, 't0': 53982.777002795556}","{'amplitude': 0.31622760668738603, 'color': 0.03253411490519578, 's1': 0.3596348877123848, 's2': 0.6437763417076868, 's3': 1.1706954970262193, 't0': 0.29546602257468546}","[[ 8.73001705e-02 -2.33935174e-02  1.60171427e-03 -3.15716498e-02
   5.11806338e-02 -2.06277275e-01]
 [-2.33935174e-02  9.99998992e-02 -8.44874784e-03  4.55043809e-02
  -9.36414170e-02  1.64742588e-01]
 [ 1.60171427e-03 -8.44874784e-03  1.05846863e-03 -7.35442787e-03
   7.19417228e-03 -1.06267308e-02]
 [-3.15716498e-02  4.55043809e-02 -7.35442787e-03  1.29337252e-01
  -1.49777906e-01  1.49308990e-01]
 [ 5.11806338e-02 -9.36414170e-02  7.19417228e-03 -1.49777906e-01
   4.14447978e-01 -2.07009786e-01]
 [-2.06277275e-01  1.64742588e-01 -1.06267308e-02  1.49308990e-01
  -2.07009786e-01  1.37052795e+00]]"
SN2006fc,"{'amplitude': 97.92814491254417, 'color': 0.20197627124126027, 's1': 0.10366058267431692, 's2': 0.09721945556073393, 's3': -0.24032788759261922, 't0': 53994.042914442514}","{'amplitude': 0.2231269349379078, 'color': 0.016293843136864633, 's1': 0.37424169808617086, 's2': 0.5051410776780754, 's3': 0.6598304693827397, 't0': 0.2921008687992612}","[[ 8.53229176e-02 -1.13065671e-02  1.12161359e-03  3.19495892e-02
  -1.54371058e-02 -3.23074661e-02]
 [-1.13065671e-02  4.97856291e-02 -2.75155082e-03 -6.47653455e-02
   5.18285850e-02  9.17686693e-02]
 [ 1.12161359e-03 -2.75155082e-03  2.65489324e-04  2.07209760e-03
  -2.47606117e-03 -3.74732617e-03]
 [ 3.19495892e-02 -6.47653455e-02  2.07209760e-03  1.40056849e-01
  -1.20221668e-01 -1.36324793e-01]
 [-1.54371058e-02  5.18285850e-02 -2.47606117e-03 -1.20221668e-01
   2.55167508e-01  7.50737036e-02]
 [-3.23074661e-02  9.17686693e-02 -3.74732617e-03 -1.36324793e-01
   7.50737036e-02  4.35376248e-01]]","{'amplitude': 97.95078268851347, 'color': 0.1962785728210967, 's1': 0.06762910729489921, 's2': 0.44597631748654004, 's3': -0.5445262630491786, 't0': 53994.13468244638}","{'amplitude': 0.1445733177358239, 'color': 0.015273936079457928, 's1': 0.17561007596168784, 's2': 0.4235291054444746, 's3': 0.7095933252526044, 't0': 0.29528986498958115}","[[ 8.71961044e-02 -7.21684805e-03  7.77436010e-04  1.85948890e-02
   2.66138380e-03 -4.69714358e-02]
 [-7.21684805e-03  2.09014442e-02 -1.75838120e-03 -4.67842082e-03
  -6.03172546e-03  3.08067306e-02]
 [ 7.77436010e-04 -1.75838120e-03  2.33293123e-04  2.50248397e-04
  -1.76905547e-03 -1.04286656e-03]
 [ 1.85948890e-02 -4.67842082e-03  2.50248397e-04  3.08388988e-02
  -1.10858463e-02  7.26629032e-03]
 [ 2.66138380e-03 -6.03172546e-03 -1.76905547e-03 -1.10858463e-02
   1.79376903e-01  6.57264159e-02]
 [-4.69714358e-02  3.08067306e-02 -1.04286656e-03  7.26629032e-03
   6.57264159e-02  5.03522687e-01]]"
SN2006fk,"{'amplitude': 99.86597991490235, 'color': 0.0973976644862758, 's1': 1.1542029378570164, 's2': 0.22557689489758162, 's3': -0.19955094834484807, 't0': 53996.653054381386}","{'amplitude': 0.23065771101149746, 'color': 0.023098298908275264, 's1': 0.2230722352084835, 's2': 0.7885554558794243, 's3': 0.9556946876385182, 't0': 0.3695569467507893}","[[ 1.36572337e-01 -1.90429316e-02  1.46889851e-03  2.22857764e-02
  -9.58560013e-03 -1.10347526e-01]
 [-1.90429316e-02  5.32029796e-02 -3.98426595e-03 -1.58078835e-02
  -5.03284695e-02  7.10462245e-02]
 [ 1.46889851e-03 -3.98426595e-03  5.33531412e-04 -9.26450934e-04
   5.45242156e-03  2.59317888e-03]
 [ 2.22857764e-02 -1.58078835e-02 -9.26450934e-04  4.97612221e-02
  -6.85257665e-02 -1.24364351e-01]
 [-9.58560013e-03 -5.03284695e-02  5.45242156e-03 -6.85257665e-02
   6.21819707e-01  6.18351523e-02]
 [-1.10347526e-01  7.10462245e-02  2.59317888e-03 -1.24364351e-01
   6.18351523e-02  9.13352336e-01]]","{'amplitude': 99.88328785426526, 'color': 0.09690093369475085, 's1': 1.1786968951958587, 's2': 0.12369225830688642, 's3': -0.492836441573635, 't0': 53996.75887501083}","{'amplitude': 0.2620909852942382, 'color': 0.024794402821529515, 's1': 0.25626725813885487, 's2': 0.7239756264046467, 's3': 0.9443326778546216, 't0': 0.3746286373607068}","[[ 1.40346616e-01 -7.18512318e-03  1.50639208e-04  2.19372158e-02
  -3.56524495e-02 -1.02072700e-01]
 [-7.18512318e-03  6.86916846e-02 -5.01689518e-03 -2.96641335e-02
  -2.76760747e-02  6.12654921e-02]
 [ 1.50639208e-04 -5.01689518e-03  6.14762411e-04 -6.04298547e-04
   3.36777618e-03  4.04414689e-03]
 [ 2.19372158e-02 -2.96641335e-02 -6.04298547e-04  6.56729076e-02
  -7.17283322e-02 -1.46621811e-01]
 [-3.56524495e-02 -2.76760747e-02  3.36777618e-03 -7.17283322e-02
   5.24140708e-01  1.68586636e-01]
 [-1.02072700e-01  6.12654921e-02  4.04414689e-03 -1.46621811e-01
   1.68586636e-01  8.91764206e-01]]"
SN2006fl,"{'amplitude': 100.48485345380885, 'color': -0.10562943365407913, 's1': -1.2988209008034763, 's2': -0.27783821332685454, 's3': -0.7576788161367375, 't0': 53997.44152888413}","{'amplitude': 0.10918441060933266, 'color': 0.013304096853256703, 's1': 0.2779537838991171, 's2': 0.3628593413541935, 's3': 0.5781632847089149, 't0': 0.2906345447031356}","[[ 8.44684386e-02 -1.91384837e-03  2.01459982e-04  2.62843774e-03
  -3.17101313e-02 -5.77788863e-02]
 [-1.91384837e-03  1.19212355e-02 -1.31589100e-03 -6.22309877e-03
  -3.92947167e-03  1.15347639e-02]
 [ 2.01459982e-04 -1.31589100e-03  1.76998993e-04  1.26752423e-03
   2.83849146e-05  5.23028772e-04]
 [ 2.62843774e-03 -6.22309877e-03  1.26752423e-03  7.72583060e-02
   3.39461067e-02 -5.00640603e-03]
 [-3.17101313e-02 -3.92947167e-03  2.83849146e-05  3.39461067e-02
   1.31666902e-01 -8.15258527e-02]
 [-5.77788863e-02  1.15347639e-02  5.23028772e-04 -5.00640603e-03
  -8.15258527e-02  3.34272784e-01]]","{'amplitude': 100.45586720123316, 'color': -0.1036626607941053, 's1': -1.3151571166627283, 's2': -0.31744296367122843, 's3': -0.8363231027530321, 't0': 53997.44388708048}","{'amplitude': 0.12167295881840182, 'color': 0.01623749095350382, 's1': 0.30219384896425255, 's2': 0.4484283513114969, 's3': 0.6159351012992113, 't0': 0.3104272571976373}","[[ 9.63650820e-02 -4.20345158e-03  4.82608754e-04 -2.98852237e-03
  -4.16648920e-02 -4.61416068e-02]
 [-4.20345158e-03  1.48043089e-02 -1.80856022e-03 -1.39693686e-02
  -8.82039365e-03  6.33171837e-03]
 [ 4.82608754e-04 -1.80856022e-03  2.63656112e-04  2.46337877e-03
   2.83157806e-04  1.66218509e-03]
 [-2.98852237e-03 -1.39693686e-02  2.46337877e-03  9.13211224e-02
   4.30934692e-02 -1.82373502e-03]
 [-4.16648920e-02 -8.82039365e-03  2.83157806e-04  4.30934692e-02
   2.01087986e-01 -1.33170952e-01]
 [-4.61416068e-02  6.33171837e-03  1.66218509e-03 -1.82373502e-03
  -1.33170952e-01  3.79376049e-01]]"
SN2006fm,"{'amplitude': 98.73698831659576, 'color': -0.049518151463535866, 's1': -0.06379663364609282, 's2': -0.6037274780053448, 's3': 0.6292312631434545, 't0': 54003.8423789407}","{'amplitude': 0.07221713854492669, 'color': 0.009393217366239994, 's1': 0.09081762292261171, 's2': 0.1390698546970759, 's3': 0.28767594555111164, 't0': 0.0902242171038412}","[[ 8.14040935e-03  4.31506371e-04 -1.25954370e-04  1.19474179e-03
   3.42263683e-03  2.23575556e-03]
 [ 4.31506371e-04  5.21531510e-03 -6.34646899e-04  9.07104274e-05
  -1.19982836e-03 -2.23858540e-03]
 [-1.25954370e-04 -6.34646899e-04  8.82325325e-05 -1.84661724e-04
   1.95908271e-04 -2.05954419e-04]
 [ 1.19474179e-03  9.07104274e-05 -1.84661724e-04  8.24784063e-03
   3.07949157e-05 -2.69561474e-04]
 [ 3.42263683e-03 -1.19982836e-03  1.95908271e-04  3.07949157e-05
   1.93404245e-02  6.81903008e-03]
 [ 2.23575556e-03 -2.23858540e-03 -2.05954419e-04 -2.69561474e-04
   6.81903008e-03  8.27574496e-02]]","{'amplitude': 98.80580800544357, 'color': -0.055519226034188275, 's1': -0.06791475715182631, 's2': -0.4971536527907162, 's3': 0.22377420048119553, 't0': 54003.86317504373}","{'amplitude': 0.09196030787059506, 'color': 0.010906596700034516, 's1': 0.1087135861187425, 's2': 0.20535365992768828, 's3': 0.4832222497932527, 't0': 0.10084474024864062}","[[ 1.01696616e-02 -1.50502578e-03  5.30502534e-05  6.70914535e-04
   3.86178349e-03  1.47722424e-02]
 [-1.50502578e-03  8.45669822e-03 -9.61213858e-04  7.42349565e-04
  -4.73465674e-03 -2.15419661e-02]
 [ 5.30502534e-05 -9.61213858e-04  1.18953852e-04 -2.78647412e-04
   4.51373072e-04  2.12078383e-03]
 [ 6.70914535e-04  7.42349565e-04 -2.78647412e-04  1.18186438e-02
  -5.78654074e-04 -1.43879233e-02]
 [ 3.86178349e-03 -4.73465674e-03  4.51373072e-04 -5.78654074e-04
   4.21701256e-02  4.35754602e-02]
 [ 1.47722424e-02 -2.15419661e-02  2.12078383e-03 -1.43879233e-02
   4.35754602e-02  2.33503743e-01]]"
SN2006fn,"{'amplitude': 99.40340220472991, 'color': 0.104010358465489, 's1': 0.2710431593006645, 's2': 1.7252365594730221, 's3': -0.8892889282467844, 't0': 53994.5099336755}","{'amplitude': 0.3059283008589149, 'color': 0.024513459229137606, 's1': 0.2305212012903008, 's2': 0.43904194541202624, 's3': 0.5165763439974213, 't0': 0.6755146490402885}","[[ 0.45632004 -0.09620952  0.00791064  0.07314647  0.08098724 -0.14398763]
 [-0.09620952  0.09359213 -0.00584808 -0.02494193 -0.1000451   0.08482251]
 [ 0.00791064 -0.00584808  0.00060091  0.00078749  0.00250312 -0.00400716]
 [ 0.07314647 -0.02494193  0.00078749  0.05314002  0.02478779  0.00386844]
 [ 0.08098724 -0.1000451   0.00250312  0.02478779  0.19275783 -0.11272792]
 [-0.14398763  0.08482251 -0.00400716  0.00386844 -0.11272792  0.26685112]]","{'amplitude': 99.21704812266034, 'color': 0.11105047787077424, 's1': 0.45473747394850433, 's2': 1.9768161792847325, 's3': -0.5958830163934852, 't0': 53994.584729172275}","{'amplitude': 0.39781656432648177, 'color': 0.02693843052704945, 's1': 0.3225609334299294, 's2': 0.6352092435887889, 's3': 0.5918395586452191, 't0': 0.8139976499003142}","[[ 0.66259217 -0.21341771  0.00991483  0.16664472  0.29222768 -0.09251643]
 [-0.21341771  0.15825802 -0.0070955  -0.08560206 -0.21265785  0.03928588]
 [ 0.00991483 -0.0070955   0.00072568  0.00104228  0.00333116 -0.00344503]
 [ 0.16664472 -0.08560206  0.00104228  0.10404556  0.14614954  0.0369751 ]
 [ 0.29222768 -0.21265785  0.00333116  0.14614954  0.40349078 -0.01896006]
 [-0.09251643  0.03928588 -0.00344503  0.0369751  -0.01896006  0.35027406]]"
SN2006fu,"{'amplitude': 101.40886325939618, 'color': -0.18563096379728483, 's1': -1.5786475413212802, 's2': 0.8744931171338769, 's3': -0.43185980818829567, 't0': 53987.60357155392}","{'amplitude': 0.1916970100324843, 'color': 0.019872305139991754, 's1': 0.3514705853084367, 's2': 0.8473681361273975, 's3': 0.8362710260965132, 't0': 0.3916368026517671}","[[ 1.53379385e-01 -1.49564508e-02 -8.26715563e-04 -3.81357294e-02
   1.84020292e-01 -1.67269440e-01]
 [-1.49564508e-02  3.67477437e-02 -2.61304886e-03  1.50792565e-03
  -6.92586790e-02  1.99636310e-02]
 [-8.26715563e-04 -2.61304886e-03  3.94908512e-04 -6.06125688e-04
  -3.12848081e-03  2.74970938e-03]
 [-3.81357294e-02  1.50792565e-03 -6.06125688e-04  1.23531572e-01
   5.14290225e-02  5.22037353e-03]
 [ 1.84020292e-01 -6.92586790e-02 -3.12848081e-03  5.14290225e-02
   7.18032758e-01 -3.16833608e-01]
 [-1.67269440e-01  1.99636310e-02  2.74970938e-03  5.22037353e-03
  -3.16833608e-01  6.99349229e-01]]","{'amplitude': 101.3705623860463, 'color': -0.18285678987324014, 's1': -1.3263272001977864, 's2': 0.28775795603776877, 's3': -0.5989290492648863, 't0': 53987.47179962894}","{'amplitude': 0.20275283009807085, 'color': 0.019062386387933408, 's1': 0.40699374881197364, 's2': 1.330838062229176, 's3': 1.09872505379731, 't0': 0.4246583359269321}","[[ 1.80334702e-01 -2.15924913e-02  1.00166171e-05 -1.13993176e-01
   3.78941520e-01 -1.38196774e-01]
 [-2.15924913e-02  4.11087101e-02 -2.46134442e-03  2.39375009e-02
  -8.28206247e-02  9.09710276e-02]
 [ 1.00166171e-05 -2.46134442e-03  3.63374575e-04 -8.70602819e-04
  -2.39431675e-03  4.71305417e-04]
 [-1.13993176e-01  2.39375009e-02 -8.70602819e-04  1.65643912e-01
  -2.73382568e-01  7.35382752e-02]
 [ 3.78941520e-01 -8.28206247e-02 -2.39431675e-03 -2.73382568e-01
   1.77112995e+00 -4.10159427e-01]
 [-1.38196774e-01  9.09710276e-02  4.71305417e-04  7.35382752e-02
  -4.10159427e-01  1.20719674e+00]]"
SN2006fv,"{'amplitude': 98.76470170288603, 'color': 0.03424853687224056, 's1': 0.9531501926053272, 's2': -0.06187813886449599, 's3': -1.568643283168985, 't0': 53996.24724478812}","{'amplitude': 0.10771683309376898, 'color': 0.01116766259256385, 's1': 0.11629734199033413, 's2': 0.36214389896995863, 's3': 0.3873368157539464, 't0': 0.1858123176608683}","[[ 3.45262174e-02 -4.06475571e-03  5.02733308e-04  8.51362747e-03
  -1.37657051e-02  4.95562805e-03]
 [-4.06475571e-03  1.16029161e-02 -9.58349957e-04 -2.59451380e-03
  -1.22031432e-03  1.82960486e-02]
 [ 5.02733308e-04 -9.58349957e-04  1.24716688e-04  9.77582373e-06
  -1.49361447e-04  1.59049000e-04]
 [ 8.51362747e-03 -2.59451380e-03  9.77582373e-06  1.35250718e-02
  -2.82517486e-02 -6.28646159e-03]
 [-1.37657051e-02 -1.22031432e-03 -1.49361447e-04 -2.82517486e-02
   1.31148204e-01  1.13088850e-02]
 [ 4.95562805e-03  1.82960486e-02  1.59049000e-04 -6.28646159e-03
   1.13088850e-02  1.50029809e-01]]","{'amplitude': 98.81930730302145, 'color': 0.027643073498700033, 's1': 0.9015605910537797, 's2': -0.12808790418612256, 's3': -1.728292443986437, 't0': 53996.1767115137}","{'amplitude': 0.1207002604962264, 'color': 0.012249557377399821, 's1': 0.11908545996613036, 's2': 0.3793910284302752, 's3': 0.28858067550067207, 't0': 0.1789291594155557}","[[ 0.03201564 -0.00024005  0.00033075  0.00735186 -0.01045108  0.02095652]
 [-0.00024005  0.01456855 -0.00116426  0.00306225 -0.02143585  0.01418449]
 [ 0.00033075 -0.00116426  0.00015005 -0.00021749  0.00039884  0.00032218]
 [ 0.00735186  0.00306225 -0.00021749  0.01418135 -0.02955009  0.01643175]
 [-0.01045108 -0.02143585  0.00039884 -0.02955009  0.14393755 -0.07414548]
 [ 0.02095652  0.01418449  0.00032218  0.01643175 -0.07414548  0.08327881]]"
SN2006fy,"{'amplitude': 96.52945057555813, 'color': 0.010393858138727178, 's1': 0.4682665608175147, 's2': -0.06700940319901671, 's3': 0.6738959191937645, 't0': 54000.803895190824}","{'amplitude': 0.0382075647392945, 'color': 0.005241426558268484, 's1': 0.029590837441793895, 's2': 0.0815369468128451, 's3': 0.08073764305801753, 't0': 0.08228352808540959}","[[ 6.77057899e-03  1.23336769e-03 -1.38180760e-04  9.25596628e-04
  -1.78451033e-03  1.09658098e-03]
 [ 1.23336769e-03  1.45981800e-03 -1.85884661e-04  2.88777255e-04
  -1.17895300e-03  1.33070193e-03]
 [-1.38180760e-04 -1.85884661e-04  2.74725524e-05 -7.65148614e-05
   6.66917991e-05 -2.44692097e-04]
 [ 9.25596628e-04  2.88777255e-04 -7.65148614e-05  8.75617661e-04
   6.22020713e-04  9.60299154e-04]
 [-1.78451033e-03 -1.17895300e-03  6.66917991e-05  6.22020713e-04
   6.64827370e-03 -1.10450537e-03]
 [ 1.09658098e-03  1.33070193e-03 -2.44692097e-04  9.60299154e-04
  -1.10450537e-03  6.51856701e-03]]","{'amplitude': 96.59473755986033, 'color': 0.00018288561381091207, 's1': 0.48640348383001475, 's2': -0.11972189678147328, 's3': 0.7741631308970407, 't0': 54000.791056229325}","{'amplitude': 0.05708411772734957, 'color': 0.008551619172491374, 's1': 0.041932452511603706, 's2': 0.16827511786138055, 's3': 0.18423940802118016, 't0': 0.0753808106269322}","[[ 5.68226661e-03  3.01503516e-04  5.28876673e-05 -3.49668319e-04
  -2.86501538e-03 -1.79008357e-03]
 [ 3.01503516e-04  3.25859650e-03 -4.59195745e-04  8.87494667e-04
  -7.38730973e-03  7.43267906e-03]
 [ 5.28876673e-05 -4.59195745e-04  7.31301905e-05 -2.17049854e-04
   1.00382846e-03 -1.34321967e-03]
 [-3.49668319e-04  8.87494667e-04 -2.17049854e-04  1.75833057e-03
  -2.72692387e-03  5.78591764e-03]
 [-2.86501538e-03 -7.38730973e-03  1.00382846e-03 -2.72692387e-03
   2.83165153e-02 -2.17181059e-02]
 [-1.79008357e-03  7.43267906e-03 -1.34321967e-03  5.78591764e-03
  -2.17181059e-02  3.39441595e-02]]"
SN2006fz,"{'amplitude': 97.85509494709194, 'color': -0.024661415790168947, 's1': 0.8125496297483294, 's2': -0.7782477495583504, 's3': -0.2559319762911739, 't0': 54004.48220743768}","{'amplitude': 0.07041807203038182, 'color': 0.005970749582978399, 's1': 0.07005055482385296, 's2': 0.5081994080337732, 's3': 0.6084304069228804, 't0': 0.11638467208001702}","[[ 1.35453919e-02 -8.65535866e-04 -1.34432920e-05 -4.96669407e-03
  -5.33020336e-02  4.73790718e-02]
 [-8.65535866e-04  4.95870487e-03 -3.57978461e-04 -2.21856789e-03
   6.61248025e-03  1.43651559e-02]
 [-1.34432920e-05 -3.57978461e-04  3.56498506e-05  1.24514460e-04
  -1.30287466e-04 -9.01294721e-04]
 [-4.96669407e-03 -2.21856789e-03  1.24514460e-04  4.90708023e-03
   2.20018510e-02 -3.30443815e-02]
 [-5.33020336e-02  6.61248025e-03 -1.30287466e-04  2.20018510e-02
   2.58266638e-01 -2.10290116e-01]
 [ 4.73790718e-02  1.43651559e-02 -9.01294721e-04 -3.30443815e-02
  -2.10290116e-01  3.70187560e-01]]","{'amplitude': 97.84436131529654, 'color': -0.023832870023322517, 's1': 0.8591385211656417, 's2': -0.489817666190146, 's3': -0.3831246187621234, 't0': 54004.405376539944}","{'amplitude': 0.06211920712053766, 'color': 0.006174752355607634, 's1': 0.038210726798631196, 's2': 0.21337868059394424, 's3': 0.3156856762627418, 't0': 0.04523496143913499}","[[ 2.04620174e-03 -4.43265437e-04  2.41796012e-05 -2.37722103e-04
  -2.70460212e-03 -3.56380477e-03]
 [-4.43265437e-04  3.85879589e-03 -3.10845567e-04 -5.85460448e-04
   7.32432315e-03  1.13738184e-02]
 [ 2.41796012e-05 -3.10845567e-04  3.81275667e-05 -3.60822130e-05
  -6.32578521e-04 -5.10699542e-04]
 [-2.37722103e-04 -5.85460448e-04 -3.60822130e-05  1.46005964e-03
   1.51274743e-03 -1.79232425e-04]
 [-2.70460212e-03  7.32432315e-03 -6.32578521e-04  1.51274743e-03
   4.55304613e-02  3.88431547e-02]
 [-3.56380477e-03  1.13738184e-02 -5.10699542e-04 -1.79232425e-04
   3.88431547e-02  9.96574462e-02]]"
SN2006gn,"{'amplitude': 97.64094900902298, 'color': -0.0672151221599399, 's1': -1.1867893886700205, 's2': -0.2545346782915741, 's3': -1.0747334408281266, 't0': 53988.496626167966}","{'amplitude': 0.14978145730427522, 'color': 0.02145092815762446, 's1': 0.7027072191929208, 's2': 0.9788838997137554, 's3': 0.95614909153168, 't0': 0.2528141165582981}","[[ 6.39149775e-02 -7.95795806e-03  1.87201613e-03 -3.68675677e-02
   1.25367319e-01  5.53803114e-02]
 [-7.95795806e-03  2.24344850e-02 -3.00879706e-03  7.89146262e-02
  -5.38216988e-02  5.38157450e-02]
 [ 1.87201613e-03 -3.00879706e-03  4.60142319e-04 -1.26237967e-02
   9.42136849e-03 -6.87552838e-03]
 [-3.68675677e-02  7.89146262e-02 -1.26237967e-02  4.93797436e-01
  -4.34305693e-01  1.66803669e-01]
 [ 1.25367319e-01 -5.38216988e-02  9.42136849e-03 -4.34305693e-01
   9.58213689e-01  4.55544108e-01]
 [ 5.53803114e-02  5.38157450e-02 -6.87552838e-03  1.66803669e-01
   4.55544108e-01  9.14221085e-01]]","{'amplitude': 97.55573003870938, 'color': -0.046432342309574645, 's1': -1.8145984418223067, 's2': 0.13911714334534853, 's3': -1.1870699482430476, 't0': 53988.52832692089}","{'amplitude': 0.07584358865301112, 'color': 0.008942673732587274, 's1': 0.12315858383545403, 's2': 0.32756632517491907, 's3': 0.30067918560296686, 't0': 0.16376115961106036}","[[ 2.68177174e-02  3.81291497e-03 -4.40833906e-05  3.66737072e-03
   4.71829979e-02  5.91364369e-04]
 [ 3.81291497e-03  5.75224994e-03 -5.54835209e-04  2.96683386e-03
   6.91695213e-03  6.24603990e-03]
 [-4.40833906e-05 -5.54835209e-04  7.99714135e-05 -2.37002488e-04
  -2.55563777e-04  3.75675143e-04]
 [ 3.66737072e-03  2.96683386e-03 -2.37002488e-04  1.51680368e-02
   6.31595048e-03  5.04996916e-03]
 [ 4.71829979e-02  6.91695213e-03 -2.55563777e-04  6.31595048e-03
   1.07299697e-01 -2.14705931e-02]
 [ 5.91364369e-04  6.24603990e-03  3.75675143e-04  5.04996916e-03
  -2.14705931e-02  9.04079727e-02]]"
SN2006hl,"{'amplitude': 99.06136158172261, 'color': -0.045507096140501815, 's1': -0.7869201402209285, 's2': 0.5089888700996091, 's3': 0.7094707395784546, 't0': 54010.794603875984}","{'amplitude': 0.09863798802248956, 'color': 0.010410657374268524, 's1': 0.16739465338117818, 's2': 0.5650898812259048, 's3': 0.5754524949266104, 't0': 0.11916477001158275}","[[ 1.42002424e-02 -1.74496693e-04 -1.96239915e-04 -1.46870919e-03
   1.64558244e-02  2.57067959e-02]
 [-1.74496693e-04  9.72945268e-03 -7.10218034e-04  1.62972163e-03
  -2.39214938e-02 -2.15651751e-02]
 [-1.96239915e-04 -7.10218034e-04  1.08381787e-04 -9.57768334e-05
  -1.52847635e-03 -1.21129528e-03]
 [-1.46870919e-03  1.62972163e-03 -9.57768334e-05  2.80209700e-02
  -2.63436465e-02  8.25267666e-03]
 [ 1.64558244e-02 -2.39214938e-02 -1.52847635e-03 -2.63436465e-02
   3.19326574e-01  2.00803243e-01]
 [ 2.57067959e-02 -2.15651751e-02 -1.21129528e-03  8.25267666e-03
   2.00803243e-01  3.31145574e-01]]","{'amplitude': 99.20768162932457, 'color': -0.05308740831057294, 's1': -0.8286156694501533, 's2': -0.5840889696919861, 's3': 0.8329817817889709, 't0': 54010.80961151247}","{'amplitude': 0.08608206721655307, 'color': 0.010023739148763207, 's1': 0.11431037763638265, 's2': 0.2708878356499522, 's3': 0.2727175380949769, 't0': 0.11162919596108155}","[[ 1.24610774e-02 -2.42581867e-04 -1.05469683e-04 -8.36182046e-04
   6.95812410e-03  1.37810950e-02]
 [-2.42581867e-04  7.41012230e-03 -8.09033363e-04 -2.33475473e-03
   6.50232300e-04 -2.99384209e-03]
 [-1.05469683e-04 -8.09033363e-04  1.00475347e-04  4.56421492e-05
  -3.19749331e-05 -3.47865144e-04]
 [-8.36182046e-04 -2.33475473e-03  4.56421492e-05  1.30668624e-02
  -4.85320124e-03  1.38651008e-02]
 [ 6.95812410e-03  6.50232300e-04 -3.19749331e-05 -4.85320124e-03
   7.33802195e-02 -1.73808413e-02]
 [ 1.37810950e-02 -2.99384209e-03 -3.47865144e-04  1.38651008e-02
  -1.73808413e-02  7.43748556e-02]]"
SN2006hr,"{'amplitude': 98.86399269865619, 'color': 0.08343176004047734, 's1': -1.0979135731181844, 's2': 0.9735124071716258, 's3': -0.3981321810786333, 't0': 54007.247053859806}","{'amplitude': 0.13013977705494706, 'color': 0.011906368730726518, 's1': 0.2215468116375881, 's2': 0.4236307256700802, 's3': 0.6303500710403226, 't0': 0.21278140129662762}","[[ 4.52759247e-02  1.73605852e-03 -5.95541687e-05 -1.16918176e-02
   1.79806918e-02 -7.64628338e-02]
 [ 1.73605852e-03  1.69363616e-02 -1.20115192e-03  1.02441338e-02
  -3.23751435e-02 -8.26055688e-03]
 [-5.95541687e-05 -1.20115192e-03  1.41761616e-04  3.67791843e-05
   3.56279360e-04 -5.46272869e-04]
 [-1.16918176e-02  1.02441338e-02  3.67791843e-05  4.90829897e-02
  -6.24749365e-02 -6.94318835e-03]
 [ 1.79806918e-02 -3.23751435e-02  3.56279360e-04 -6.24749365e-02
   1.79462992e-01  3.82241092e-02]
 [-7.64628338e-02 -8.26055688e-03 -5.46272869e-04 -6.94318835e-03
   3.82241092e-02  3.97341212e-01]]","{'amplitude': 98.93287711895174, 'color': 0.07725497515962701, 's1': -1.1435985102505355, 's2': 0.9578349590432333, 's3': -0.6312477261125097, 't0': 54007.357487467445}","{'amplitude': 0.11637143551376308, 'color': 0.01204488306147128, 's1': 0.16458996539985224, 's2': 0.3466367526266644, 's3': 0.5013085221959552, 't0': 0.20355344583116874}","[[ 4.14340053e-02 -4.44329725e-03 -9.91688463e-05 -2.15528744e-02
   3.96429290e-02 -4.84333815e-02]
 [-4.44329725e-03  1.35423110e-02 -1.19758752e-03  2.63273080e-03
  -1.94900196e-02  5.89986752e-04]
 [-9.91688463e-05 -1.19758752e-03  1.45079208e-04  3.50509353e-05
   2.44069771e-04  4.44010060e-04]
 [-2.15528744e-02  2.63273080e-03  3.50509353e-05  2.70898567e-02
  -2.77153105e-02  2.41535966e-02]
 [ 3.96429290e-02 -1.94900196e-02  2.44069771e-04 -2.77153105e-02
   1.20157038e-01 -1.38619299e-02]
 [-4.84333815e-02  5.89986752e-04  4.44010060e-04  2.41535966e-02
  -1.38619299e-02  2.51310234e-01]]"
SN2006ht,"{'amplitude': 99.07562980881987, 'color': 0.1428229500309979, 's1': 1.169260814579208, 's2': 0.5107202764656629, 's3': -1.65394846552527, 't0': 54011.92140266423}","{'amplitude': 0.27645355424540563, 'color': 0.020738355842733605, 's1': 0.19824635855518666, 's2': 0.603251400330975, 's3': 0.6757378336854855, 't0': 0.29961141661654744}","[[ 8.97670010e-02  4.09359925e-02  1.96952190e-04 -6.04015258e-03
  -8.40842262e-02  9.81516350e-02]
 [ 4.09359925e-02  7.64265677e-02 -2.96794218e-03 -6.68007533e-03
  -8.87449570e-02  1.28317723e-01]
 [ 1.96952190e-04 -2.96794218e-03  4.30079403e-04 -7.17261676e-04
   7.58968354e-05  5.08129535e-04]
 [-6.04015258e-03 -6.68007533e-03 -7.17261676e-04  3.93016187e-02
  -5.06750903e-02 -4.10092147e-02]
 [-8.40842262e-02 -8.87449570e-02  7.58968354e-05 -5.06750903e-02
   3.63912252e-01 -1.17049357e-01]
 [ 9.81516350e-02  1.28317723e-01  5.08129535e-04 -4.10092147e-02
  -1.17049357e-01  4.56621620e-01]]","{'amplitude': 99.229846206813, 'color': 0.14531673883939736, 's1': 1.1546338733209611, 's2': -0.1096573224818236, 's3': -0.7272284227149965, 't0': 54012.028409385275}","{'amplitude': 0.22607300639301242, 'color': 0.022879224504859796, 's1': 0.17401073216670573, 's2': 0.6632308466063014, 's3': 0.7961900247362891, 't0': 0.22769373744544225}","[[ 5.18444381e-02  8.30537048e-03 -6.73165254e-04  1.57474891e-03
   2.00738784e-02 -2.37082330e-02]
 [ 8.30537048e-03  5.11090042e-02 -4.36975849e-03 -1.49806540e-02
  -2.06683394e-02  6.45882442e-02]
 [-6.73165254e-04 -4.36975849e-03  5.23458914e-04  1.52602216e-04
   8.44013039e-04 -3.82222302e-03]
 [ 1.57474891e-03 -1.49806540e-02  1.52602216e-04  3.02797349e-02
  -9.44692718e-03 -7.07504627e-02]
 [ 2.00738784e-02 -2.06683394e-02  8.44013039e-04 -9.44692718e-03
   4.39875156e-01 -1.77801711e-01]
 [-2.37082330e-02  6.45882442e-02 -3.82222302e-03 -7.07504627e-02
  -1.77801711e-01  6.33918555e-01]]"
SN2006hu,"{'amplitude': 99.55127241082063, 'color': 0.09419454408873935, 's1': -0.8653750428010181, 's2': -0.7496480289866677, 's3': -0.7622324173759948, 't0': 54010.561356183556}","{'amplitude': 0.11641795015654441, 'color': 0.01354483376199407, 's1': 0.2519352369039811, 's2': 0.30966627397025553, 's3': 0.42745188244328447, 't0': 0.17657605189158695}","[[ 3.11791021e-02 -1.83204775e-03  3.22556756e-04  7.30348815e-03
   3.15993515e-03 -1.52992121e-02]
 [-1.83204775e-03  1.35531391e-02 -1.50269926e-03 -8.56889780e-03
  -5.91691620e-03  4.36320499e-03]
 [ 3.22556756e-04 -1.50269926e-03  1.83462522e-04  9.71067683e-04
   2.87542916e-04 -2.48839952e-05]
 [ 7.30348815e-03 -8.56889780e-03  9.71067683e-04  6.34713636e-02
   1.53867442e-02  3.85599907e-02]
 [ 3.15993515e-03 -5.91691620e-03  2.87542916e-04  1.53867442e-02
   9.58932012e-02 -1.52970603e-02]
 [-1.52992121e-02  4.36320499e-03 -2.48839952e-05  3.85599907e-02
  -1.52970603e-02  1.82715112e-01]]","{'amplitude': 99.53163668585981, 'color': 0.09631051840132336, 's1': -0.7654460847880186, 's2': -0.8504812053765658, 's3': -0.581899774633912, 't0': 54010.56750541541}","{'amplitude': 0.12417793311866791, 'color': 0.014614925495714708, 's1': 0.24434988466814322, 's2': 0.498061577115948, 's3': 0.47451300962741705, 't0': 0.1748314917850969}","[[ 3.05660505e-02 -1.78884846e-04  1.10121572e-04 -7.56125557e-04
   3.06170296e-03 -2.21520650e-02]
 [-1.78884846e-04  1.54201591e-02 -1.71788153e-03 -1.09410828e-02
  -2.77538639e-03 -2.42680994e-03]
 [ 1.10121572e-04 -1.71788153e-03  2.13596047e-04  8.45374597e-04
   1.12952435e-04  1.18833203e-04]
 [-7.56125557e-04 -1.09410828e-02  8.45374597e-04  5.97068661e-02
  -1.12861902e-04  4.11162174e-02]
 [ 3.06170296e-03 -2.77538639e-03  1.12952435e-04 -1.12861902e-04
   2.48065335e-01 -6.69972195e-02]
 [-2.21520650e-02 -2.42680994e-03  1.18833203e-04  4.11162174e-02
  -6.69972195e-02  2.25162596e-01]]"
SN2006hv,"{'amplitude': 99.27049660328785, 'color': -0.024218269711826168, 's1': -0.6957224981126557, 's2': 0.8147239473745089, 's3': 1.7625101363937, 't0': 54015.83767413139}","{'amplitude': 0.10165289159588127, 'color': 0.01010638552188985, 's1': 0.1532698540867859, 's2': 0.21445661658821974, 's3': 0.17053096965882808, 't0': 0.1158310959654259}","[[ 1.34168428e-02  3.05421327e-03 -1.44348500e-04  4.02006845e-03
  -1.09702418e-02 -4.60418092e-04]
 [ 3.05421327e-03  1.03333104e-02 -9.28029512e-04  2.84944682e-03
  -1.06376613e-02 -4.49759644e-03]
 [-1.44348500e-04 -9.28029512e-04  1.02139028e-04 -8.06124771e-05
   4.20157714e-04  7.70850492e-05]
 [ 4.02006845e-03  2.84944682e-03 -8.06124771e-05  2.34916482e-02
  -8.42645795e-03 -6.77338144e-03]
 [-1.09702418e-02 -1.06376613e-02  4.20157714e-04 -8.42645795e-03
   4.59916404e-02  2.77105715e-03]
 [-4.60418092e-04 -4.49759644e-03  7.70850492e-05 -6.77338144e-03
   2.77105715e-03  2.90808116e-02]]","{'amplitude': 99.20760923119583, 'color': -0.021872663749271635, 's1': -0.7904763364627126, 's2': 1.0151248922513252, 's3': 1.771906511263956, 't0': 54015.770880702985}","{'amplitude': 0.16803861453370011, 'color': 0.011480079405431847, 's1': 0.24295864067450199, 's2': 0.4586302981501419, 's3': 0.265318220652591, 't0': 0.24757638866041115}","[[ 6.12940682e-02  3.22745656e-02 -9.06438067e-04  4.41371465e-02
  -9.76133677e-02 -3.27952800e-02]
 [ 3.22745656e-02  2.82369760e-02 -1.43974551e-03  2.77418776e-02
  -6.45248319e-02 -2.08504015e-02]
 [-9.06438067e-04 -1.43974551e-03  1.31792223e-04 -7.67189089e-04
   1.70752558e-03  2.26146585e-04]
 [ 4.41371465e-02  2.77418776e-02 -7.67189089e-04  5.90289011e-02
  -8.30367354e-02 -2.65003238e-02]
 [-9.76133677e-02 -6.45248319e-02  1.70752558e-03 -8.30367354e-02
   2.10341750e-01  5.39890233e-02]
 [-3.27952800e-02 -2.08504015e-02  2.26146585e-04 -2.65003238e-02
   5.39890233e-02  7.03937582e-02]]"
SN2006hw,"{'amplitude': 99.19849566883934, 'color': 0.12780295177789788, 's1': -0.7640677754062867, 's2': -1.6625956033053582, 's3': -0.0845717280350584, 't0': 54015.21374733728}","{'amplitude': 0.11436441289268516, 'color': 0.01753474913681771, 's1': 0.3683849435897518, 's2': 0.7470458830008262, 's3': 0.8074551032043725, 't0': 0.16621730442342925}","[[ 2.76281923e-02  8.51281271e-04 -3.35080462e-04  1.23221471e-02
  -1.06201594e-02  2.29274473e-03]
 [ 8.51281271e-04  1.30792189e-02 -1.80518726e-03  9.10217679e-03
  -3.03080406e-02  3.01407486e-02]
 [-3.35080462e-04 -1.80518726e-03  3.07467427e-04 -2.76258846e-03
   8.17016193e-03 -8.85651328e-03]
 [ 1.23221471e-02  9.10217679e-03 -2.76258846e-03  1.35707467e-01
  -1.36985639e-01  2.06136380e-01]
 [-1.06201594e-02 -3.03080406e-02  8.17016193e-03 -1.36985639e-01
   5.58077551e-01 -5.02757471e-01]
 [ 2.29274473e-03  3.01407486e-02 -8.85651328e-03  2.06136380e-01
  -5.02757471e-01  6.51983744e-01]]","{'amplitude': 99.14697747754198, 'color': 0.13568770087343088, 's1': -0.7372745399061423, 's2': -1.504119166388001, 's3': -0.3317134183554285, 't0': 54015.17751450123}","{'amplitude': 0.11762377171380253, 'color': 0.01713678900793776, 's1': 0.370253851316721, 's2': 0.716257104761733, 's3': 0.8080487294912757, 't0': 0.1880109480491995}","[[ 3.53481166e-02  3.70873523e-03 -6.77672458e-04  1.45727289e-02
   2.51048794e-03  3.64490858e-03]
 [ 3.70873523e-03  1.38353517e-02 -1.85220420e-03  8.87317099e-03
  -3.06924932e-02  3.80754376e-02]
 [-6.77672458e-04 -1.85220420e-03  2.93669538e-04 -2.35299154e-03
   6.44815790e-03 -8.45790116e-03]
 [ 1.45727289e-02  8.87317099e-03 -2.35299154e-03  1.37087914e-01
  -7.26552694e-02  1.57612811e-01]
 [ 2.51048794e-03 -3.06924932e-02  6.44815790e-03 -7.26552694e-02
   5.13024240e-01 -4.42206561e-01]
 [ 3.64490858e-03  3.80754376e-02 -8.45790116e-03  1.57612811e-01
  -4.42206561e-01  6.52942749e-01]]"
SN2006hx,"{'amplitude': 92.47286752806336, 'color': 0.10664009412148018, 's1': 0.11045354653740744, 's2': -0.2162596887317288, 's3': 0.15534400692993852, 't0': 54022.63316298102}","{'amplitude': 0.032101381488297775, 'color': 0.004236588229494236, 's1': 0.06503326734446851, 's2': 0.1348788137490797, 's3': 0.13719293935915539, 't0': 0.020040804148332897}","[[ 4.01633831e-04 -1.42785148e-04  1.53361293e-05  3.34812453e-04
  -1.51753982e-04  9.31093088e-04]
 [-1.42785148e-04  1.03049869e-03 -1.31371696e-04 -1.45880061e-03
   3.02016555e-03 -3.05572465e-03]
 [ 1.53361293e-05 -1.31371696e-04  1.79486798e-05  1.66938315e-04
  -4.26804672e-04  4.03441053e-04]
 [ 3.34812453e-04 -1.45880061e-03  1.66938315e-04  4.22932586e-03
  -6.65905599e-03  7.25635429e-03]
 [-1.51753982e-04  3.02016555e-03 -4.26804672e-04 -6.65905599e-03
   1.81922944e-02 -1.61162858e-02]
 [ 9.31093088e-04 -3.05572465e-03  4.03441053e-04  7.25635429e-03
  -1.61162858e-02  1.88219026e-02]]","{'amplitude': 92.3234845790647, 'color': 0.11355868788584783, 's1': 0.18905218660145004, 's2': -1.0925255381631018, 's3': 0.5892212683060754, 't0': 54022.75648226475}","{'amplitude': 0.13669699703567903, 'color': 0.020715351886297355, 's1': 0.08415761166557201, 's2': 0.6244507700550165, 's3': 0.4619138118215976, 't0': 0.07736215121938932}","[[ 5.98490244e-03  1.93590755e-04 -1.14945023e-04  1.78273260e-03
  -7.47205265e-03  4.11843177e-03]
 [ 1.93590755e-04  1.86860690e-02 -2.76301881e-03  6.82866899e-03
  -6.30472690e-02  5.40720559e-02]
 [-1.14945023e-04 -2.76301881e-03  4.29125804e-04 -1.25027076e-03
   1.08569729e-02 -8.89563241e-03]
 [ 1.78273260e-03  6.82866899e-03 -1.25027076e-03  7.08250360e-03
  -4.48228351e-02  3.10696160e-02]
 [-7.47205265e-03 -6.30472690e-02  1.08569729e-02 -4.48228351e-02
   3.89938764e-01 -2.66503880e-01]
 [ 4.11843177e-03  5.40720559e-02 -8.89563241e-03  3.10696160e-02
  -2.66503880e-01  2.13364370e-01]]"
SN2006hy,"{'amplitude': 99.49839114559376, 'color': -0.06411981599493122, 's1': -0.6354664856089222, 's2': -0.8861344679328755, 's3': 0.4164096104282475, 't0': 54010.15977840753}","{'amplitude': 0.1161560713228824, 'color': 0.013163138663651734, 's1': 0.12600198685597142, 's2': 0.4487210457230536, 's3': 0.44507059648618985, 't0': 0.10895313363694656}","[[ 1.18707853e-02  5.61016799e-04 -1.47620476e-04 -3.38612653e-03
   8.91954055e-03  9.06071349e-03]
 [ 5.61016799e-04  1.34922329e-02 -1.45410699e-03 -1.62140214e-03
   2.56789794e-02 -2.16044182e-02]
 [-1.47620476e-04 -1.45410699e-03  1.73268219e-04 -9.44594490e-05
  -2.68231646e-03  1.43709956e-03]
 [-3.38612653e-03 -1.62140214e-03 -9.44594490e-05  1.58765007e-02
  -6.56328769e-03  1.00935774e-02]
 [ 8.91954055e-03  2.56789794e-02 -2.68231646e-03 -6.56328769e-03
   2.01350577e-01 -9.88901211e-02]
 [ 9.06071349e-03 -2.16044182e-02  1.43709956e-03  1.00935774e-02
  -9.88901211e-02  1.98087836e-01]]","{'amplitude': 99.47062606080233, 'color': -0.06015134264595393, 's1': -0.7014156709370177, 's2': -0.7058379916159223, 's3': 0.4836092325709866, 't0': 54010.19056922897}","{'amplitude': 0.1020792909563954, 'color': 0.012236140485116937, 's1': 0.13967312005343793, 's2': 0.46080944126399787, 's3': 0.3499830171988901, 't0': 0.11170701186785112}","[[ 1.24784565e-02  1.58338026e-03 -2.14365953e-04 -5.28171124e-03
   2.14799379e-02  5.29559836e-03]
 [ 1.58338026e-03  1.04201816e-02 -1.15365404e-03 -2.36636599e-03
   8.27136729e-03 -3.02143422e-03]
 [-2.14365953e-04 -1.15365404e-03  1.49723134e-04 -1.41418365e-04
  -2.00075161e-04 -9.60861008e-04]
 [-5.28171124e-03 -2.36636599e-03 -1.41418365e-04  1.95085805e-02
  -2.91224039e-02  2.38431522e-02]
 [ 2.14799379e-02  8.27136729e-03 -2.00075161e-04 -2.91224039e-02
   2.12345341e-01 -6.37168846e-02]
 [ 5.29559836e-03 -3.02143422e-03 -9.60861008e-04  2.38431522e-02
  -6.37168846e-02  1.22488112e-01]]"
SN2006ia,"{'amplitude': 101.12074544624612, 'color': -0.04955946249637038, 's1': 0.2955026347737249, 's2': 0.2437573760157798, 's3': -0.5859940470189172, 't0': 54029.51673962176}","{'amplitude': 0.4774221729361086, 'color': 0.30894889460319, 's1': 0.629323251605081, 's2': 0.9015297803414065, 's3': 0.7762343232885428, 't0': 69.95478118543703}","[[ 4.89367141e+03 -3.65779684e+00  2.01457915e+01 -4.17174673e+01
  -7.63943803e+00 -3.19769937e+01]
 [-3.65779684e+00  2.27931931e-01 -5.11181044e-02  7.08612783e-02
  -4.83722310e-02 -7.46840773e-02]
 [ 2.01457915e+01 -5.11181044e-02  9.54494195e-02 -1.88961655e-01
  -4.58047308e-02 -1.06354867e-01]
 [-4.17174673e+01  7.08612783e-02 -1.88961655e-01  3.96047755e-01
   1.05506971e-01  2.69053971e-01]
 [-7.63943803e+00 -4.83722310e-02 -4.58047308e-02  1.05506971e-01
   8.12755945e-01  2.21070721e-01]
 [-3.19769937e+01 -7.46840773e-02 -1.06354867e-01  2.69053971e-01
   2.21070721e-01  6.02539725e-01]]","{'amplitude': 101.27405021399453, 'color': -0.1334428803813237, 's1': 0.49637446313901473, 's2': -0.6733641812694947, 's3': -0.2997275589455142, 't0': 54011.771140805795}","{'amplitude': 0.17849667837130578, 'color': 0.018817612355053692, 's1': 0.11021344410839913, 's2': 0.8398750066664041, 's3': 0.5810383642108972, 't0': 0.22066927593711114}","[[ 4.86949293e-02 -6.73005609e-03  5.32294952e-04 -3.35305816e-03
  -6.27309637e-03  2.86318244e-02]
 [-6.73005609e-03  3.18610642e-02 -3.11835991e-03 -1.18101210e-03
  -3.74221124e-05 -1.92496796e-02]
 [ 5.32294952e-04 -3.11835991e-03  3.54102535e-04 -2.71991888e-04
  -7.00049765e-04  1.92448744e-03]
 [-3.35305816e-03 -1.18101210e-03 -2.71991888e-04  1.21470033e-02
  -6.58347705e-03 -9.44816006e-04]
 [-6.27309637e-03 -3.74221124e-05 -7.00049765e-04 -6.58347705e-03
   7.05390027e-01 -1.27407566e-01]
 [ 2.86318244e-02 -1.92496796e-02  1.92448744e-03 -9.44816006e-04
  -1.27407566e-01  3.37605581e-01]]"
SN2006ib,"{'amplitude': 100.11786954570111, 'color': -0.03845178388045715, 's1': 0.2645225894536138, 's2': -1.1444928754043917, 's3': 1.040650350410563, 't0': 54015.18242146529}","{'amplitude': 0.10898405801062704, 'color': 0.012591366720496235, 's1': 0.10919441176414496, 's2': 0.2877685547796718, 's3': 0.2925866424436616, 't0': 0.1598681456330526}","[[ 2.55578240e-02 -1.33360985e-03  5.69480327e-05  2.60876333e-03
   5.95210116e-04 -5.21108052e-03]
 [-1.33360985e-03  1.18775249e-02 -1.25717255e-03 -1.46030932e-03
  -1.11345446e-03 -4.88828030e-03]
 [ 5.69480327e-05 -1.25717255e-03  1.58542516e-04 -9.02001602e-05
   1.46797833e-06 -3.84342473e-04]
 [ 2.60876333e-03 -1.46030932e-03 -9.02001602e-05  1.19234196e-02
   7.19227410e-03  1.41245795e-03]
 [ 5.95210116e-04 -1.11345446e-03  1.46797833e-06  7.19227410e-03
   8.28107411e-02  2.28327686e-02]
 [-5.21108052e-03 -4.88828030e-03 -3.84342473e-04  1.41245795e-03
   2.28327686e-02  8.56069433e-02]]","{'amplitude': 100.05887833552502, 'color': -0.029687701133971997, 's1': 0.08784512079355561, 's2': -0.18549012874390505, 's3': 0.4620551083893466, 't0': 54015.184341654596}","{'amplitude': 0.15556969649960323, 'color': 0.014845438338274697, 's1': 0.29614546025123833, 's2': 0.8284679210183573, 's3': 0.7360354751381178, 't0': 0.209314048012843}","[[ 4.38123707e-02 -8.01944694e-03  3.29433459e-04  8.42608945e-03
   4.88532993e-03  1.18657328e-02]
 [-8.01944694e-03  2.42019305e-02 -2.07114474e-03  5.86324960e-03
  -3.48799948e-02 -8.28947433e-04]
 [ 3.29433459e-04 -2.07114474e-03  2.20387039e-04 -9.85865856e-04
   2.47956848e-03 -6.23745437e-04]
 [ 8.42608945e-03  5.86324960e-03 -9.85865856e-04  8.77021336e-02
  -1.90150258e-01  1.68132735e-01]
 [ 4.88532993e-03 -3.48799948e-02  2.47956848e-03 -1.90150258e-01
   6.86359096e-01 -4.84854543e-01]
 [ 1.18657328e-02 -8.28947433e-04 -6.23745437e-04  1.68132735e-01
  -4.84854543e-01  5.41748221e-01]]"
SN2006iz,"{'amplitude': 96.51038890358328, 'color': 0.05719509843984943, 's1': 1.4333118874144821, 's2': 3.9735395623643273, 's3': 3.5282498514731224, 't0': 54027.35238156232}","{'amplitude': 0.393546901354598, 'color': 0.03785787549239145, 's1': 0.35508660620972027, 's2': 0.9629007049768442, 's3': 0.819703032892682, 't0': 12.872858146649257}","[[ 1.65710477e+02 -3.12864583e+00  1.89643745e-01 -3.89701512e+00
  -1.14147432e+01 -9.22631297e+00]
 [-3.12864583e+00  1.54879164e-01 -1.35377490e-02  6.13701510e-02
   1.51567283e-01  1.19347081e-01]
 [ 1.89643745e-01 -1.35377490e-02  1.43321874e-03 -5.35613866e-03
  -1.03866047e-02 -8.02758442e-03]
 [-3.89701512e+00  6.13701510e-02 -5.35613866e-03  1.26086498e-01
   3.28511415e-01  2.73242397e-01]
 [-1.14147432e+01  1.51567283e-01 -1.03866047e-02  3.28511415e-01
   9.27177768e-01  7.63613790e-01]
 [-9.22631297e+00  1.19347081e-01 -8.02758442e-03  2.73242397e-01
   7.63613790e-01  6.71913062e-01]]","{'amplitude': 97.59637562675542, 'color': 0.015001768347017807, 's1': -2.984216749534145, 's2': 0.5611495120293907, 's3': -3.7666768414529295, 't0': 54024.577420593094}","{'amplitude': 0.4602267566598369, 'color': 0.05860564512277398, 's1': 0.925485339276525, 's2': 1.0188587823905768, 's3': 1.318983551893885, 't0': 1.1587518152427776}","[[ 1.34270577 -0.37462543  0.0463993  -0.65655659  0.77343569  0.06614328]
 [-0.37462543  0.21180867 -0.02368389  0.37922558 -0.31431763  0.12951979]
 [ 0.0463993  -0.02368389  0.00343462 -0.0474714   0.05335517  0.02050469]
 [-0.65655659  0.37922558 -0.0474714   0.85652311 -0.74548124 -0.02543168]
 [ 0.77343569 -0.31431763  0.05335517 -0.74548124  1.03807322  0.71169208]
 [ 0.06614328  0.12951979  0.02050469 -0.02543168  0.71169208  1.73971761]]"
SN2006ja,"{'amplitude': 97.2275635676625, 'color': 0.07708064229454424, 's1': 0.42102133641105666, 's2': -0.3269402840676649, 's3': -0.17188437726960726, 't0': 54022.11157599099}","{'amplitude': 0.06909189147131488, 'color': 0.009556496735134574, 's1': 0.0710625999397564, 's2': 0.5619366246660419, 's3': 0.31764608226849844, 't0': 0.07984535482682141}","[[ 6.37528069e-03 -5.04539910e-04  1.79080947e-05  5.77168600e-04
   1.43704173e-02 -4.27442354e-03]
 [-5.04539910e-04  4.77368947e-03 -5.72093591e-04 -1.64394692e-04
  -5.50655742e-03  2.98516568e-03]
 [ 1.79080947e-05 -5.72093591e-04  9.13266298e-05 -2.33034117e-04
  -1.12935511e-03  3.50886137e-04]
 [ 5.77168600e-04 -1.64394692e-04 -2.33034117e-04  5.04989311e-03
   3.09430250e-02 -1.31419790e-02]
 [ 1.43704173e-02 -5.50655742e-03 -1.12935511e-03  3.09430250e-02
   3.15772770e-01 -1.49913403e-01]
 [-4.27442354e-03  2.98516568e-03  3.50886137e-04 -1.31419790e-02
  -1.49913403e-01  1.00899034e-01]]","{'amplitude': 97.17233356327827, 'color': 0.0764400179963818, 's1': 0.4628882892202683, 's2': 0.40235986465764206, 's3': -0.48396661707552946, 't0': 54022.169847649064}","{'amplitude': 0.07635672501975038, 'color': 0.009434012532358456, 's1': 0.03944827619424035, 's2': 0.16688523362931187, 's3': 0.18618419205390407, 't0': 0.07110024742288558}","[[ 5.05524518e-03 -6.27404776e-04  1.48565730e-04 -9.46868030e-04
   4.20988488e-04  1.72449109e-03]
 [-6.27404776e-04  5.83034946e-03 -6.16609561e-04  1.88205435e-04
  -4.20909616e-03  1.01757478e-03]
 [ 1.48565730e-04 -6.16609561e-04  8.90005925e-05 -8.78521675e-05
  -1.90345722e-04 -5.84275021e-07]
 [-9.46868030e-04  1.88205435e-04 -8.78521675e-05  1.55616649e-03
   2.32485505e-04  1.96304805e-03]
 [ 4.20988488e-04 -4.20909616e-03 -1.90345722e-04  2.32485505e-04
   2.78506812e-02 -1.04168851e-03]
 [ 1.72449109e-03  1.01757478e-03 -5.84275021e-07  1.96304805e-03
  -1.04168851e-03  3.46645534e-02]]"
SN2006jh,"{'amplitude': 98.22069926606734, 'color': 0.20415219697228446, 's1': -0.8932217581641864, 's2': -0.9277254384698621, 's3': 0.35758040520695, 't0': 54013.94411161542}","{'amplitude': 0.10361413712549622, 'color': 0.014111897283203731, 's1': 0.2849306544063883, 's2': 0.5829736436465497, 's3': 0.4890391724506614, 't0': 0.15218577022998248}","[[ 2.31605087e-02  1.15503074e-03 -1.89711205e-04  8.19394648e-03
   2.07394268e-03  3.98024752e-03]
 [ 1.15503074e-03  1.07358894e-02 -1.38160710e-03  1.10599498e-03
  -3.51661993e-03  6.96599718e-03]
 [-1.89711205e-04 -1.38160710e-03  1.99145645e-04 -6.14615970e-04
   7.52845420e-04 -2.07324008e-03]
 [ 8.19394648e-03  1.10599498e-03 -6.14615970e-04  8.11854778e-02
  -4.69140894e-03  3.54197333e-02]
 [ 2.07394268e-03 -3.51661993e-03  7.52845420e-04 -4.69140894e-03
   3.39858269e-01  4.69314874e-02]
 [ 3.98024752e-03  6.96599718e-03 -2.07324008e-03  3.54197333e-02
   4.69314874e-02  2.39159312e-01]]","{'amplitude': 98.25640413460286, 'color': 0.19885667174895674, 's1': -0.9214000308790989, 's2': -1.1291875017110196, 's3': -0.06975719590028699, 't0': 54013.91487378956}","{'amplitude': 0.12026747267960772, 'color': 0.014622250254480025, 's1': 0.2919255702461328, 's2': 0.8395863694545102, 's3': 0.7709917355917134, 't0': 0.16279117260183906}","[[ 2.65009659e-02 -6.77905899e-04  1.13841760e-06 -3.93127351e-03
   4.03353489e-02 -1.74005117e-02]
 [-6.77905899e-04  1.44642650e-02 -1.64028495e-03  5.87002520e-03
  -2.69116511e-02  2.65499639e-02]
 [ 1.13841760e-06 -1.64028495e-03  2.13810203e-04 -9.62522578e-04
   3.24733922e-03 -2.82173609e-03]
 [-3.93127351e-03  5.87002520e-03 -9.62522578e-04  8.52205386e-02
  -1.15471592e-01 -2.21448912e-02]
 [ 4.03353489e-02 -2.69116511e-02  3.24733922e-03 -1.15471592e-01
   7.04905272e-01 -1.04864945e-01]
 [-1.74005117e-02  2.65499639e-02 -2.82173609e-03 -2.21448912e-02
  -1.04864945e-01  5.94428256e-01]]"
SN2006ji,"{'amplitude': 100.59122389583163, 'color': -0.0773710863000581, 's1': -0.3182838733582936, 's2': -0.9726200763397994, 's3': 1.1111712255429151, 't0': 54012.27516192086}","{'amplitude': 0.1423325437780102, 'color': 0.018108300672535525, 's1': 0.15185311838992563, 's2': 0.6020783354667436, 's3': 0.5023915503803857, 't0': 0.1851970159512824}","[[ 3.42979347e-02  8.82652479e-04 -4.91545949e-04  1.04034588e-02
   3.60423398e-03  3.44910246e-02]
 [ 8.82652479e-04  2.02585530e-02 -2.41185780e-03 -1.31755169e-03
   1.18254947e-03  7.92112059e-03]
 [-4.91545949e-04 -2.41185780e-03  3.27910553e-04 -2.08432918e-04
   1.35934238e-03 -3.29283212e-03]
 [ 1.04034588e-02 -1.31755169e-03 -2.08432918e-04  2.30593696e-02
  -4.87571473e-03  1.70118417e-02]
 [ 3.60423398e-03  1.18254947e-03  1.35934238e-03 -4.87571473e-03
   3.62498322e-01 -1.36636121e-01]
 [ 3.44910246e-02  7.92112059e-03 -3.29283212e-03  1.70118417e-02
  -1.36636121e-01  2.52397270e-01]]","{'amplitude': 100.59158215289152, 'color': -0.07783952666908339, 's1': -0.36538681489913366, 's2': -0.7655792379133572, 's3': 0.8581020703427261, 't0': 54012.28962568631}","{'amplitude': 0.13889521417177111, 'color': 0.017319239154225737, 's1': 0.23636095921769448, 's2': 0.9342964186314711, 's3': 0.8077668665370186, 't0': 0.18060608401936176}","[[ 3.26185576e-02  1.57915697e-03 -6.60903452e-04  1.38157215e-02
  -1.60042513e-02  4.85756926e-02]
 [ 1.57915697e-03  1.92918805e-02 -2.18786798e-03  3.33355367e-04
  -1.33935635e-02  7.73673902e-04]
 [-6.60903452e-04 -2.18786798e-03  2.99956045e-04 -6.55816037e-04
   2.34793902e-03 -3.68717216e-03]
 [ 1.38157215e-02  3.33355367e-04 -6.55816037e-04  5.58665030e-02
  -9.62751804e-02  1.09976307e-01]
 [-1.60042513e-02 -1.33935635e-02  2.34793902e-03 -9.62751804e-02
   8.72909798e-01 -3.82387581e-01]
 [ 4.85756926e-02  7.73673902e-04 -3.68717216e-03  1.09976307e-01
  -3.82387581e-01  6.52487311e-01]]"
SN2006jp,"{'amplitude': 99.42029584725981, 'color': -0.014954788290972265, 's1': 0.28056809442232916, 's2': -0.9650794115249448, 's3': 0.9455437364437365, 't0': 54022.861851714406}","{'amplitude': 0.10574449578272684, 'color': 0.012824662834023651, 's1': 0.09577828076557313, 's2': 0.25627034165788987, 's3': 0.2729369202035399, 't0': 0.10819090596540498}","[[ 1.17052721e-02 -1.40878057e-04 -7.34652295e-06  1.04333880e-04
  -4.64803423e-03  1.08400960e-02]
 [-1.40878057e-04  1.11818984e-02 -1.28190248e-03  5.12119289e-04
   5.35570966e-03 -2.40110424e-03]
 [-7.34652295e-06 -1.28190248e-03  1.64471977e-04 -3.18214021e-04
  -6.79945928e-04 -2.13960396e-04]
 [ 1.04333880e-04  5.12119289e-04 -3.18214021e-04  9.17347907e-03
   2.24025284e-03  3.16429054e-03]
 [-4.64803423e-03  5.35570966e-03 -6.79945928e-04  2.24025284e-03
   6.56744880e-02 -3.27157126e-02]
 [ 1.08400960e-02 -2.40110424e-03 -2.13960396e-04  3.16429054e-03
  -3.27157126e-02  7.44945624e-02]]","{'amplitude': 99.53335693331452, 'color': -0.026871694921751208, 's1': 0.2820482329303833, 's2': -0.6779872211748013, 's3': 0.6056782516820923, 't0': 54022.80841091933}","{'amplitude': 0.11543033225318088, 'color': 0.014011972046356642, 's1': 0.09294363184237588, 's2': 0.41123211800326526, 's3': 0.39418385682634294, 't0': 0.1241275940150864}","[[ 1.54076596e-02 -3.64239935e-04 -5.16385339e-05  9.41265933e-04
  -2.69340062e-03  1.69484515e-02]
 [-3.64239935e-04  1.33241616e-02 -1.54917027e-03  1.40486441e-03
   1.20719563e-02 -1.14072984e-02]
 [-5.16385339e-05 -1.54917027e-03  1.96335361e-04 -4.15254055e-04
  -1.42330639e-03  8.05363719e-04]
 [ 9.41265933e-04  1.40486441e-03 -4.15254055e-04  8.63851870e-03
   1.27458679e-03  5.33245722e-03]
 [-2.69340062e-03  1.20719563e-02 -1.42330639e-03  1.27458679e-03
   1.69111855e-01 -1.24941659e-01]
 [ 1.69484515e-02 -1.14072984e-02  8.05363719e-04  5.33245722e-03
  -1.24941659e-01  1.55380913e-01]]"
SN2006jq,"{'amplitude': 98.45289105001915, 'color': -0.03853916062898274, 's1': -1.1830606639294483, 's2': 0.23886206598039772, 's3': 0.36527065574677275, 't0': 54027.51203945111}","{'amplitude': 0.10870392500030844, 'color': 0.010913343411420641, 's1': 0.27330692606792045, 's2': 0.4736332137320946, 's3': 0.37090871632805134, 't0': 0.206375061061087}","[[ 4.25906658e-02 -1.19122354e-02  5.63751105e-06  3.29366371e-02
   6.56774423e-02 -6.47129648e-03]
 [-1.19122354e-02  1.18165433e-02 -8.66255222e-04 -1.94275575e-02
  -1.72894142e-02 -4.57143554e-03]
 [ 5.63751105e-06 -8.66255222e-04  1.19101064e-04  1.13505471e-03
  -1.56979232e-03  1.47693213e-03]
 [ 3.29366371e-02 -1.94275575e-02  1.13505471e-03  7.46966758e-02
   3.23374190e-02  3.31638608e-02]
 [ 6.56774423e-02 -1.72894142e-02 -1.56979232e-03  3.23374190e-02
   2.24328421e-01 -1.03722074e-01]
 [-6.47129648e-03 -4.57143554e-03  1.47693213e-03  3.31638608e-02
  -1.03722074e-01  1.37573276e-01]]","{'amplitude': 98.44677370019468, 'color': -0.04020510267557183, 's1': -1.1804508122408386, 's2': 0.3327045449167274, 's3': -0.4754985272788759, 't0': 54027.628914311645}","{'amplitude': 0.09543501633944937, 'color': 0.009048223199259162, 's1': 0.32298260763164527, 's2': 0.42853231749175635, 's3': 0.9124221274882692, 't0': 0.24796458613723035}","[[ 6.14864360e-02 -1.42332882e-02  5.66131597e-05  2.73289129e-02
   6.75205862e-02 -1.71713789e-01]
 [-1.42332882e-02  9.10784234e-03 -6.20101810e-04 -9.70305004e-03
  -1.81609260e-02  4.27880939e-02]
 [ 5.66131597e-05 -6.20101810e-04  8.18703431e-05 -2.48847037e-04
   3.89916834e-04 -5.12354490e-04]
 [ 2.73289129e-02 -9.70305004e-03 -2.48847037e-04  1.04317765e-01
   2.11615756e-02 -1.68646296e-02]
 [ 6.75205862e-02 -1.81609260e-02  3.89916834e-04  2.11615756e-02
   1.83639947e-01 -2.91022985e-01]
 [-1.71713789e-01  4.27880939e-02 -5.12354490e-04 -1.68646296e-02
  -2.91022985e-01  8.32514139e-01]]"
SN2006jr,"{'amplitude': 100.76552849758576, 'color': -0.08712901556432091, 's1': -0.4132431866837447, 's2': -1.4289956169492908, 's3': -0.16791199816108082, 't0': 54025.975039301695}","{'amplitude': 0.12346922723818937, 'color': 0.014222299807214796, 's1': 0.17919452554392068, 's2': 0.6090138565159419, 's3': 0.3799698667285532, 't0': 0.13543620127347766}","[[ 1.83429646e-02 -4.07613072e-04  1.79185360e-04 -2.21719059e-03
  -2.68864850e-02 -9.29016904e-03]
 [-4.07613072e-04  1.52446501e-02 -1.67909851e-03 -2.22035595e-03
   8.51079119e-03 -8.87809796e-03]
 [ 1.79185360e-04 -1.67909851e-03  2.02273812e-04 -1.98996117e-04
  -1.37468276e-03  4.96530413e-04]
 [-2.21719059e-03 -2.22035595e-03 -1.98996117e-04  3.21106780e-02
  -2.92845296e-02  1.88759738e-02]
 [-2.68864850e-02  8.51079119e-03 -1.37468276e-03 -2.92845296e-02
   3.70897877e-01  1.79163459e-02]
 [-9.29016904e-03 -8.87809796e-03  4.96530413e-04  1.88759738e-02
   1.79163459e-02  1.44377100e-01]]","{'amplitude': 100.73142984664291, 'color': -0.08318377576753225, 's1': -0.40829538778203733, 's2': -1.5175916791008017, 's3': -0.166023910302991, 't0': 54025.987919612504}","{'amplitude': 0.13787984054863098, 'color': 0.015389306989855654, 's1': 0.20723809806105783, 's2': 0.4212878887586452, 's3': 0.39055787074661363, 't0': 0.12766796012867537}","[[ 1.62991080e-02  1.49543822e-04  7.30249961e-05 -2.68820847e-03
  -9.22047209e-03 -3.33809847e-03]
 [ 1.49543822e-04  1.90108504e-02 -2.04616436e-03 -5.82378049e-03
   5.84936096e-03 -1.60046955e-02]
 [ 7.30249961e-05 -2.04616436e-03  2.36830770e-04  1.41968200e-04
  -2.34239277e-04  1.18092081e-03]
 [-2.68820847e-03 -5.82378049e-03  1.41968200e-04  4.29476293e-02
  -2.97347478e-02  2.88904129e-02]
 [-9.22047209e-03  5.84936096e-03 -2.34239277e-04 -2.97347478e-02
   1.77483485e-01 -4.73990482e-02]
 [-3.33809847e-03 -1.60046955e-02  1.18092081e-03  2.88904129e-02
  -4.73990482e-02  1.52535450e-01]]"
SN2006js,"{'amplitude': 100.42772151903557, 'color': 0.10727861756722216, 's1': -1.2058455071770229, 's2': -0.16560258363596345, 's3': 0.25145441479086916, 't0': 54025.05401748557}","{'amplitude': 0.21588930567077497, 'color': 0.02453415311037521, 's1': 0.3957379853557252, 's2': 0.7388953985047079, 's3': 0.864266351561397, 't0': 0.2980899481563391}","[[ 8.88576172e-02 -6.08872580e-03 -7.32934189e-05 -2.19637045e-02
   3.14103210e-02  2.04637830e-03]
 [-6.08872580e-03  4.66081923e-02 -4.91151265e-03 -1.23370403e-02
  -3.91090241e-02  4.23483689e-02]
 [-7.32934189e-05 -4.91151265e-03  6.01924669e-04  1.65718410e-03
   1.56911816e-03 -3.10375981e-03]
 [-2.19637045e-02 -1.23370403e-02  1.65718410e-03  1.56608553e-01
  -3.35732240e-02 -1.57725223e-02]
 [ 3.14103210e-02 -3.91090241e-02  1.56911816e-03 -3.35732240e-02
   5.45966410e-01 -3.54851073e-01]
 [ 2.04637830e-03  4.23483689e-02 -3.10375981e-03 -1.57725223e-02
  -3.54851073e-01  7.46956326e-01]]","{'amplitude': 100.38382024459871, 'color': 0.10974169417228895, 's1': -1.1669731728863142, 's2': -0.02755138395055189, 's3': -0.01605257498471394, 't0': 54025.051855351114}","{'amplitude': 0.22370482727091148, 'color': 0.02620882013117055, 's1': 0.3918642858976747, 's2': 0.8015886790197505, 's3': 1.0957424801576925, 't0': 0.31813848601424183}","[[ 1.01212096e-01 -8.82405013e-03  8.92436549e-04 -1.14785932e-02
   4.38858679e-02  1.76846122e-02]
 [-8.82405013e-03  5.00438497e-02 -4.90643427e-03 -2.78497013e-02
  -4.92266619e-02  5.02356938e-02]
 [ 8.92436549e-04 -4.90643427e-03  6.86902253e-04  3.69275113e-03
   8.61229713e-04  7.89250222e-04]
 [-1.14785932e-02 -2.78497013e-02  3.69275113e-03  1.53557619e-01
  -2.47324954e-02 -5.63744892e-02]
 [ 4.38858679e-02 -4.92266619e-02  8.61229713e-04 -2.47324954e-02
   6.42544410e-01 -3.05370141e-01]
 [ 1.76846122e-02  5.02356938e-02  7.89250222e-04 -5.63744892e-02
  -3.05370141e-01  1.20065158e+00]]"
SN2006jt,"{'amplitude': 100.01084584254808, 'color': -0.15174881832011103, 's1': -1.3082778377773012, 's2': -0.36531681894885193, 's3': 0.3565389938185844, 't0': 54026.70557548486}","{'amplitude': 0.08766344667247243, 'color': 0.009963985452043408, 's1': 0.2061495844274661, 's2': 0.24877646849118018, 's3': 0.2942465255285018, 't0': 0.1573790332558188}","[[ 2.47681601e-02 -6.24497755e-04 -2.11806217e-06  3.49972875e-03
  -1.13451312e-02  2.96511220e-02]
 [-6.24497755e-04  7.68487988e-03 -8.39127754e-04  1.27223421e-03
   3.03947764e-03 -1.25914941e-03]
 [-2.11806217e-06 -8.39127754e-04  9.92810061e-05  1.83289543e-04
  -1.66885339e-04 -2.46191407e-04]
 [ 3.49972875e-03  1.27223421e-03  1.83289543e-04  4.24976512e-02
   2.15441795e-02 -7.52212921e-03]
 [-1.13451312e-02  3.03947764e-03 -1.66885339e-04  2.15441795e-02
   6.18897313e-02 -2.48726217e-02]
 [ 2.96511220e-02 -1.25914941e-03 -2.46191407e-04 -7.52212921e-03
  -2.48726217e-02  8.65810178e-02]]","{'amplitude': 99.9562287243932, 'color': -0.14548785177542026, 's1': -1.1211002966171153, 's2': -0.0714562042326456, 's3': 0.2731041970394849, 't0': 54026.70252736034}","{'amplitude': 0.1056510811557941, 'color': 0.011473937269523678, 's1': 0.20584065757062725, 's2': 0.30294805856648366, 's3': 0.38921812788253696, 't0': 0.16096978293738043}","[[ 2.59112710e-02 -8.02463426e-04 -1.48987284e-06  7.83933280e-03
  -1.68360756e-03  3.42600260e-02]
 [-8.02463426e-04  1.11621509e-02 -1.16406670e-03 -9.51707645e-03
  -1.01453098e-02 -4.58781674e-03]
 [-1.48987284e-06 -1.16406670e-03  1.31651236e-04  9.79736720e-04
   5.70356742e-04  8.53285677e-05]
 [ 7.83933280e-03 -9.51707645e-03  9.79736720e-04  4.23703763e-02
   2.21073786e-02  1.36470774e-02]
 [-1.68360756e-03 -1.01453098e-02  5.70356742e-04  2.21073786e-02
   9.17775262e-02  9.52761150e-03]
 [ 3.42600260e-02 -4.58781674e-03  8.53285677e-05  1.36470774e-02
   9.52761150e-03  1.51490751e-01]]"
SN2006ju,"{'amplitude': 98.90276050959278, 'color': 0.10744874368491432, 's1': 0.49544942825326804, 's2': 0.43155701675267394, 's3': 0.07114893765421239, 't0': 54024.146702701924}","{'amplitude': 0.14653386147347455, 'color': 0.01678001304634364, 's1': 0.1737167377792986, 's2': 0.42267612783346176, 's3': 0.5206461158753477, 't0': 0.20338142998893774}","[[ 4.13640061e-02  3.02114808e-03  1.07987132e-03 -2.36500855e-02
  -9.44615303e-03 -4.01282059e-02]
 [ 3.02114808e-03  2.14721726e-02 -1.85523689e-03 -3.89315039e-03
  -2.06933555e-02 -3.71875963e-03]
 [ 1.07987132e-03 -1.85523689e-03  2.81568838e-04 -1.04101707e-03
   1.45012611e-04 -2.22491448e-03]
 [-2.36500855e-02 -3.89315039e-03 -1.04101707e-03  3.01775050e-02
  -1.60278705e-04  6.14805054e-02]
 [-9.44615303e-03 -2.06933555e-02  1.45012611e-04 -1.60278705e-04
   1.78655109e-01 -7.34266862e-02]
 [-4.01282059e-02 -3.71875963e-03 -2.22491448e-03  6.14805054e-02
  -7.34266862e-02  2.71072378e-01]]","{'amplitude': 98.83733818454613, 'color': 0.10691973599107045, 's1': 0.6343348838161562, 's2': 0.12060184798573494, 's3': 0.6668178487269102, 't0': 54024.02374265912}","{'amplitude': 0.1454584460233376, 'color': 0.016186279904341055, 's1': 0.18681581728326538, 's2': 0.5545058721974336, 's3': 0.6342429719588101, 't0': 0.263112930105629}","[[ 6.92284140e-02  1.06960730e-02  8.66955856e-04 -2.38225670e-02
   4.36606177e-02 -9.51411598e-02]
 [ 1.06960730e-02  2.11581595e-02 -1.46612137e-03 -1.15964448e-02
  -1.16019883e-02 -3.06503071e-02]
 [ 8.66955856e-04 -1.46612137e-03  2.61995657e-04 -9.77970726e-04
   2.21649309e-04 -2.60348697e-03]
 [-2.38225670e-02 -1.15964448e-02 -9.77970726e-04  3.49001496e-02
   1.95246219e-03  8.08445317e-02]
 [ 4.36606177e-02 -1.16019883e-02  2.21649309e-04  1.95246219e-03
   3.07476762e-01 -1.83774341e-01]
 [-9.51411598e-02 -3.06503071e-02 -2.60348697e-03  8.08445317e-02
  -1.83774341e-01  4.02264147e-01]]"
SN2006jz,"{'amplitude': 100.72965008061078, 'color': 0.044525473425835335, 's1': 0.8953914059678991, 's2': -0.5501399952263026, 's3': 0.4860289824094085, 't0': 54031.84668022275}","{'amplitude': 0.23334438728434284, 'color': 0.023140262464640043, 's1': 0.15577154776622656, 's2': 0.4086949732885298, 's3': 0.3754613221185367, 't0': 0.2393218267204544}","[[ 5.72749367e-02  6.14373752e-03 -9.73938998e-05 -1.09146436e-02
  -2.31550313e-02 -9.76314356e-03]
 [ 6.14373752e-03  5.44496031e-02 -4.95861699e-03 -1.63872419e-02
  -1.84496013e-02 -2.64660579e-02]
 [-9.73938998e-05 -4.95861699e-03  5.35471747e-04  5.03688276e-04
   2.08798023e-04  1.65535853e-03]
 [-1.09146436e-02 -1.63872419e-02  5.03688276e-04  2.42647751e-02
   2.37475971e-02  5.40467160e-03]
 [-2.31550313e-02 -1.84496013e-02  2.08798023e-04  2.37475971e-02
   1.67031581e-01  3.53538397e-02]
 [-9.76314356e-03 -2.64660579e-02  1.65535853e-03  5.40467160e-03
   3.53538397e-02  1.40971204e-01]]","{'amplitude': 100.68541031728576, 'color': 0.04689923330446789, 's1': 0.9048658512079053, 's2': -0.42016383121701073, 's3': 0.5309544789503985, 't0': 54031.96499744816}","{'amplitude': 0.2605392965818727, 'color': 0.024493534972157595, 's1': 0.17271396289616686, 's2': 0.629887739344645, 's3': 0.4812383970618069, 't0': 0.2749300131692018}","[[ 0.07558651  0.02037397 -0.0012626  -0.02002857 -0.05539931 -0.00773503]
 [ 0.02037397  0.06788073 -0.00575332 -0.02333814 -0.04475843 -0.04148494]
 [-0.0012626  -0.00575332  0.00059993  0.00088474  0.00170955  0.00214098]
 [-0.02002857 -0.02333814  0.00088474  0.02983011  0.04016923  0.01878237]
 [-0.05539931 -0.04475843  0.00170955  0.04016923  0.39675856 -0.04158717]
 [-0.00773503 -0.04148494  0.00214098  0.01878237 -0.04158717  0.23159039]]"
SN2006kb,"{'amplitude': 99.25153697693662, 'color': -0.051739011843070726, 's1': -0.6187885038308168, 's2': 0.08439152857361451, 's3': 0.9246346747696728, 't0': 54029.68201151918}","{'amplitude': 0.08579823392058254, 'color': 0.009337847460000161, 's1': 0.13118654695997053, 's2': 0.17504992030758665, 's3': 0.25611623897184965, 't0': 0.12407522293833169}","[[ 1.53946609e-02  8.81739129e-04 -6.74423774e-05 -4.21724168e-03
   2.73820150e-04 -1.42269748e-03]
 [ 8.81739129e-04  7.36133694e-03 -7.41818249e-04 -4.15329645e-03
  -1.71062170e-03 -4.60925363e-03]
 [-6.74423774e-05 -7.41818249e-04  8.71953952e-05  2.72119907e-04
  -5.92821624e-05 -1.86882568e-04]
 [-4.21724168e-03 -4.15329645e-03  2.72119907e-04  1.72099101e-02
  -4.65732997e-03  1.60988795e-02]
 [ 2.73820150e-04 -1.71062170e-03 -5.92821624e-05 -4.65732997e-03
   3.06424746e-02 -2.76823554e-03]
 [-1.42269748e-03 -4.60925363e-03 -1.86882568e-04  1.60988795e-02
  -2.76823554e-03  6.55955279e-02]]","{'amplitude': 99.24081474000842, 'color': -0.05349196910299382, 's1': -0.6391498576957886, 's2': 0.35803093467856417, 's3': 0.9586976194000612, 't0': 54029.649467287054}","{'amplitude': 0.10496507520049528, 'color': 0.010327495909715762, 's1': 0.14925927236508985, 's2': 0.35560642645999024, 's3': 0.20750796362048338, 't0': 0.11901636548371042}","[[ 1.41648953e-02  9.84803289e-04 -6.54441574e-05 -4.24501448e-03
  -6.83906944e-04 -1.95309335e-03]
 [ 9.84803289e-04  1.10176670e-02 -9.87362145e-04 -3.09985214e-03
  -1.64353744e-02 -5.96949250e-03]
 [-6.54441574e-05 -9.87362145e-04  1.06657172e-04  2.98838434e-04
   4.85174875e-04  8.34499386e-05]
 [-4.24501448e-03 -3.09985214e-03  2.98838434e-04  2.22783304e-02
  -1.38036970e-02  1.10471341e-02]
 [-6.83906944e-04 -1.64353744e-02  4.85174875e-04 -1.38036970e-02
   1.26455931e-01  8.62679563e-03]
 [-1.95309335e-03 -5.96949250e-03  8.34499386e-05  1.10471341e-02
   8.62679563e-03  4.30595550e-02]]"
SN2006kd,"{'amplitude': 98.92312432998247, 'color': 0.12336827034143716, 's1': -1.0215189210848516, 's2': -0.5407850641172463, 's3': 0.24597088138551412, 't0': 54033.27470300373}","{'amplitude': 0.17478378160420138, 'color': 0.016082148508121053, 's1': 0.3385678945432899, 's2': 0.8985903215562293, 's3': 0.5199014531552413, 't0': 0.2256126717146741}","[[ 5.09010776e-02  1.43821087e-02 -5.85798878e-04 -1.93304299e-02
  -7.29238728e-02 -4.30816757e-02]
 [ 1.43821087e-02  3.05493703e-02 -2.36005961e-03 -1.44734275e-02
  -8.12449514e-02 -3.86528385e-02]
 [-5.85798878e-04 -2.36005961e-03  2.58635501e-04  1.34562494e-03
   5.72521158e-03  2.75067941e-04]
 [-1.93304299e-02 -1.44734275e-02  1.34562494e-03  1.14628219e-01
   1.60970663e-01  3.34823514e-02]
 [-7.29238728e-02 -8.12449514e-02  5.72521158e-03  1.60970663e-01
   8.07464566e-01  3.07510679e-02]
 [-4.30816757e-02 -3.86528385e-02  2.75067941e-04  3.34823514e-02
   3.07510679e-02  2.70297521e-01]]","{'amplitude': 99.06935212810973, 'color': 0.10118688033109276, 's1': -1.3894317234337885, 's2': -1.6121105880354751, 's3': 0.48425882347860205, 't0': 54033.249749471805}","{'amplitude': 0.13718581364999427, 'color': 0.020092221682323386, 's1': 0.35453673205890096, 's2': 0.8882828107139477, 's3': 0.5344868011290999, 't0': 0.25768225896473934}","[[ 6.64001466e-02 -5.99679165e-03  1.27984948e-03 -1.52211125e-02
   9.99102303e-02 -4.29679048e-02]
 [-5.99679165e-03  1.88199475e-02 -2.48700896e-03 -1.08201511e-02
  -2.78074340e-02  1.25418743e-02]
 [ 1.27984948e-03 -2.48700896e-03  4.03697372e-04  2.94005829e-03
   9.93705522e-03 -4.95923163e-03]
 [-1.52211125e-02 -1.08201511e-02  2.94005829e-03  1.25696294e-01
   1.20677821e-01 -2.01811167e-02]
 [ 9.99102303e-02 -2.78074340e-02  9.93705522e-03  1.20677821e-01
   7.89046352e-01 -3.50338943e-01]
 [-4.29679048e-02  1.25418743e-02 -4.95923163e-03 -2.01811167e-02
  -3.50338943e-01  2.85676141e-01]]"
SN2006kq,"{'amplitude': 101.41778257524673, 'color': -0.06641648318347358, 's1': 0.6398071406943595, 's2': -1.8424823466073132, 's3': -0.20124352146727764, 't0': 54024.481711162516}","{'amplitude': 0.21126914438526329, 'color': 0.022028297612216467, 's1': 0.1620331965333189, 's2': 0.9699104965188354, 's3': 0.43467749140753886, 't0': 0.25052446373235465}","[[ 6.27625069e-02  1.28910958e-03 -5.29462372e-04  7.80829098e-04
  -6.69913250e-02 -4.38738567e-03]
 [ 1.28910958e-03  4.46346514e-02 -4.11841345e-03 -1.26623244e-02
   7.12605119e-02 -1.92590609e-02]
 [-5.29462372e-04 -4.11841345e-03  4.85245896e-04 -8.49317521e-05
  -6.07201063e-04  2.88747773e-03]
 [ 7.80829098e-04 -1.26623244e-02 -8.49317521e-05  2.62547568e-02
  -8.31880797e-02 -1.33011475e-02]
 [-6.69913250e-02  7.12605119e-02 -6.07201063e-04 -8.31880797e-02
   9.40726371e-01  1.40750967e-02]
 [-4.38738567e-03 -1.92590609e-02  2.88747773e-03 -1.33011475e-02
   1.40750967e-02  1.88944522e-01]]","{'amplitude': 101.33525199822878, 'color': -0.053878763617065055, 's1': 0.6202483542796496, 's2': -1.403736725561947, 's3': -0.14593796851910795, 't0': 54024.4392055569}","{'amplitude': 0.22724161861797987, 'color': 0.02391051046034521, 's1': 0.15405555364502566, 's2': 1.0062950341730994, 's3': 0.48310701837730624, 't0': 0.24951260485446694}","[[ 6.22565400e-02 -5.73802275e-04 -3.85707795e-04  3.00645157e-03
  -8.44514606e-02 -5.77640830e-03]
 [-5.73802275e-04  5.16387532e-02 -4.94173944e-03 -1.24519487e-02
   4.78857692e-02 -3.01476307e-02]
 [-3.85707795e-04 -4.94173944e-03  5.71712510e-04  3.94575113e-05
   9.60265915e-04  3.57990844e-03]
 [ 3.00645157e-03 -1.24519487e-02  3.94575113e-05  2.37331136e-02
  -7.71356182e-02  3.35046635e-03]
 [-8.44514606e-02  4.78857692e-02  9.60265915e-04 -7.71356182e-02
   1.01262970e+00 -3.47241937e-02]
 [-5.77640830e-03 -3.01476307e-02  3.57990844e-03  3.35046635e-03
  -3.47241937e-02  2.33392391e-01]]"
SN2006ku,"{'amplitude': 101.09789349159777, 'color': -0.11276552036407782, 's1': -1.0269843192521177, 's2': 0.6195993913073303, 's3': 0.7516871832826164, 't0': 54038.495791500005}","{'amplitude': 0.16918344161669052, 'color': 0.020597202683164426, 's1': 0.3703148516355129, 's2': 0.6820696947371424, 's3': 0.6131134214276762, 't0': 0.2223615454615727}","[[ 4.94446569e-02  1.43130926e-04  5.12147104e-04  2.73152256e-02
  -3.59659125e-02 -1.94116596e-03]
 [ 1.43130926e-04  2.86230369e-02 -2.77975299e-03  3.26354726e-03
  -1.08445863e-02 -3.50042176e-03]
 [ 5.12147104e-04 -2.77975299e-03  4.24244758e-04  2.19735782e-03
  -5.96692901e-03 -2.61191753e-03]
 [ 2.73152256e-02  3.26354726e-03  2.19735782e-03  1.37133089e-01
  -1.71347527e-01  5.10233827e-03]
 [-3.59659125e-02 -1.08445863e-02 -5.96692901e-03 -1.71347527e-01
   4.65219068e-01  9.18751728e-02]
 [-1.94116596e-03 -3.50042176e-03 -2.61191753e-03  5.10233827e-03
   9.18751728e-02  3.75908068e-01]]","{'amplitude': 101.16779131334329, 'color': -0.1259877321035782, 's1': -0.8161795262905964, 's2': -1.1014286559307225, 's3': 1.8408816308363891, 't0': 54038.69560418497}","{'amplitude': 0.18830536068347511, 'color': 0.024834412394740265, 's1': 0.2249645700545334, 's2': 0.9422832782241227, 's3': 1.1551956547051632, 't0': 0.2686693172550834}","[[ 7.21832020e-02  8.15302591e-03 -3.14139703e-03  1.51177166e-02
  -1.49531049e-01  2.05027885e-01]
 [ 8.15302591e-03  3.54589089e-02 -4.04784775e-03 -6.35891213e-04
  -3.41354448e-02  3.41166812e-02]
 [-3.14139703e-03 -4.04784775e-03  6.16748039e-04 -2.90907627e-04
   1.06002372e-02 -1.59188515e-02]
 [ 1.51177166e-02 -6.35891213e-04 -2.90907627e-04  5.06090578e-02
  -7.25716968e-02  2.82334495e-02]
 [-1.49531049e-01 -3.41354448e-02  1.06002372e-02 -7.25716968e-02
   8.87897776e-01 -8.30047075e-01]
 [ 2.05027885e-01  3.41166812e-02 -1.59188515e-02  2.82334495e-02
  -8.30047075e-01  1.33447700e+00]]"
SN2006kw,"{'amplitude': 101.00255927532373, 'color': -0.040463462925544716, 's1': -0.7847305670185653, 's2': -1.4886024490565022, 's3': -0.671729406581794, 't0': 54035.84182262775}","{'amplitude': 0.1421698774000662, 'color': 0.01588656797943674, 's1': 0.502219067273277, 's2': 0.4331473645737879, 's3': 0.47029811422681406, 't0': 0.2023186405046805}","[[ 4.09328323e-02 -1.24203251e-03  8.44297298e-05  1.16161730e-02
   1.20827070e-02  6.52501553e-03]
 [-1.24203251e-03  2.02122740e-02 -2.14969344e-03 -1.02146055e-02
  -3.79247853e-04 -2.74412869e-03]
 [ 8.44297298e-05 -2.14969344e-03  2.52383042e-04  8.93219810e-04
   1.55645026e-04  5.11951766e-04]
 [ 1.16161730e-02 -1.02146055e-02  8.93219810e-04  2.52223992e-01
   9.09219309e-02  4.46606120e-02]
 [ 1.20827070e-02 -3.79247853e-04  1.55645026e-04  9.09219309e-02
   1.87616639e-01  5.26122850e-02]
 [ 6.52501553e-03 -2.74412869e-03  5.11951766e-04  4.46606120e-02
   5.26122850e-02  2.21180316e-01]]","{'amplitude': 101.02272058016365, 'color': -0.04561920811149521, 's1': -0.8441170934420054, 's2': -1.1406180178681808, 's3': -0.6820927733702178, 't0': 54035.85744377416}","{'amplitude': 0.20665461234475382, 'color': 0.0203135726574957, 's1': 0.5343164057671674, 's2': 0.8439183016858509, 's3': 0.6814529594596931, 't0': 0.2157649120852033}","[[ 4.65544973e-02  7.28712769e-04 -1.54774057e-04  1.13693931e-02
   2.91348706e-02  2.33439895e-02]
 [ 7.28712769e-04  4.27061288e-02 -3.95721819e-03 -3.18765112e-02
  -9.43716186e-02 -4.98579149e-02]
 [-1.54774057e-04 -3.95721819e-03  4.12641234e-04  4.16181883e-03
   6.57429150e-03  4.46948650e-03]
 [ 1.13693931e-02 -3.18765112e-02  4.16181883e-03  2.85494021e-01
   1.28249462e-01  1.02860311e-01]
 [ 2.91348706e-02 -9.43716186e-02  6.57429150e-03  1.28249462e-01
   7.12198100e-01  2.85230686e-01]
 [ 2.33439895e-02 -4.98579149e-02  4.46948650e-03  1.02860311e-01
   2.85230686e-01  4.64378136e-01]]"
SN2006kx,"{'amplitude': 99.03180729958811, 'color': 0.02485302602603859, 's1': -1.0305634764579021, 's2': 0.8431070661723714, 's3': -0.6404159858507547, 't0': 54038.72278580243}","{'amplitude': 0.10116757735542561, 'color': 0.01088702659299897, 's1': 0.16336904767860805, 's2': 0.21985355509772256, 's3': 0.466319399848859, 't0': 0.16913404300510776}","[[ 2.86063245e-02 -3.38571992e-03  1.23490279e-04 -1.09825762e-02
   1.69702281e-02 -3.02532009e-02]
 [-3.38571992e-03  1.02348787e-02 -1.00001533e-03 -4.66294589e-04
  -6.00162128e-03  4.61131697e-03]
 [ 1.23490279e-04 -1.00001533e-03  1.18527348e-04 -3.93456712e-05
   7.90434446e-05  2.99386633e-04]
 [-1.09825762e-02 -4.66294589e-04 -3.93456712e-05  2.66894457e-02
  -1.44401597e-02  1.49777343e-02]
 [ 1.69702281e-02 -6.00162128e-03  7.90434446e-05 -1.44401597e-02
   4.83355857e-02 -2.90908561e-02]
 [-3.02532009e-02  4.61131697e-03  2.99386633e-04  1.49777343e-02
  -2.90908561e-02  2.17453783e-01]]","{'amplitude': 99.04887219393554, 'color': 0.021684952281543372, 's1': -1.0977120202696669, 's2': 0.8550578093545906, 's3': -0.5969434463578872, 't0': 54038.71746980753}","{'amplitude': 0.11974245567436527, 'color': 0.011460523157488245, 's1': 0.19286149047195475, 's2': 0.3531002697930273, 's3': 0.5518361400226979, 't0': 0.21380691114306086}","[[ 4.57133953e-02  2.89016234e-03  4.61657526e-04  8.90223288e-03
  -1.62607584e-02 -6.98798367e-02]
 [ 2.89016234e-03  1.43382557e-02 -9.45961513e-04  7.95887339e-03
  -2.45680789e-02 -1.41151730e-02]
 [ 4.61657526e-04 -9.45961513e-04  1.31343591e-04  1.96769746e-04
  -4.14640925e-04 -6.79539688e-04]
 [ 8.90223288e-03  7.95887339e-03  1.96769746e-04  3.71955545e-02
  -4.34891134e-02 -5.65029796e-02]
 [-1.62607584e-02 -2.45680789e-02 -4.14640925e-04 -4.34891134e-02
   1.24679801e-01  8.41274559e-02]
 [-6.98798367e-02 -1.41151730e-02 -6.79539688e-04 -5.65029796e-02
   8.41274559e-02  3.04523125e-01]]"
SN2006ky,"{'amplitude': 100.71549257084695, 'color': -0.030093679509215484, 's1': -1.0942580027388977, 's2': -0.24192365967118093, 's3': 0.369645180316466, 't0': 54038.57020444273}","{'amplitude': 0.14751475598346134, 'color': 0.019573850869529095, 's1': 0.2929526274482155, 's2': 0.5378419564578346, 's3': 1.0306578768551635, 't0': 0.2397680505752495}","[[ 5.74887181e-02 -3.57524859e-04  3.30334727e-04 -2.80993879e-03
   3.44713340e-02  1.59511175e-01]
 [-3.57524859e-04  2.17606032e-02 -2.56862736e-03  2.13867917e-03
   9.94030986e-03  6.67679204e-03]
 [ 3.30334727e-04 -2.56862736e-03  3.83135638e-04 -1.19780131e-03
  -7.94081263e-04  1.80309480e-03]
 [-2.80993879e-03  2.13867917e-03 -1.19780131e-03  8.58212419e-02
  -2.20416434e-02  4.59490078e-02]
 [ 3.44713340e-02  9.94030986e-03 -7.94081263e-04 -2.20416434e-02
   2.89273970e-01  5.18065065e-02]
 [ 1.59511175e-01  6.67679204e-03  1.80309480e-03  4.59490078e-02
   5.18065065e-02  1.06225566e+00]]","{'amplitude': 100.636202038454, 'color': -0.02514011110385376, 's1': -1.0490897103584105, 's2': -0.1325583016838886, 's3': 0.5774030041584486, 't0': 54038.605166487905}","{'amplitude': 0.17836652097635192, 'color': 0.02021319855029787, 's1': 0.37920779631352014, 's2': 1.002519646073912, 's3': 0.788791973006018, 't0': 0.25066028164818277}","[[ 6.28305768e-02 -1.28754221e-02  6.56491601e-04 -3.46194858e-02
   1.10174186e-01 -2.90197416e-02]
 [-1.28754221e-02  3.18146158e-02 -3.28407543e-03  1.47449406e-02
  -7.29874808e-02  4.37562014e-02]
 [ 6.56491601e-04 -3.28407543e-03  4.08573396e-04 -1.49616265e-03
   5.54015543e-03 -6.40324363e-03]
 [-3.46194858e-02  1.47449406e-02 -1.49616265e-03  1.43798553e-01
  -1.35784052e-01  7.86901637e-02]
 [ 1.10174186e-01 -7.29874808e-02  5.54015543e-03 -1.35784052e-01
   1.00504564e+00 -2.83263344e-01]
 [-2.90197416e-02  4.37562014e-02 -6.40324363e-03  7.86901637e-02
  -2.83263344e-01  6.22192777e-01]]"
SN2006kz,"{'amplitude': 100.92092778794353, 'color': -0.07864589428774048, 's1': 0.201753636440172, 's2': -0.832400341318436, 's3': -0.414324708008803, 't0': 54037.63222591194}","{'amplitude': 0.15978065980697206, 'color': 0.018699030665309355, 's1': 0.20606850815455957, 's2': 0.7035405826961487, 's3': 0.7259118928950267, 't0': 0.16714052855722508}","[[ 2.79359563e-02 -5.82042918e-04  1.68949597e-04 -4.52844228e-04
  -2.43457380e-02  3.02262966e-02]
 [-5.82042918e-04  2.55298592e-02 -2.46970368e-03 -3.15695283e-03
   1.37137970e-02 -5.39055328e-03]
 [ 1.68949597e-04 -2.46970368e-03  3.49653748e-04 -8.12933555e-04
  -2.04893307e-03  5.97482971e-03]
 [-4.52844228e-04 -3.15695283e-03 -8.12933555e-04  4.24642301e-02
  -6.20794092e-02 -2.78424223e-02]
 [-2.43457380e-02  1.37137970e-02 -2.04893307e-03 -6.20794092e-02
   4.94969352e-01 -1.15541372e-01]
 [ 3.02262966e-02 -5.39055328e-03  5.97482971e-03 -2.78424223e-02
  -1.15541372e-01  5.26948076e-01]]","{'amplitude': 100.42945938486687, 'color': -0.05581469686771185, 's1': -0.27032727068556794, 's2': 1.0217730572340142, 's3': -1.6698779482045716, 't0': 54037.83125738183}","{'amplitude': 0.46089582159448067, 'color': 0.02710742094368164, 's1': 0.29219122651977925, 's2': 0.9381722818757353, 's3': 0.815949326130135, 't0': 0.29035885547236245}","[[ 8.43082650e-02 -8.30268159e-02  3.20619875e-03 -5.52617382e-02
   1.61370517e-01 -1.49555830e-01]
 [-8.30268159e-02  2.12424958e-01 -1.09535589e-02  8.81834502e-02
  -3.67279999e-01  2.70052329e-01]
 [ 3.20619875e-03 -1.09535589e-02  7.34812270e-04 -4.93477947e-03
   1.69353391e-02 -9.01262809e-03]
 [-5.52617382e-02  8.81834502e-02 -4.93477947e-03  8.53757129e-02
  -1.98510117e-01  1.15588564e-01]
 [ 1.61370517e-01 -3.67279999e-01  1.69353391e-02 -1.98510117e-01
   8.80167230e-01 -4.58091214e-01]
 [-1.49555830e-01  2.70052329e-01 -9.01262809e-03  1.15588564e-01
  -4.58091214e-01  6.65773303e-01]]"
SN2006la,"{'amplitude': 99.18689711380019, 'color': 0.1336235009451508, 's1': -0.29376720066232365, 's2': -0.29819066372671776, 's3': -0.9352253647123125, 't0': 54036.090355189976}","{'amplitude': 0.16401858045401155, 'color': 0.016875961263157328, 's1': 0.2521863709893758, 's2': 0.5721076353473822, 's3': 1.190488286899442, 't0': 0.23164288110102887}","[[ 5.36584244e-02 -2.35310425e-04 -2.65679907e-04  7.84821210e-03
   4.75854598e-02  5.23652363e-02]
 [-2.35310425e-04  2.69020947e-02 -2.29376748e-03  9.08006278e-03
  -1.25628721e-02  1.00276803e-01]
 [-2.65679907e-04 -2.29376748e-03  2.84798069e-04 -8.48882304e-04
  -1.05792379e-03 -6.30440263e-03]
 [ 7.84821210e-03  9.08006278e-03 -8.48882304e-04  6.35979657e-02
   6.24827883e-03  3.88927184e-02]
 [ 4.75854598e-02 -1.25628721e-02 -1.05792379e-03  6.24827883e-03
   3.27307146e-01  1.65213942e-01]
 [ 5.23652363e-02  1.00276803e-01 -6.30440263e-03  3.88927184e-02
   1.65213942e-01  1.41726236e+00]]","{'amplitude': 99.0950474919381, 'color': 0.13650969986674952, 's1': -0.5061054789425957, 's2': 0.6473072000867653, 's3': 0.7349732375668923, 't0': 54036.070755376175}","{'amplitude': 0.22008081107413832, 'color': 0.020395626503262432, 's1': 0.343028347922726, 's2': 1.0111647669638792, 's3': 0.4544335551503243, 't0': 0.22522015946054957}","[[ 5.07241202e-02 -6.95733864e-03  6.25489835e-04 -5.14672526e-03
   1.67392258e-02 -2.57739433e-02]
 [-6.95733864e-03  4.84355634e-02 -3.99833226e-03  3.50599094e-02
  -1.68188564e-01  3.66486537e-02]
 [ 6.25489835e-04 -3.99833226e-03  4.15981580e-04 -2.17778175e-03
   1.00022927e-02 -3.53061241e-03]
 [-5.14672526e-03  3.50599094e-02 -2.17778175e-03  1.17668447e-01
  -2.42389148e-01  7.21518801e-02]
 [ 1.67392258e-02 -1.68188564e-01  1.00022927e-02 -2.42389148e-01
   1.02245419e+00 -1.89056679e-01]
 [-2.57739433e-02  3.66486537e-02 -3.53061241e-03  7.21518801e-02
  -1.89056679e-01  2.06509856e-01]]"
SN2006lb,"{'amplitude': 100.32155716331187, 'color': -0.08166707254319638, 's1': -1.1864163319230752, 's2': 0.05059467118568966, 's3': 1.201268305867835, 't0': 54041.72663535857}","{'amplitude': 0.09634689052819717, 'color': 0.011793871385085626, 's1': 0.13143518632092302, 's2': 0.21132620819185616, 's3': 0.26749638572501294, 't0': 0.12972622263197062}","[[ 1.68288928e-02  3.66911491e-04 -9.77970624e-05 -2.33200097e-03
  -4.44320766e-03  5.34358783e-03]
 [ 3.66911491e-04  9.28272331e-03 -1.02436216e-03  9.84571373e-04
  -2.28382445e-03  9.20617558e-04]
 [-9.77970624e-05 -1.02436216e-03  1.39095402e-04  8.78612492e-06
  -1.85594904e-04 -1.15949214e-03]
 [-2.33200097e-03  9.84571373e-04  8.78612492e-06  1.72752082e-02
  -8.20772282e-03  5.61332449e-03]
 [-4.44320766e-03 -2.28382445e-03 -1.85594904e-04 -8.20772282e-03
   4.46587663e-02  4.52506820e-05]
 [ 5.34358783e-03  9.20617558e-04 -1.15949214e-03  5.61332449e-03
   4.52506820e-05  7.15543164e-02]]","{'amplitude': 100.27836311474155, 'color': -0.07979766715480761, 's1': -1.1993024290833945, 's2': 0.15045698962099854, 's3': 1.279174945040463, 't0': 54041.69745717219}","{'amplitude': 0.10895356406581753, 'color': 0.011757950221435299, 's1': 0.1680004625694739, 's2': 0.3480996960982698, 's3': 0.23476461986920877, 't0': 0.1475751145436845}","[[ 2.17784144e-02  3.26773159e-03 -9.76588477e-05  2.52170269e-03
  -2.19948113e-02  1.37074439e-03]
 [ 3.26773159e-03  1.18708791e-02 -1.07775340e-03  2.43787548e-03
  -1.46455337e-02 -2.87636835e-03]
 [-9.76588477e-05 -1.07775340e-03  1.38249393e-04  3.27517061e-04
   4.65982640e-05 -5.50514932e-04]
 [ 2.52170269e-03  2.43787548e-03  3.27517061e-04  2.82241554e-02
  -3.14619675e-02  4.52152990e-03]
 [-2.19948113e-02 -1.46455337e-02  4.65982640e-05 -3.14619675e-02
   1.21173398e-01  1.84050478e-04]
 [ 1.37074439e-03 -2.87636835e-03 -5.50514932e-04  4.52152990e-03
   1.84050478e-04  5.51144267e-02]]"
SN2006ls,"{'amplitude': 98.89827181382414, 'color': -0.09781868962505406, 's1': -0.4793202852323036, 's2': -0.10317115147058692, 's3': 1.4394613001174283, 't0': 54041.90848495643}","{'amplitude': 0.08589687134755467, 'color': 0.009530586212876854, 's1': 0.1417966278411587, 's2': 0.15792393034984809, 's3': 0.5900455744486324, 't0': 0.10177249969388076}","[[ 1.03576417e-02 -1.10520093e-04 -1.40074819e-04 -6.76076594e-03
  -1.31913154e-03  3.03055685e-02]
 [-1.10520093e-04  7.37827251e-03 -6.89415830e-04 -9.47039487e-04
  -5.30176437e-03 -1.92649064e-02]
 [-1.40074819e-04 -6.89415830e-04  9.08320736e-05 -1.49590098e-04
   3.09755276e-04  1.42850615e-05]
 [-6.76076594e-03 -9.47039487e-04 -1.49590098e-04  2.01062837e-02
   8.26256536e-03 -2.09158979e-02]
 [-1.31913154e-03 -5.30176437e-03  3.09755276e-04  8.26256536e-03
   2.49399678e-02  2.20111921e-02]
 [ 3.03055685e-02 -1.92649064e-02  1.42850615e-05 -2.09158979e-02
   2.20111921e-02  3.48153780e-01]]","{'amplitude': 98.88567843354635, 'color': -0.09899933770600754, 's1': -0.5349988476009897, 's2': 0.7676905304476885, 's3': 1.1395863996681304, 't0': 54041.9004591565}","{'amplitude': 0.09119951379382418, 'color': 0.010321572332382687, 's1': 0.1611940023241058, 's2': 0.2641980046977621, 's3': 0.20343482206259195, 't0': 0.08609659703831281}","[[ 7.41262402e-03 -5.40114766e-04  9.41503415e-05 -2.84370253e-03
  -5.41958753e-03  5.55554394e-03]
 [-5.40114766e-04  8.31735132e-03 -8.88061004e-04 -3.97265740e-03
   1.03213768e-03 -6.78968035e-03]
 [ 9.41503415e-05 -8.88061004e-04  1.06534855e-04  3.06775851e-04
  -6.52151603e-04  7.34745196e-04]
 [-2.84370253e-03 -3.97265740e-03  3.06775851e-04  2.59835064e-02
  -1.53820427e-02  1.30787738e-02]
 [-5.41958753e-03  1.03213768e-03 -6.52151603e-04 -1.53820427e-02
   6.98005857e-02 -2.93665403e-02]
 [ 5.55554394e-03 -6.78968035e-03  7.34745196e-04  1.30787738e-02
  -2.93665403e-02  4.13857268e-02]]"
SN2006mv,"{'amplitude': 96.77840314635769, 'color': 0.01646464649919198, 's1': 1.5605392996592669, 's2': 1.2001930911356609, 's3': 0.8969116700332239, 't0': 54070.69175675795}","{'amplitude': 3.427909859735793, 'color': 0.6447696897118964, 's1': 1.7020614551482893, 's2': 2.707928422508109, 's3': 2.07954523509302, 't0': 269.62579653013165}","[[ 7.26980702e+04 -2.26152509e+02 -1.72826275e+02  1.20934606e+02
   6.80506247e+02  4.28087232e+02]
 [-2.26152509e+02  1.17505660e+01  3.57844936e-01 -5.04192548e+00
  -4.38971280e+00 -1.00748233e+00]
 [-1.72826275e+02  3.57844936e-01  4.15727953e-01 -2.25337640e-01
  -1.58078009e+00 -1.01320854e+00]
 [ 1.20934606e+02 -5.04192548e+00 -2.25337640e-01  2.89701320e+00
   2.31453898e+00  2.79572753e-01]
 [ 6.80506247e+02 -4.38971280e+00 -1.58078009e+00  2.31453898e+00
   7.33287634e+00  4.59721553e+00]
 [ 4.28087232e+02 -1.00748233e+00 -1.01320854e+00  2.79572753e-01
   4.59721553e+00  4.32450838e+00]]","{'amplitude': 100.37242798092164, 'color': 0.02829765160326662, 's1': 0.15621067857559293, 's2': -0.3822107092174653, 's3': 0.5043686957505213, 't0': 54041.85848505558}","{'amplitude': 0.23185732258610503, 'color': 0.025589409558223492, 's1': 0.24882028611029067, 's2': 0.9906437680609631, 's3': 0.7826460958768148, 't0': 0.18922947484066985}","[[ 3.58077941e-02 -4.43857591e-03  1.77464802e-04 -1.16487914e-03
   2.47033474e-03  1.15729071e-02]
 [-4.43857591e-03  5.37578180e-02 -5.60257063e-03  2.68459283e-02
  -9.55581068e-02  3.23483462e-02]
 [ 1.77464802e-04 -5.60257063e-03  6.54817882e-04 -3.13930976e-03
   7.45220077e-03 -1.64165762e-03]
 [-1.16487914e-03  2.68459283e-02 -3.13930976e-03  6.19115348e-02
  -1.49984351e-01  9.37399632e-02]
 [ 2.47033474e-03 -9.55581068e-02  7.45220077e-03 -1.49984351e-01
   9.81375075e-01 -5.04678807e-01]
 [ 1.15729071e-02  3.23483462e-02 -1.64165762e-03  9.37399632e-02
  -5.04678807e-01  6.12534911e-01]]"
SN2006nc,"{'amplitude': 98.53741601664214, 'color': -0.03897178799668215, 's1': 0.30195434429070706, 's2': -0.6421637161483568, 's3': -0.4551560546800257, 't0': 54049.720296036256}","{'amplitude': 0.08543206015857001, 'color': 0.011103434808137408, 's1': 0.1221721973551183, 's2': 0.43159642939217674, 's3': 0.36869692429022394, 't0': 0.11004733407906117}","[[ 1.21104157e-02 -1.56032967e-03  3.03592277e-04 -6.80002729e-03
   6.37370654e-03  6.19782937e-04]
 [-1.56032967e-03  7.29863690e-03 -8.95325888e-04  3.38053233e-03
   2.30626176e-03 -6.69549961e-03]
 [ 3.03592277e-04 -8.95325888e-04  1.23286265e-04 -6.74920000e-04
  -1.91077304e-04  1.06740005e-03]
 [-6.80002729e-03  3.38053233e-03 -6.74920000e-04  1.49260458e-02
   7.74138372e-03 -1.32142649e-02]
 [ 6.37370654e-03  2.30626176e-03 -1.91077304e-04  7.74138372e-03
   1.86275478e-01 -3.14241693e-02]
 [ 6.19782937e-04 -6.69549961e-03  1.06740005e-03 -1.32142649e-02
  -3.14241693e-02  1.35937422e-01]]","{'amplitude': 98.58202276029245, 'color': -0.045107035833006154, 's1': 0.2947444196099689, 's2': -0.3631341401547858, 's3': -0.6124600923625496, 't0': 54049.78571592688}","{'amplitude': 0.08670887049819821, 'color': 0.011122929374621, 's1': 0.11722468192103275, 's2': 0.45420136266148253, 's3': 0.4310339129723384, 't0': 0.10667038630291087}","[[ 1.13785713e-02 -2.13018442e-03  2.70137160e-04 -6.08063842e-03
   1.06374868e-02 -2.79975743e-03]
 [-2.13018442e-03  7.51842822e-03 -9.03106779e-04  3.46884314e-03
  -2.09710868e-03 -5.77956309e-03]
 [ 2.70137160e-04 -9.03106779e-04  1.23719558e-04 -5.82472097e-04
   1.02928574e-04  1.05634413e-03]
 [-6.08063842e-03  3.46884314e-03 -5.82472097e-04  1.37416261e-02
  -1.33680785e-03 -8.48833180e-03]
 [ 1.06374868e-02 -2.09710868e-03  1.02928574e-04 -1.33680785e-03
   2.06298878e-01 -9.87148697e-02]
 [-2.79975743e-03 -5.77956309e-03  1.05634413e-03 -8.48833180e-03
  -9.87148697e-02  1.85790234e-01]]"
SN2006nd,"{'amplitude': 97.60954350535452, 'color': 0.17985985420417694, 's1': -1.6860094356086297, 's2': 0.8345259333862641, 's3': 0.21245523692328575, 't0': 54051.10253401306}","{'amplitude': 0.28431362332850385, 'color': 0.012839941524607993, 's1': 0.31172002852997116, 's2': 1.3578859473844729, 's3': 0.5065262670700822, 't0': 0.2575743066192943}","[[ 6.63445234e-02  1.04956106e-02 -4.83659406e-04 -1.14543105e-02
   4.53243362e-04 -4.54745540e-02]
 [ 1.04956106e-02  8.08342364e-02 -2.65369936e-03  2.21112066e-02
  -3.39840751e-01 -5.65802335e-02]
 [-4.83659406e-04 -2.65369936e-03  1.64864098e-04 -2.96496193e-04
   8.22990693e-03  8.79403278e-04]
 [-1.14543105e-02  2.21112066e-02 -2.96496193e-04  9.71693762e-02
  -5.83023654e-02 -1.88484306e-02]
 [ 4.53243362e-04 -3.39840751e-01  8.22990693e-03 -5.83023654e-02
   1.84385425e+00  1.59065874e-01]
 [-4.54745540e-02 -5.65802335e-02  8.79403278e-04 -1.88484306e-02
   1.59065874e-01  2.56568859e-01]]","{'amplitude': 97.87797188469679, 'color': 0.16815101909911734, 's1': -1.8375483084850017, 's2': -0.7431716808974392, 's3': 0.14701470026856744, 't0': 54051.111677542736}","{'amplitude': 0.1150589138174885, 'color': 0.01679271913720944, 's1': 0.578876945942382, 's2': 0.5906763649743859, 's3': 0.47726395373954256, 't0': 0.1943116044406413}","[[ 3.77569996e-02  2.29745881e-03 -1.26079691e-04 -2.65543339e-02
  -3.36246207e-02  3.04533604e-02]
 [ 2.29745881e-03  1.32385536e-02 -1.81969740e-03 -2.87634087e-02
  -3.02495265e-02  6.19498368e-03]
 [-1.26079691e-04 -1.81969740e-03  2.81995416e-04  5.01142081e-03
   5.51690958e-03 -1.64964340e-03]
 [-2.65543339e-02 -2.87634087e-02  5.01142081e-03  3.35098519e-01
   1.90457679e-01 -3.61290885e-02]
 [-3.36246207e-02 -3.02495265e-02  5.51690958e-03  1.90457679e-01
   3.48898568e-01 -2.16367590e-01]
 [ 3.04533604e-02  6.19498368e-03 -1.64964340e-03 -3.61290885e-02
  -2.16367590e-01  2.27780882e-01]]"
SN2006ni,"{'amplitude': 99.54281412673515, 'color': 0.19929906188740476, 's1': 1.081026632392212, 's2': 0.2738965792245405, 's3': -2.021447895513136, 't0': 54043.26882419455}","{'amplitude': 0.40366675207880665, 'color': 0.04593072538033477, 's1': 0.5130034541264079, 's2': 1.2542658994496187, 's3': 0.9399991168920611, 't0': 0.4656660721023214}","[[ 0.21684489  0.03295334  0.00490181 -0.00370063 -0.22842183  0.16807432]
 [ 0.03295334  0.16294685 -0.00965173  0.02259366 -0.23313563  0.18536639]
 [ 0.00490181 -0.00965173  0.00210963 -0.01385371  0.00439103  0.00785046]
 [-0.00370063  0.02259366 -0.01385371  0.26317254 -0.30607895 -0.11595828]
 [-0.22842183 -0.23313563  0.00439103 -0.30607895  1.57318295 -0.3009341 ]
 [ 0.16807432  0.18536639  0.00785046 -0.11595828 -0.3009341   0.88359834]]","{'amplitude': 99.31844611896291, 'color': 0.21149233981582882, 's1': 0.9227268535115609, 's2': 1.3555433309493004, 's3': -1.9160676534633738, 't0': 54043.21811750298}","{'amplitude': 0.4307655205814709, 'color': 0.04822304148936677, 's1': 0.4922231437792365, 's2': 0.7861521923643799, 's3': 1.165178104564957, 't0': 0.4985875069769984}","[[ 2.48589502e-01  6.85552126e-02  3.74502569e-03 -1.12354057e-01
   1.22714209e-01  3.81983850e-01]
 [ 6.85552126e-02  1.85558934e-01 -9.15728024e-03 -4.20603623e-02
  -7.08004963e-02  2.74916238e-01]
 [ 3.74502569e-03 -9.15728024e-03  2.32546173e-03 -1.35759340e-02
   9.54669179e-04  8.42096227e-03]
 [-1.12354057e-01 -4.20603623e-02 -1.35759340e-02  2.42283623e-01
  -1.32417724e-01 -2.91100228e-01]
 [ 1.22714209e-01 -7.08004963e-02  9.54669179e-04 -1.32417724e-01
   6.18035270e-01  3.24365489e-01]
 [ 3.81983850e-01  2.74916238e-01  8.42096227e-03 -2.91100228e-01
   3.24365489e-01  1.35764002e+00]]"
SN2006nl,"{'amplitude': 100.11817749453387, 'color': 0.1074153910944347, 's1': 0.13930247088092085, 's2': 1.7438615741488972, 's3': -0.26572916269723806, 't0': 54048.83566046837}","{'amplitude': 0.5663148179202273, 'color': 0.03979441601834714, 's1': 0.3783900366587664, 's2': 1.010704674085806, 's3': 1.2021460493910014, 't0': 0.3274314776054051}","[[ 0.10721137 -0.04952181  0.00468849 -0.07680879  0.10150198 -0.13040582]
 [-0.04952181  0.32071247 -0.01986403  0.11327202 -0.49546857  0.52516565]
 [ 0.00468849 -0.01986403  0.0015836  -0.00829747  0.02459312 -0.02680444]
 [-0.07680879  0.11327202 -0.00829747  0.14317902 -0.22679319  0.32033404]
 [ 0.10150198 -0.49546857  0.02459312 -0.22679319  1.02152394 -0.98289049]
 [-0.13040582  0.52516565 -0.02680444  0.32033404 -0.98289049  1.44515512]]","{'amplitude': 100.06072214749759, 'color': 0.10143121390258227, 's1': 0.16727329646536754, 's2': 2.12790142415738, 's3': -0.3768035347750201, 't0': 54048.89341653012}","{'amplitude': 0.5042158641877712, 'color': 0.03721837055468701, 's1': 0.44578857839243813, 's2': 0.9022861052458859, 's3': 1.0817663592314666, 't0': 0.37400834945744715}","[[ 0.13988225 -0.04939663  0.00529023 -0.10616301  0.1035089  -0.1627794 ]
 [-0.04939663  0.25423364 -0.01467962  0.06700435 -0.37808811  0.37011405]
 [ 0.00529023 -0.01467962  0.00138521 -0.00895773  0.01405577 -0.01942142]
 [-0.10616301  0.06700435 -0.00895773  0.19872746 -0.11957853  0.29459169]
 [ 0.1035089  -0.37808811  0.01405577 -0.11957853  0.81412022 -0.66559296]
 [-0.1627794   0.37011405 -0.01942142  0.29459169 -0.66559296  1.17021846]]"
SN2006nn,"{'amplitude': 100.54712487160589, 'color': -0.020892008607494846, 's1': -1.8086745068195373, 's2': 0.54422695203764, 's3': 1.1503426433222053, 't0': 54054.49272981467}","{'amplitude': 0.16324956548668332, 'color': 0.014867508606076532, 's1': 0.4090609157465858, 's2': 0.5873341459440035, 's3': 0.5596290244377655, 't0': 0.38670888913970236}","[[ 1.49543765e-01  1.32897382e-03 -6.09516862e-05 -8.91360642e-02
   4.89987327e-02 -9.50962040e-02]
 [ 1.32897382e-03  2.66504206e-02 -2.05918827e-03  8.02412465e-03
  -4.84820753e-02 -3.24547862e-02]
 [-6.09516862e-05 -2.05918827e-03  2.21042812e-04 -5.99952353e-06
   1.18048955e-03  1.28188783e-03]
 [-8.91360642e-02  8.02412465e-03 -5.99952353e-06  1.67330833e-01
  -7.78636837e-02  1.17734366e-01]
 [ 4.89987327e-02 -4.84820753e-02  1.18048955e-03 -7.78636837e-02
   3.44961399e-01 -1.33908297e-02]
 [-9.50962040e-02 -3.24547862e-02  1.28188783e-03  1.17734366e-01
  -1.33908297e-02  3.13184645e-01]]","{'amplitude': 100.90170715212257, 'color': -0.06410090734473979, 's1': -2.6983230976428727, 's2': 0.02745536207653194, 's3': 0.7017440946148474, 't0': 54054.43757200222}","{'amplitude': 0.4204526196689066, 'color': 0.04998013485340785, 's1': 1.0944249575053953, 's2': 1.1660185262608895, 's3': 0.7458497819033151, 't0': 0.5124529200983232}","[[ 0.262608   -0.02030537  0.0034577   0.02666506  0.05099404 -0.09275419]
 [-0.02030537  0.17678041 -0.02019207 -0.39180749 -0.42551772 -0.0835184 ]
 [ 0.0034577  -0.02019207  0.00249801  0.05001925  0.04622405  0.00497364]
 [ 0.02666506 -0.39180749  0.05001925  1.19776599  0.98081445  0.11996106]
 [ 0.05099404 -0.42551772  0.04622405  0.98081445  1.3595992   0.05942918]
 [-0.09275419 -0.0835184   0.00497364  0.11996106  0.05942918  0.5562919 ]]"
SN2006nu,"{'amplitude': 101.34437713260574, 'color': 0.03311722544827969, 's1': 0.06997278339247824, 's2': -1.94411459251861, 's3': 0.2120646799672258, 't0': 54041.16418803115}","{'amplitude': 0.2572659966254084, 'color': 0.030318576414485137, 's1': 0.4396749042185051, 's2': 1.1352761678205807, 's3': 1.0153093256891275, 't0': 0.34798482785796125}","[[ 1.21093440e-01 -5.64020832e-03 -1.63024998e-03  6.61360849e-02
  -1.14888688e-01  1.94040898e-01]
 [-5.64020832e-03  6.61857930e-02 -6.54257309e-03 -1.18722975e-02
   6.14564357e-02 -4.70292186e-02]
 [-1.63024998e-03 -6.54257309e-03  9.19216076e-04 -3.86266342e-03
   3.00300516e-03 -2.12997063e-03]
 [ 6.61360849e-02 -1.18722975e-02 -3.86266342e-03  1.93314021e-01
  -1.66027137e-01  2.19577693e-01]
 [-1.14888688e-01  6.14564357e-02  3.00300516e-03 -1.66027137e-01
   1.28885198e+00 -7.99716515e-01]
 [ 1.94040898e-01 -4.70292186e-02 -2.12997063e-03  2.19577693e-01
  -7.99716515e-01  1.03085303e+00]]","{'amplitude': 101.32904372253746, 'color': 0.03342682299521627, 's1': 0.12062768528280747, 's2': -2.022089672797792, 's3': 0.25440018471672216, 't0': 54041.09727996465}","{'amplitude': 0.2692631662153037, 'color': 0.03115564486704092, 's1': 0.48267838693564946, 's2': 1.0530933923863863, 's3': 0.8827416961179453, 't0': 0.3121657277667148}","[[ 9.74474416e-02 -7.75573115e-03 -5.09072474e-04  5.61647296e-02
  -9.83429522e-02  1.51703201e-01]
 [-7.75573115e-03  7.25026527e-02 -7.00363832e-03 -3.44191716e-02
   8.53550015e-02 -7.01588992e-02]
 [-5.09072474e-04 -7.00363832e-03  9.70674207e-04 -2.08992779e-03
   8.53980976e-04  1.02936932e-03]
 [ 5.61647296e-02 -3.44191716e-02 -2.08992779e-03  2.32978425e-01
  -1.84027275e-01  1.94507435e-01]
 [-9.83429522e-02  8.53550015e-02  8.53980976e-04 -1.84027275e-01
   1.10900569e+00 -5.75598811e-01]
 [ 1.51703201e-01 -7.01588992e-02  1.02936932e-03  1.94507435e-01
  -5.75598811e-01  7.79232902e-01]]"
SN2006nw,"{'amplitude': 99.8841164367755, 'color': -0.05512311499585171, 's1': -0.6426163497025278, 's2': -0.36720320027176473, 's3': -0.3601706546040509, 't0': 54053.399774230966}","{'amplitude': 0.12120698694821673, 'color': 0.01337795069094411, 's1': 0.24065837792151523, 's2': 0.4451690607501645, 's3': 0.636982745230023, 't0': 0.14715216007636034}","[[ 2.16537582e-02 -2.61553120e-03  3.60744490e-04 -1.74761827e-02
  -1.26677954e-02 -6.60320612e-03]
 [-2.61553120e-03  1.46911337e-02 -1.53294644e-03 -2.71348338e-03
  -1.43901438e-02 -8.39800020e-03]
 [ 3.60744490e-04 -1.53294644e-03  1.78969565e-04 -1.22936205e-04
   6.80162270e-04  5.67477162e-04]
 [-1.74761827e-02 -2.71348338e-03 -1.22936205e-04  5.79164549e-02
   3.71802035e-02  5.51266718e-02]
 [-1.26677954e-02 -1.43901438e-02  6.80162270e-04  3.71802035e-02
   1.98175493e-01  5.37045427e-02]
 [-6.60320612e-03 -8.39800020e-03  5.67477162e-04  5.51266718e-02
   5.37045427e-02  4.05747018e-01]]","{'amplitude': 99.91898097485735, 'color': -0.059370986357455774, 's1': -0.7854567306026684, 's2': -1.424352558608049, 's3': 0.13738273515704824, 't0': 54053.36898109487}","{'amplitude': 0.12412690329760846, 'color': 0.01416359643996278, 's1': 0.27295901741088546, 's2': 0.7873126229163664, 's3': 0.4012657431952571, 't0': 0.14997013927020678}","[[ 2.24910427e-02  4.77532911e-05  7.29949459e-05 -1.10966778e-02
   1.32936012e-02  7.17474060e-05]
 [ 4.77532911e-05  1.54074881e-02 -1.69570223e-03 -9.41249077e-03
  -3.95617906e-02 -1.75823233e-02]
 [ 7.29949459e-05 -1.69570223e-03  2.00607464e-04  9.53032006e-04
   4.72051955e-03  1.40102445e-03]
 [-1.10966778e-02 -9.41249077e-03  9.53032006e-04  7.45066252e-02
   5.09935001e-02  3.08119180e-02]
 [ 1.32936012e-02 -3.95617906e-02  4.72051955e-03  5.09935001e-02
   6.19861166e-01  8.90152676e-02]
 [ 7.17474060e-05 -1.75823233e-02  1.40102445e-03  3.08119180e-02
   8.90152676e-02  1.61014197e-01]]"
SN2006nz,"{'amplitude': 91.73738122054235, 'color': 0.2936725995298442, 's1': 0.7026819494751142, 's2': 1.3182442277166113, 's3': -1.4923624195646699, 't0': 54058.7756067368}","{'amplitude': 0.526996568147991, 'color': 0.015104956776626504, 's1': 0.20043967228652537, 's2': 0.7684698722074942, 's3': 1.19737340589063, 't0': 0.36112837819246313}","[[ 1.30413706e-01  1.59546062e-01  1.39236951e-04 -5.90838095e-02
  -2.37032829e-01  3.93680527e-01]
 [ 1.59546062e-01  2.77725383e-01 -9.54542132e-05 -6.83427132e-02
  -3.90043167e-01  6.05933701e-01]
 [ 1.39236951e-04 -9.54542132e-05  2.28159719e-04 -3.92705196e-04
  -1.94712993e-03 -2.05364284e-03]
 [-5.90838095e-02 -6.83427132e-02 -3.92705196e-04  4.01760622e-02
   9.64058466e-02 -1.66907842e-01]
 [-2.37032829e-01 -3.90043167e-01 -1.94712993e-03  9.64058466e-02
   5.90545944e-01 -8.48310753e-01]
 [ 3.93680527e-01  6.05933701e-01 -2.05364284e-03 -1.66907842e-01
  -8.48310753e-01  1.43370307e+00]]","{'amplitude': 91.63882189958694, 'color': 0.26341811888704886, 's1': 0.9481326908280513, 's2': 1.6980744036462398, 's3': -1.8780119763405891, 't0': 54058.5530144072}","{'amplitude': 0.5274667040762379, 'color': 0.030420067861740886, 's1': 0.2960060045671641, 's2': 0.7062962081313101, 's3': 0.8052271584815435, 't0': 0.07738133266022142}","[[ 0.00598787  0.01642282 -0.00072137  0.00699895 -0.01841469  0.0189424 ]
 [ 0.01642282  0.27822112 -0.01561328  0.1519412  -0.36389069  0.40985816]
 [-0.00072137 -0.01561328  0.00092538 -0.00865154  0.02036194 -0.02313572]
 [ 0.00699895  0.1519412  -0.00865154  0.08761955 -0.20293429  0.23179866]
 [-0.01841469 -0.36389069  0.02036194 -0.20293429  0.49885433 -0.55098797]
 [ 0.0189424   0.40985816 -0.02313572  0.23179866 -0.55098797  0.64839078]]"
SN2006of,"{'amplitude': 99.95560830990394, 'color': -0.04855588582266445, 's1': -1.007742350314569, 's2': -1.3849430416832806, 's3': 0.7312831470045523, 't0': 54051.80192563913}","{'amplitude': 0.09495891632395824, 'color': 0.010991809366264857, 's1': 0.25345070594603203, 's2': 0.3007453238265342, 's3': 0.2533059745506164, 't0': 0.11639292613933461}","[[ 0.01354731 -0.00018953  0.00014599 -0.00981902  0.00666011 -0.00362126]
 [-0.00018953  0.0090172  -0.00097407 -0.00468362  0.00161612 -0.00664546]
 [ 0.00014599 -0.00097407  0.00012082  0.00049819  0.00035239  0.00010969]
 [-0.00981902 -0.00468362  0.00049819  0.06423726  0.02036883  0.02991028]
 [ 0.00666011  0.00161612  0.00035239  0.02036883  0.09044775 -0.00705413]
 [-0.00362126 -0.00664546  0.00010969  0.02991028 -0.00705413  0.06416392]]","{'amplitude': 100.0307138528126, 'color': -0.05579286313531333, 's1': -1.0389685224917975, 's2': -1.2101446378692489, 's3': 0.29967610177882004, 't0': 54051.802216348005}","{'amplitude': 0.10496672468295778, 'color': 0.012681264221801916, 's1': 0.35307766313697037, 's2': 0.6447347916328868, 's3': 0.5967063896908775, 't0': 0.1435547478105668}","[[ 2.06079656e-02 -1.11151819e-05  2.28722200e-04 -2.64854815e-02
  -5.22686895e-03 -1.73147376e-04]
 [-1.11151819e-05  1.10180133e-02 -1.20677214e-03 -2.59342016e-03
  -6.68625144e-03 -1.55085448e-02]
 [ 2.28722200e-04 -1.20677214e-03  1.60814462e-04  3.69150094e-04
   2.17057818e-03 -9.16835947e-05]
 [-2.64854815e-02 -2.59342016e-03  3.69150094e-04  1.24663836e-01
   6.88447411e-02 -5.64998558e-02]
 [-5.22686895e-03 -6.68625144e-03  2.17057818e-03  6.88447411e-02
   4.15682952e-01 -2.10183702e-01]
 [-1.73147376e-04 -1.55085448e-02 -9.16835947e-05 -5.64998558e-02
  -2.10183702e-01  3.56058515e-01]]"
SN2006ol,"{'amplitude': 97.99292698862722, 'color': 0.11156441368830121, 's1': 1.0159604582344344, 's2': -0.48113670676655046, 's3': 0.28835791760764384, 't0': 54052.912465467096}","{'amplitude': 0.14330699746326614, 'color': 0.014209792626879433, 's1': 0.15587551369457772, 's2': 0.7293407554620424, 's3': 0.4479278285377571, 't0': 0.20665990455302163}","[[ 4.27083161e-02  4.13105312e-03  2.73922841e-04 -6.50483269e-03
   2.69739935e-02 -3.34925160e-02]
 [ 4.13105312e-03  2.05368955e-02 -1.45029575e-03 -1.14363289e-02
   1.37763430e-02 -1.93551897e-02]
 [ 2.73922841e-04 -1.45029575e-03  2.01918206e-04 -2.69245708e-04
   8.83252640e-04  1.64815636e-04]
 [-6.50483269e-03 -1.14363289e-02 -2.69245708e-04  2.42971758e-02
  -3.39347349e-02  1.20661639e-02]
 [ 2.69739935e-02  1.37763430e-02  8.83252640e-04 -3.39347349e-02
   5.31937938e-01 -6.36139690e-02]
 [-3.34925160e-02 -1.93551897e-02  1.64815636e-04  1.20661639e-02
  -6.36139690e-02  2.00639340e-01]]","{'amplitude': 98.0584511206461, 'color': 0.1034884645684436, 's1': 0.9304513033259549, 's2': 0.08594395688974889, 's3': -0.9066490735857875, 't0': 54053.12217595843}","{'amplitude': 0.17164509615882861, 'color': 0.01541712960199338, 's1': 0.17573199877143808, 's2': 0.6082815706381719, 's3': 0.7362910347695608, 't0': 0.24110549093416658}","[[ 5.81318578e-02 -1.12424077e-03  3.40088696e-04 -9.89101198e-03
  -3.97731958e-02 -1.07212981e-01]
 [-1.12424077e-03  2.94620390e-02 -2.00981803e-03 -4.35841480e-03
  -1.77900783e-02  2.12469329e-02]
 [ 3.40088696e-04 -2.00981803e-03  2.37687885e-04 -3.62554048e-04
  -1.58587675e-04 -8.00187915e-04]
 [-9.89101198e-03 -4.35841480e-03 -3.62554048e-04  3.08817354e-02
  -1.72475736e-02  4.31672778e-02]
 [-3.97731958e-02 -1.77900783e-02 -1.58587675e-04 -1.72475736e-02
   3.70006469e-01  1.08053186e-01]
 [-1.07212981e-01  2.12469329e-02 -8.00187915e-04  4.31672778e-02
   1.08053186e-01  5.42124488e-01]]"
SN2006om,"{'amplitude': 100.93407647599857, 'color': -0.02723331576155012, 's1': -0.30404795274368723, 's2': -0.22023967949931708, 's3': 0.06248189037291421, 't0': 54058.19202679341}","{'amplitude': 0.2621430599520686, 'color': 0.02447989701247773, 's1': 0.5909275118253907, 's2': 1.187826889917109, 's3': 1.1389630535202222, 't0': 0.5140423406315527}","[[ 2.64239528e-01 -2.20894947e-03  9.57222341e-04 -1.55699379e-01
   8.87833582e-02 -2.16374990e-01]
 [-2.20894947e-03  6.87189839e-02 -5.57074964e-03 -1.99123288e-02
  -1.52328768e-01 -7.26615330e-02]
 [ 9.57222341e-04 -5.57074964e-03  5.99265358e-04  6.30942761e-04
   7.69960045e-03  6.58217165e-03]
 [-1.55699379e-01 -1.99123288e-02  6.30942761e-04  3.49195324e-01
  -2.63902366e-01  3.17487084e-01]
 [ 8.87833582e-02 -1.52328768e-01  7.69960045e-03 -2.63902366e-01
   1.41093272e+00 -2.02430743e-01]
 [-2.16374990e-01 -7.26615330e-02  6.58217165e-03  3.17487084e-01
  -2.02430743e-01  1.29723684e+00]]","{'amplitude': 100.94059704160462, 'color': -0.033375046925259305, 's1': -0.3832855439711761, 's2': -0.2632965829258641, 's3': 0.2515844552276045, 't0': 54058.305867416224}","{'amplitude': 0.31049305854100967, 'color': 0.02901613611467628, 's1': 0.5630262638170902, 's2': 1.725439009894983, 's3': 1.214333275290488, 't0': 0.5149936947939112}","[[ 2.65218506e-01  3.70420890e-03 -2.14488040e-03 -6.47326352e-02
  -1.18965979e-01  6.19739816e-02]
 [ 3.70420890e-03  9.64059394e-02 -7.73767122e-03 -1.95331218e-02
  -3.06749285e-01  8.08776724e-02]
 [-2.14488040e-03 -7.73767122e-03  8.41936155e-04  2.17808258e-03
   1.80764184e-02 -7.65672360e-03]
 [-6.47326352e-02 -1.95331218e-02  2.17808258e-03  3.16998574e-01
  -3.08227729e-01  2.74583447e-01]
 [-1.18965979e-01 -3.06749285e-01  1.80764184e-02 -3.08227729e-01
   2.97713978e+00 -1.12003318e+00]
 [ 6.19739816e-02  8.08776724e-02 -7.65672360e-03  2.74583447e-01
  -1.12003318e+00  1.47460530e+00]]"
SN2006pb,"{'amplitude': 100.1068187292462, 'color': 0.038651535106174195, 's1': 1.5629180493861103, 's2': -1.0541865764514258, 's3': 0.45420936270227213, 't0': 54042.268625915334}","{'amplitude': 0.31142017888825985, 'color': 0.032687108823924345, 's1': 0.16367877222583208, 's2': 0.9549969377751943, 's3': 0.6582794203650848, 't0': 0.26236069087733055}","[[ 0.06883313  0.03252074 -0.002102   -0.00988485 -0.01577125 -0.00799472]
 [ 0.03252074  0.09698253 -0.00850558 -0.00706308  0.12480387 -0.02128068]
 [-0.002102   -0.00850558  0.00106845 -0.00184034 -0.014323    0.0062217 ]
 [-0.00988485 -0.00706308 -0.00184034  0.02679074  0.0638375  -0.06066759]
 [-0.01577125  0.12480387 -0.014323    0.0638375   0.91201915 -0.24169353]
 [-0.00799472 -0.02128068  0.0062217  -0.06066759 -0.24169353  0.4333318 ]]","{'amplitude': 100.05410287366894, 'color': 0.04742977577616871, 's1': 1.4146119898903915, 's2': -1.4909192767895727, 's3': 0.6631552413623499, 't0': 54042.295293736126}","{'amplitude': 0.36420208995440567, 'color': 0.031655983151139065, 's1': 0.433745229199743, 's2': 0.9689859100965544, 's3': 0.6906059092085566, 't0': 0.37621839379165883}","[[ 1.41540280e-01  3.02093018e-02  1.19890888e-03 -8.00884001e-02
   2.72586060e-02 -1.09800157e-01]
 [ 3.02093018e-02  1.32643162e-01 -6.86215041e-03 -7.99819976e-02
   9.47463766e-02  1.25681369e-02]
 [ 1.19890888e-03 -6.86215041e-03  1.00210127e-03 -3.50877375e-03
   2.31515470e-03 -4.86563759e-05]
 [-8.00884001e-02 -7.99819976e-02 -3.50877375e-03  1.88134924e-01
  -2.15231518e-01  2.10296053e-02]
 [ 2.72586060e-02  9.47463766e-02  2.31515470e-03 -2.15231518e-01
   9.38933694e-01 -3.51923095e-01]
 [-1.09800157e-01  1.25681369e-02 -4.86563759e-05  2.10296053e-02
  -3.51923095e-01  4.76936522e-01]]"
SN2007hy,"{'amplitude': 100.05130390200384, 'color': 0.061166029698767804, 's1': -1.2283688849742673, 's2': 0.9687037628900571, 's3': 1.0767417124945282, 't0': 54349.900857306435}","{'amplitude': 0.4098169037197261, 'color': 0.05318323658941428, 's1': 0.6656063065311305, 's2': 1.1184612729281889, 's3': 1.800450459371008, 't0': 1.3773163897103378}","[[ 1.89700044e+00 -1.09386268e-01  4.11444089e-02  5.12484950e-01
  -6.74519347e-01 -1.79066164e+00]
 [-1.09386268e-01  1.67949895e-01 -1.82891449e-02 -9.70858203e-03
  -1.15865027e-01  2.48653452e-01]
 [ 4.11444089e-02 -1.82891449e-02  2.82845665e-03  5.98925301e-03
  -1.24705976e-02 -6.23550294e-02]
 [ 5.12484950e-01 -9.70858203e-03  5.98925301e-03  4.43031755e-01
  -4.02683095e-02 -2.47074094e-01]
 [-6.74519347e-01 -1.15865027e-01 -1.24705976e-02 -4.02683095e-02
   1.25095562e+00  1.12618742e+00]
 [-1.79066164e+00  2.48653452e-01 -6.23550294e-02 -2.47074094e-01
   1.12618742e+00  3.24162186e+00]]","{'amplitude': 100.04853762298895, 'color': 0.06886133249816473, 's1': -0.7912365412920981, 's2': 0.8760109362257797, 's3': 0.9809699535538478, 't0': 54350.39251166084}","{'amplitude': 0.3494517564136526, 'color': 0.05425441300373384, 's1': 0.7010186478503998, 's2': 1.1533776653520569, 's3': 1.6786013422363772, 't0': 1.4001791330701914}","[[ 1.9605016  -0.17951981  0.04655629  0.4705369  -0.27494879 -1.49303261]
 [-0.17951981  0.12211653 -0.01596392 -0.07700962 -0.03235181  0.23213091]
 [ 0.04655629 -0.01596392  0.00294354  0.00982259 -0.02164568 -0.06274808]
 [ 0.4705369  -0.07700962  0.00982259  0.49142714  0.07508643 -0.14476591]
 [-0.27494879 -0.03235181 -0.02164568  0.07508643  1.33028004  0.91314907]
 [-1.49303261  0.23213091 -0.06274808 -0.14476591  0.91314907  2.81770247]]"
SN2007hz,"{'amplitude': 98.94991393156275, 'color': -0.07685139133391786, 's1': -0.7651837748584217, 's2': 0.8273874276885709, 's3': 0.9956493465712423, 't0': 54351.44293210934}","{'amplitude': 0.2006559268475767, 'color': 0.015349929236832614, 's1': 0.3448833254591569, 's2': 0.4518560361952393, 's3': 0.5633728814213049, 't0': 0.4823929060378483}","[[ 2.32702916e-01  5.29930292e-02 -8.37103631e-04  1.06590052e-01
  -1.11942599e-01 -2.06145486e-01]
 [ 5.29930292e-02  4.02628010e-02 -2.43084432e-03  4.11590600e-02
  -6.79996875e-02 -6.60570250e-02]
 [-8.37103631e-04 -2.43084432e-03  2.35620328e-04 -1.17454622e-03
   2.17209860e-03  1.13275412e-03]
 [ 1.06590052e-01  4.11590600e-02 -1.17454622e-03  1.18944508e-01
  -1.09778822e-01 -1.05802855e-01]
 [-1.11942599e-01 -6.79996875e-02  2.17209860e-03 -1.09778822e-01
   2.04173877e-01  1.25421906e-01]
 [-2.06145486e-01 -6.60570250e-02  1.13275412e-03 -1.05802855e-01
   1.25421906e-01  3.17389004e-01]]","{'amplitude': 98.86378666638402, 'color': -0.07154804963674116, 's1': -0.7519563583695111, 's2': 0.9662854887088641, 's3': 0.970527648601146, 't0': 54351.40337659404}","{'amplitude': 0.20381845585198374, 'color': 0.01604337596345164, 's1': 0.37195224528297477, 's2': 0.49626001561124183, 's3': 0.8989701771194258, 't0': 0.5859625829522073}","[[ 3.43352149e-01  6.08251982e-02 -7.02039751e-04  1.71967664e-01
  -1.08700520e-01 -4.07501313e-01]
 [ 6.08251982e-02  4.15419629e-02 -2.52220799e-03  3.25874111e-02
  -6.95300622e-02 -1.04045166e-01]
 [-7.02039751e-04 -2.52220799e-03  2.57389912e-04 -1.32842157e-04
   2.44296589e-03  2.53263505e-03]
 [ 1.71967664e-01  3.25874111e-02 -1.32842157e-04  1.38348473e-01
  -8.28486787e-02 -2.37064873e-01]
 [-1.08700520e-01 -6.95300622e-02  2.44296589e-03 -8.28486787e-02
   2.46274003e-01  2.45075835e-01]
 [-4.07501313e-01 -1.04045166e-01  2.53263505e-03 -2.37064873e-01
   2.45075835e-01  8.08147379e-01]]"
SN2007ih,"{'amplitude': 100.14967136046432, 'color': 0.044215538464084825, 's1': -1.4150507173790814, 's2': 1.1012938869940645, 's3': 1.6399829693485812, 't0': 54352.553082941675}","{'amplitude': 0.29966593543362696, 'color': 0.02905918871841993, 's1': 0.568130859492145, 's2': 1.1287771777274156, 's3': 0.8217692859077107, 't0': 1.0442542328893925}","[[ 1.09046690e+00  1.06277955e-01  9.35757064e-03  3.49362222e-01
  -7.63622527e-01 -6.26640385e-01]
 [ 1.06277955e-01  8.97996729e-02 -6.13389803e-03  6.72922959e-02
  -2.07597821e-01 -8.21486072e-02]
 [ 9.35757064e-03 -6.13389803e-03  8.44436449e-04  1.84215936e-03
  -2.18919549e-05 -6.45631177e-03]
 [ 3.49362222e-01  6.72922959e-02  1.84215936e-03  3.22772674e-01
  -4.13836403e-01 -1.84484686e-01]
 [-7.63622527e-01 -2.07597821e-01 -2.18919549e-05 -4.13836403e-01
   1.27413792e+00  5.71529451e-01]
 [-6.26640385e-01 -8.21486072e-02 -6.45631177e-03 -1.84484686e-01
   5.71529451e-01  6.75304759e-01]]","{'amplitude': 100.33340650776192, 'color': 0.037198880085497044, 's1': -1.0010609822502008, 's2': 0.4346595963362518, 's3': 1.4367458404684788, 't0': 54353.03915760169}","{'amplitude': 0.30954548197233567, 'color': 0.03580197312199685, 's1': 0.5368415829564073, 's2': 1.1624311385693102, 's3': 0.8267787123486653, 't0': 0.8792795875436307}","[[ 7.73132593e-01  8.32971566e-02  5.65882347e-03  1.84721401e-01
  -5.70414936e-01 -3.89896919e-01]
 [ 8.32971566e-02  9.58184054e-02 -8.92530260e-03  4.20344124e-02
  -2.05986665e-01  8.59223587e-03]
 [ 5.65882347e-03 -8.92530260e-03  1.28178128e-03  2.04207649e-04
   7.32238947e-03 -1.42868582e-02]
 [ 1.84721401e-01  4.20344124e-02  2.04207649e-04  2.88198885e-01
  -2.75730532e-01 -1.02891272e-02]
 [-5.70414936e-01 -2.05986665e-01  7.32238947e-03 -2.75730532e-01
   1.35124615e+00  1.70385642e-01]
 [-3.89896919e-01  8.59223587e-03 -1.42868582e-02 -1.02891272e-02
   1.70385642e-01  6.83563039e-01]]"
SN2007ik,"{'amplitude': 100.99446187509848, 'color': -0.04601774149708124, 's1': -0.7249605787269057, 's2': -1.0410745233071483, 's3': 0.5613097989830091, 't0': 54357.47269992071}","{'amplitude': 0.2226521165822464, 'color': 0.028884374188912685, 's1': 0.34090926256990667, 's2': 1.027754334649465, 's3': 0.8005432394062993, 't0': 0.3520461628164113}","[[ 1.23936501e-01 -8.52085938e-03  1.25688962e-03 -1.25418029e-02
   1.08719662e-01 -3.90182075e-02]
 [-8.52085938e-03  4.95739650e-02 -6.13896183e-03 -8.98396337e-03
  -3.50837902e-02  4.27980070e-02]
 [ 1.25688962e-03 -6.13896183e-03  8.34307072e-04  2.89712061e-04
   4.81567455e-03 -9.06334832e-03]
 [-1.25418029e-02 -8.98396337e-03  2.89712061e-04  1.16219125e-01
  -3.50672508e-02  9.23926767e-02]
 [ 1.08719662e-01 -3.50837902e-02  4.81567455e-03 -3.50672508e-02
   1.05627897e+00 -1.59901987e-01]
 [-3.90182075e-02  4.27980070e-02 -9.06334832e-03  9.23926767e-02
  -1.59901987e-01  6.40869478e-01]]","{'amplitude': 100.75647432399639, 'color': -0.03154970100413724, 's1': -0.6681399617279234, 's2': 0.00019198165990540642, 's3': 0.7405837422030543, 't0': 54357.50548407898}","{'amplitude': 0.244924691888716, 'color': 0.028285865149683086, 's1': 0.4878387621663118, 's2': 1.405217017018186, 's3': 0.984083783818073, 't0': 0.3676347126503348}","[[ 1.35155282e-01  1.38005379e-02  2.09213561e-04  5.17035615e-02
  -1.57084955e-01 -5.19701833e-02]
 [ 1.38005379e-02  5.99881047e-02 -5.71626346e-03  5.80846919e-03
  -1.19710200e-01  5.98047614e-03]
 [ 2.09213561e-04 -5.71626346e-03  8.00090167e-04  2.38562756e-03
   8.26433789e-04 -7.78626294e-03]
 [ 5.17035615e-02  5.80846919e-03  2.38562756e-03  2.37986658e-01
  -3.45919445e-01 -7.79770080e-02]
 [-1.57084955e-01 -1.19710200e-01  8.26433789e-04 -3.45919445e-01
   1.97463486e+00  1.35207834e-01]
 [-5.19701833e-02  5.98047614e-03 -7.78626294e-03 -7.79770080e-02
   1.35207834e-01  9.68420894e-01]]"
SN2007ix,"{'amplitude': 101.21027570467123, 'color': -0.11601078814832688, 's1': -1.0120758611270624, 's2': -0.5995531650799261, 's3': -0.5090581462941149, 't0': 54355.66055779622}","{'amplitude': 0.19872883234221284, 'color': 0.020748620648347857, 's1': 0.47790842194758926, 's2': 1.032970269592687, 's3': 1.3579187349573334, 't0': 0.5006897593365018}","[[ 2.50690235e-01  1.79035751e-02  9.30526588e-04  7.32219729e-02
  -1.77412603e-01 -2.65688320e-01]
 [ 1.79035751e-02  3.94931488e-02 -3.52545817e-03  5.75093081e-03
  -3.74676283e-02  1.87341072e-03]
 [ 9.30526588e-04 -3.52545817e-03  4.30505259e-04 -4.30708354e-04
  -7.74291080e-04 -7.59040463e-04]
 [ 7.32219729e-02  5.75093081e-03 -4.30708354e-04  2.28396460e-01
  -2.83047717e-01 -3.97380262e-01]
 [-1.77412603e-01 -3.74676283e-02 -7.74291080e-04 -2.83047717e-01
   1.06702758e+00  8.57958046e-01]
 [-2.65688320e-01  1.87341072e-03 -7.59040463e-04 -3.97380262e-01
   8.57958046e-01  1.84394329e+00]]","{'amplitude': 101.21717093643757, 'color': -0.12019141489248802, 's1': -1.2450814381831172, 's2': -0.44843487678384125, 's3': -0.2322702648161503, 't0': 54355.81699616118}","{'amplitude': 0.2133268665805194, 'color': 0.0205980301845555, 's1': 0.5542648354090673, 's2': 1.1705331386686053, 's3': 1.5191053083103991, 't0': 0.5675154336185764}","[[ 3.22073767e-01  3.37668565e-02  4.82960145e-04  2.70404127e-02
  -2.41952892e-01 -2.07478993e-01]
 [ 3.37668565e-02  4.55083520e-02 -3.53081872e-03 -1.90642458e-02
  -7.87043665e-02  3.70193966e-02]
 [ 4.82960145e-04 -3.53081872e-03  4.24278847e-04  2.96495593e-03
  -1.48794678e-03 -5.09767287e-03]
 [ 2.70404127e-02 -1.90642458e-02  2.96495593e-03  3.07209508e-01
  -3.01276204e-01 -5.01016499e-01]
 [-2.41952892e-01 -7.87043665e-02 -1.48794678e-03 -3.01276204e-01
   1.37014783e+00  6.20785373e-01]
 [-2.07478993e-01  3.70193966e-02 -5.09767287e-03 -5.01016499e-01
   6.20785373e-01  2.30768094e+00]]"
SN2007je,"{'amplitude': 99.674810108084, 'color': 0.021089707479953316, 's1': 0.03245134812710129, 's2': 0.8909182177537732, 's3': 0.6435572268583887, 't0': 54367.64535649834}","{'amplitude': 0.3025491672962029, 'color': 0.022642107115800048, 's1': 0.3656828133881616, 's2': 0.7639989517633077, 's3': 0.3810107770517864, 't0': 0.18203041648799242}","[[ 3.31350725e-02  1.46656307e-03 -4.20601731e-04  1.06090652e-02
  -7.71919663e-03 -7.21584064e-03]
 [ 1.46656307e-03  9.15359986e-02 -6.15169598e-03  7.67370518e-02
  -1.97259664e-01 -2.75922827e-02]
 [-4.20601731e-04 -6.15169598e-03  5.12665015e-04 -5.28364662e-03
   1.11293160e-02  4.13862922e-05]
 [ 1.06090652e-02  7.67370518e-02 -5.28364662e-03  1.33723920e-01
  -2.30621670e-01 -6.61736290e-03]
 [-7.71919663e-03 -1.97259664e-01  1.11293160e-02 -2.30621670e-01
   5.83694398e-01  6.87235056e-02]
 [-7.21584064e-03 -2.75922827e-02  4.13862922e-05 -6.61736290e-03
   6.87235056e-02  1.45169212e-01]]","{'amplitude': 99.62961333302297, 'color': 0.01948481449938852, 's1': 0.11732190381844809, 's2': 1.0784071309994543, 's3': 0.590932411294913, 't0': 54367.70409964286}","{'amplitude': 0.30911993536879045, 'color': 0.020575841002499543, 's1': 0.3142528763044636, 's2': 0.8139186842573819, 's3': 0.6267545943544417, 't0': 0.21582998402072917}","[[ 4.65825820e-02 -1.21855478e-02 -4.92958724e-04  2.09720156e-02
   3.93802498e-02  1.63154900e-02]
 [-1.21855478e-02  9.55551344e-02 -4.60492796e-03  2.45599373e-02
  -2.14143551e-01 -6.20096516e-02]
 [-4.92958724e-04 -4.60492796e-03  4.23365233e-04 -3.12502728e-03
   6.68353135e-03 -2.36464905e-04]
 [ 2.09720156e-02  2.45599373e-02 -3.12502728e-03  9.87548703e-02
  -7.90864100e-02  4.74483028e-02]
 [ 3.93802498e-02 -2.14143551e-01  6.68353135e-03 -7.90864100e-02
   6.62463625e-01  1.72182067e-01]
 [ 1.63154900e-02 -6.20096516e-02 -2.36464905e-04  4.74483028e-02
   1.72182067e-01  3.92821322e-01]]"
SN2007ji,"{'amplitude': 99.0829385442271, 'color': 0.07691461815330729, 's1': -2.2407636625424487, 's2': 0.4508268757381363, 's3': 2.7479032180742595, 't0': 54356.685675246576}","{'amplitude': 0.21231794496129922, 'color': 0.027603063591304586, 's1': 0.20086611398747492, 's2': 0.3117621340297863, 's3': 0.31797046858208644, 't0': 0.5615833411531962}","[[ 0.31537585 -0.04195923  0.00685045  0.04955983 -0.10040733 -0.092063  ]
 [-0.04195923  0.04507891 -0.00571175 -0.01565444 -0.00082638  0.02475721]
 [ 0.00685045 -0.00571175  0.00076193  0.00216864 -0.00079723 -0.00414781]
 [ 0.04955983 -0.01565444  0.00216864  0.0403472  -0.02410918 -0.02375002]
 [-0.10040733 -0.00082638 -0.00079723 -0.02410918  0.09719563  0.02302142]
 [-0.092063    0.02475721 -0.00414781 -0.02375002  0.02302142  0.10110522]]","{'amplitude': 99.12485403272686, 'color': 0.07360519107328653, 's1': -2.1541282769633887, 's2': 0.3756997418219702, 's3': 2.335866022208543, 't0': 54356.90334215794}","{'amplitude': 0.2375086728776024, 'color': 0.030658111987836422, 's1': 0.4252035836982606, 's2': 0.38959902250631145, 's3': 1.1630311790102523, 't0': 0.5714051322305872}","[[ 3.26503825e-01 -6.27423235e-02  9.26001726e-03  6.64526525e-02
  -5.79277464e-02 -1.67946759e-01]
 [-6.27423235e-02  5.64103697e-02 -7.08300208e-03 -4.34181873e-02
   1.22487490e-02  1.09882677e-01]
 [ 9.26001726e-03 -7.08300208e-03  9.39919831e-04  5.82799633e-03
  -2.16390332e-03 -1.62608024e-02]
 [ 6.64526525e-02 -4.34181873e-02  5.82799633e-03  1.80798088e-01
  -1.22069603e-01 -4.16845699e-01]
 [-5.79277464e-02  1.22487490e-02 -2.16390332e-03 -1.22069603e-01
   1.51787398e-01  3.42939255e-01]
 [-1.67946759e-01  1.09882677e-01 -1.62608024e-02 -4.16845699e-01
   3.42939255e-01  1.35264152e+00]]"
SN2007jk,"{'amplitude': 99.84749979846957, 'color': 0.10182063483437626, 's1': 0.04800710861551558, 's2': 0.8973721476355216, 's3': -0.557045115946578, 't0': 54358.79249391858}","{'amplitude': 0.24029761753393147, 'color': 0.025311716854395636, 's1': 0.3339435591746289, 's2': 0.7660910264129096, 's3': 1.011576834331028, 't0': 0.28601008201955586}","[[ 8.18017670e-02  1.28488071e-02  8.87694358e-04 -2.33675801e-02
  -6.63774628e-02 -4.69386484e-02]
 [ 1.28488071e-02  5.77429450e-02 -4.68425047e-03  3.10646235e-04
  -8.11397959e-02 -7.79824751e-03]
 [ 8.87694358e-04 -4.68425047e-03  6.40683010e-04 -1.38206505e-03
  -1.26171874e-03 -3.56068842e-03]
 [-2.33675801e-02  3.10646235e-04 -1.38206505e-03  1.11518301e-01
  -3.74320302e-02  1.52573871e-01]
 [-6.63774628e-02 -8.11397959e-02 -1.26171874e-03 -3.74320302e-02
   5.86895461e-01  1.68332432e-01]
 [-4.69386484e-02 -7.79824751e-03 -3.56068842e-03  1.52573871e-01
   1.68332432e-01  1.02328769e+00]]","{'amplitude': 99.56553312668724, 'color': 0.1126926454532068, 's1': 0.3320987896682539, 's2': 1.4798902228969177, 's3': 0.5235379003199487, 't0': 54358.736233234165}","{'amplitude': 0.335840539971337, 'color': 0.02596589658659936, 's1': 0.4196217805200956, 's2': 0.8323941058401294, 's3': 1.1722138728766083, 't0': 0.4124338339441183}","[[ 1.70101667e-01 -2.53950180e-02  2.08688748e-03 -5.62436593e-02
   7.69940610e-02  2.25831229e-03]
 [-2.53950180e-02  1.12788868e-01 -5.99327986e-03 -4.90767100e-02
  -1.97171012e-01 -2.00391640e-01]
 [ 2.08688748e-03 -5.99327986e-03  6.74227786e-04  5.98098502e-04
   2.63659475e-03  6.33745713e-03]
 [-5.62436593e-02 -4.90767100e-02  5.98098502e-04  1.76082439e-01
   6.58496373e-02  1.44674598e-01]
 [ 7.69940610e-02 -1.97171012e-01  2.63659475e-03  6.58496373e-02
   6.92879947e-01  4.73764655e-01]
 [ 2.25831229e-03 -2.00391640e-01  6.33745713e-03  1.44674598e-01
   4.73764655e-01  1.37408536e+00]]"
SN2007jp,"{'amplitude': 100.76541636565894, 'color': -0.07023436713006787, 's1': 0.2956241206815387, 's2': -1.0450463691401735, 's3': 0.04757317639982118, 't0': 54349.71136295458}","{'amplitude': 0.21457491134205242, 'color': 0.02190878655648898, 's1': 0.32112070525624675, 's2': 0.801190335546906, 's3': 0.7858427862154109, 't0': 0.6710640534780904}","[[ 4.50326964e-01 -2.54075163e-02 -5.65251632e-04  1.41524712e-01
  -1.79452920e-01  8.03891821e-02]
 [-2.54075163e-02  4.60423926e-02 -3.49771010e-03 -3.07551064e-02
   3.50643682e-02 -4.38781266e-02]
 [-5.65251632e-04 -3.49771010e-03  4.79994928e-04 -2.85794872e-04
   1.05738792e-03 -1.07881591e-03]
 [ 1.41524712e-01 -3.07551064e-02 -2.85794872e-04  1.03118507e-01
  -7.75429724e-02  8.46709041e-02]
 [-1.79452920e-01  3.50643682e-02  1.05738792e-03 -7.75429724e-02
   6.41905954e-01 -3.50116929e-01]
 [ 8.03891821e-02 -4.38781266e-02 -1.07881591e-03  8.46709041e-02
  -3.50116929e-01  6.17548885e-01]]","{'amplitude': 100.52590615170772, 'color': -0.06688008936992701, 's1': 0.12771137728414286, 's2': 0.32736040968119323, 's3': 0.6273108980172534, 't0': 54348.96113015454}","{'amplitude': 0.3616187130079974, 'color': 0.027102324302201577, 's1': 0.574990541186426, 's2': 1.588148311037705, 's3': 1.154759203112012, 't0': 1.3450204740599374}","[[ 1.80908008e+00  2.07054692e-01  7.37922331e-03  4.62691617e-01
  -1.52946348e+00 -1.18939993e+00]
 [ 2.07054692e-01  1.30768094e-01 -5.69202973e-03  6.06327222e-02
  -3.99155394e-01 -2.33553130e-01]
 [ 7.37922331e-03 -5.69202973e-03  7.34535983e-04  6.86997659e-05
  -1.59863667e-03 -1.91547293e-03]
 [ 4.62691617e-01  6.06327222e-02  6.86997659e-05  3.30614122e-01
  -4.60224574e-01 -1.88218898e-01]
 [-1.52946348e+00 -3.99155394e-01 -1.59863667e-03 -4.60224574e-01
   2.52221506e+00  1.29342424e+00]
 [-1.18939993e+00 -2.33553130e-01 -1.91547293e-03 -1.88218898e-01
   1.29342424e+00  1.33346882e+00]]"
SN2007js,"{'amplitude': 98.94227468143464, 'color': 0.03446665197849747, 's1': 0.015210672795909418, 's2': -0.15069427716781256, 's3': 1.5577333268158964, 't0': 54352.742374181726}","{'amplitude': 0.39592160719165265, 'color': 0.046037453667250774, 's1': 0.5038642591676328, 's2': 1.6496090349200736, 's3': 1.2379435304460398, 't0': 1.4998596063817946}","[[ 2.24957884e+00 -3.46189759e-02  2.85242660e-02 -3.39206243e-01
  -6.78837643e-01 -1.01894851e+00]
 [-3.46189759e-02  1.56753919e-01 -1.45524533e-02 -6.77731473e-02
  -4.37732582e-01  1.58755129e-01]
 [ 2.85242660e-02 -1.45524533e-02  2.11944714e-03 -2.53631210e-03
   2.84463469e-02 -3.62361401e-02]
 [-3.39206243e-01 -6.77731473e-02 -2.53631210e-03  2.53879192e-01
   2.30283432e-01  2.50462601e-01]
 [-6.78837643e-01 -4.37732582e-01  2.84463469e-02  2.30283432e-01
   2.72120997e+00 -7.20667621e-01]
 [-1.01894851e+00  1.58755129e-01 -3.62361401e-02  2.50462601e-01
  -7.20667621e-01  1.53250418e+00]]","{'amplitude': 99.12066687065602, 'color': 0.031084573575723404, 's1': -0.3902028871032261, 's2': -0.01616029236010516, 's3': 0.7368614492165861, 't0': 54353.15462535463}","{'amplitude': 0.32203464598320675, 'color': 0.04610901774969126, 's1': 0.40518149803422726, 's2': 1.3957758810089513, 's3': 1.344927356668928, 't0': 0.9685273729732966}","[[ 9.38045272e-01 -1.26470794e-01  2.36750550e-02  5.96730748e-02
  -1.15231078e-01 -4.83087087e-01]
 [-1.26470794e-01  1.03706313e-01 -1.35491531e-02 -2.40723394e-02
  -2.52935751e-01  2.66484837e-01]
 [ 2.36750550e-02 -1.35491531e-02  2.12604152e-03  2.70028765e-04
   2.86384216e-02 -4.51731727e-02]
 [ 5.96730748e-02 -2.40723394e-02  2.70028765e-04  1.64172046e-01
  -8.95871937e-02  1.43608969e-01]
 [-1.15231078e-01 -2.52935751e-01  2.86384216e-02 -8.95871937e-02
   1.94819031e+00 -1.25591210e+00]
 [-4.83087087e-01  2.66484837e-01 -4.51731727e-02  1.43608969e-01
  -1.25591210e+00  1.80882959e+00]]"
SN2007jt,"{'amplitude': 98.90054256078285, 'color': 0.01695094095254481, 's1': -0.5949500907689, 's2': 0.40523316736554565, 's3': 1.035685188275244, 't0': 54365.12276652937}","{'amplitude': 0.08052483170323409, 'color': 0.009106521931279357, 's1': 0.1516090544194599, 's2': 0.22221156630431554, 's3': 0.16018679850601025, 't0': 0.11288874479580169}","[[ 1.27438687e-02  6.04640648e-04 -8.18425056e-05 -2.11230851e-03
  -1.10411698e-03 -1.85485399e-03]
 [ 6.04640648e-04  6.48424852e-03 -6.83962661e-04 -2.48721240e-03
  -3.33729337e-03 -8.15505897e-04]
 [-8.18425056e-05 -6.83962661e-04  8.29287417e-05  1.91518247e-04
  -1.04137054e-04 -5.01172836e-05]
 [-2.11230851e-03 -2.48721240e-03  1.91518247e-04  2.29853054e-02
  -1.14626362e-02  1.02512146e-02]
 [-1.10411698e-03 -3.33729337e-03 -1.04137054e-04 -1.14626362e-02
   4.93779802e-02 -8.37587399e-03]
 [-1.85485399e-03 -8.15505897e-04 -5.01172836e-05  1.02512146e-02
  -8.37587399e-03  2.56598104e-02]]","{'amplitude': 98.98915929688127, 'color': 0.008090335523110972, 's1': -0.6235412519210741, 's2': -0.03540099592834737, 's3': 1.1567209787209725, 't0': 54365.13692175493}","{'amplitude': 0.11276304296592779, 'color': 0.014503541532557288, 's1': 0.14611253015350054, 's2': 0.5328262457117685, 's3': 0.28060026576730346, 't0': 0.12090805352123137}","[[ 1.46187574e-02 -1.02926008e-03  2.36836611e-04 -2.27342804e-03
   1.40507111e-02 -8.33658184e-03]
 [-1.02926008e-03  1.27155039e-02 -1.55488894e-03 -4.15785120e-03
  -3.63066347e-02  1.41264858e-02]
 [ 2.36836611e-04 -1.55488894e-03  2.10352717e-04  3.78636124e-04
   4.74150202e-03 -2.29468323e-03]
 [-2.27342804e-03 -4.15785120e-03  3.78636124e-04  2.13488715e-02
   4.80582614e-04  8.03068547e-03]
 [ 1.40507111e-02 -3.63066347e-02  4.74150202e-03  4.80582614e-04
   2.83903808e-01 -1.12577186e-01]
 [-8.33658184e-03  1.41264858e-02 -2.29468323e-03  8.03068547e-03
  -1.12577186e-01  7.87365091e-02]]"
SN2007ju,"{'amplitude': 94.84373846771338, 'color': -0.07942246197854476, 's1': -1.1465727730873712, 's2': -0.17814524178071198, 's3': 0.3470503123885718, 't0': 54372.75164572165}","{'amplitude': 0.13797659650956173, 'color': 0.010065808030982712, 's1': 0.38631192344319937, 's2': 0.3147899013836727, 's3': 1.065767167300889, 't0': 0.11066704534020859}","[[ 1.22471949e-02  1.04079982e-02 -5.38003295e-04 -1.34303954e-02
   9.92236748e-03  7.30929460e-02]
 [ 1.04079982e-02  1.90375412e-02 -1.05968646e-03 -3.25713278e-02
   1.84463674e-03  1.29885739e-01]
 [-5.38003295e-04 -1.05968646e-03  1.01320491e-04  2.93365543e-04
   7.89713745e-05 -5.74602304e-03]
 [-1.34303954e-02 -3.25713278e-02  2.93365543e-04  1.49236902e-01
   1.78164939e-02 -2.99632442e-01]
 [ 9.92236748e-03  1.84463674e-03  7.89713745e-05  1.78164939e-02
   9.90926820e-02 -8.48631896e-02]
 [ 7.30929460e-02  1.29885739e-01 -5.74602304e-03 -2.99632442e-01
  -8.48631896e-02  1.13585965e+00]]","{'amplitude': 94.98232582114751, 'color': -0.10579177461757881, 's1': -0.7444527900899461, 's2': -0.5628423009435836, 's3': 0.5400925729197839, 't0': 54372.64768539147}","{'amplitude': 0.20956517462364252, 'color': 0.03936058918326393, 's1': 0.6720560537754705, 's2': 0.514015960215144, 's3': 1.2059692649370546, 't0': 0.28145197215410783}","[[ 7.92152126e-02  2.00611211e-02 -9.19683242e-04 -3.20035812e-02
   7.85724946e-02  2.69582491e-01]
 [ 2.00611211e-02  4.39175624e-02 -7.85817759e-03  1.04236159e-01
   2.18331368e-02  3.45455378e-02]
 [-9.19683242e-04 -7.85817759e-03  1.54925598e-03 -2.35042301e-02
  -2.60921517e-03  2.92706823e-03]
 [-3.20035812e-02  1.04236159e-01 -2.35042301e-02  4.51659339e-01
   7.22880343e-03 -2.27288132e-01]
 [ 7.85724946e-02  2.18331368e-02 -2.60921517e-03  7.22880343e-03
   2.64212407e-01  5.08911957e-01]
 [ 2.69582491e-01  3.45455378e-02  2.92706823e-03 -2.27288132e-01
   5.08911957e-01  1.45436187e+00]]"
SN2007jw,"{'amplitude': 98.42605385850035, 'color': 0.0749171926817711, 's1': 0.16254991458045104, 's2': 0.6861586714382533, 's3': -0.18150835104260876, 't0': 54371.14577216325}","{'amplitude': 0.14481338846615802, 'color': 0.015530900174498392, 's1': 0.16356418627343447, 's2': 0.479498136856001, 's3': 0.5529128323881254, 't0': 0.10865133604720281}","[[ 1.18051128e-02  3.63175187e-03 -1.31280831e-04 -6.24129240e-04
  -1.12733166e-02  1.75832353e-02]
 [ 3.63175187e-03  2.09709175e-02 -1.70098615e-03  2.54733074e-03
  -3.04983195e-02  1.91419928e-02]
 [-1.31280831e-04 -1.70098615e-03  2.41208860e-04 -5.51349058e-04
  -1.15551194e-03  3.07260950e-04]
 [-6.24129240e-04  2.54733074e-03 -5.51349058e-04  2.67532430e-02
  -1.20138995e-02  4.47863622e-02]
 [-1.12733166e-02 -3.04983195e-02 -1.15551194e-03 -1.20138995e-02
   2.29918463e-01 -1.03630774e-01]
 [ 1.75832353e-02  1.91419928e-02  3.07260950e-04  4.47863622e-02
  -1.03630774e-01  3.05712600e-01]]","{'amplitude': 98.35468946093533, 'color': 0.07727089416754719, 's1': 0.10764801459177366, 's2': 0.9290076952651037, 's3': -0.3848661088186316, 't0': 54371.164207251975}","{'amplitude': 0.15178603550202105, 'color': 0.016198913682900308, 's1': 0.19258469886076182, 's2': 0.4984652321202515, 's3': 0.6751372450275193, 't0': 0.1131744589255666}","[[ 1.28084582e-02  1.76037290e-03  1.68105650e-04 -2.85032916e-03
  -6.45037895e-03  1.96398376e-02]
 [ 1.76037290e-03  2.30390006e-02 -1.88171579e-03  6.13316138e-03
  -3.21072447e-02  2.65955555e-02]
 [ 1.68105650e-04 -1.88171579e-03  2.62404805e-04 -8.02858613e-04
  -5.34809114e-04  6.55561471e-04]
 [-2.85032916e-03  6.13316138e-03 -8.02858613e-04  3.70888662e-02
  -2.33781785e-02  6.77092671e-02]
 [-6.45037895e-03 -3.21072447e-02 -5.34809114e-04 -2.33781785e-02
   2.48467588e-01 -1.08322174e-01]
 [ 1.96398376e-02  2.65955555e-02  6.55561471e-04  6.77092671e-02
  -1.08322174e-01  4.55810300e-01]]"
SN2007jx,"{'amplitude': 101.72286600202271, 'color': -0.09096333542976963, 's1': -0.010255763425739792, 's2': 0.516966131663163, 's3': 1.990941594730414, 't0': 54360.525001087226}","{'amplitude': 0.5487086050617248, 'color': 0.053102016795951286, 's1': 1.104303525794337, 's2': 1.774474793339044, 's3': 2.125794133802042, 't0': 1.4969264706454788}","[[ 2.24078886e+00  1.55460261e-01 -1.70967952e-02 -8.09198228e-01
   3.35287087e-01 -7.74146942e-01]
 [ 1.55460261e-01  3.01081133e-01 -2.44352415e-02 -2.60657432e-01
  -3.50188489e-01 -8.58926192e-02]
 [-1.70967952e-02 -2.44352415e-02  2.81982419e-03  1.27405355e-02
  -5.08515893e-04 -2.54396678e-02]
 [-8.09198228e-01 -2.60657432e-01  1.27405355e-02  1.21948628e+00
   1.24439162e-01  1.22360729e+00]
 [ 3.35287087e-01 -3.50188489e-01 -5.08515893e-04  1.24439162e-01
   3.14876079e+00  1.21119397e+00]
 [-7.74146942e-01 -8.58926192e-02 -2.54396678e-02  1.22360729e+00
   1.21119397e+00  4.51900070e+00]]","{'amplitude': 102.20160448189036, 'color': -0.1368757801607562, 's1': -0.6919083985539093, 's2': 0.2701784171222756, 's3': 1.5929891294824938, 't0': 54361.4343174083}","{'amplitude': 0.7243888912352034, 'color': 0.06694609795327976, 's1': 1.1154044022748493, 's2': 2.3933186097852017, 's3': 2.140545805313965, 't0': 1.9588103525056595}","[[ 3.83693800e+00 -3.01291799e-01  1.03658918e-02 -6.09329379e-01
   1.14835234e+00 -1.12875908e+00]
 [-3.01291799e-01  5.24739266e-01 -4.27154902e-02 -1.84754855e-01
  -9.04812034e-01  4.50862967e-01]
 [ 1.03658918e-02 -4.27154902e-02  4.48178003e-03  3.57710112e-03
   3.76145707e-02 -4.69716904e-02]
 [-6.09329379e-01 -1.84754855e-01  3.57710112e-03  1.24412698e+00
  -8.22560720e-02  1.54869194e+00]
 [ 1.14835234e+00 -9.04812034e-01  3.76145707e-02 -8.22560720e-02
   5.72797397e+00 -2.88722813e+00]
 [-1.12875908e+00  4.50862967e-01 -4.69716904e-02  1.54869194e+00
  -2.88722813e+00  4.58193634e+00]]"
SN2007kb,"{'amplitude': 99.44737532462776, 'color': 0.26461215665425397, 's1': -0.41634599986163684, 's2': -0.37106949525425237, 's3': 2.0275017918215728, 't0': 54361.350752431}","{'amplitude': 0.38175052313422564, 'color': 0.04744842549793399, 's1': 0.7187523880160385, 's2': 1.2059554449079084, 's3': 1.4195798621916467, 't0': 0.9423685990681455}","[[ 0.88805858  0.06290918  0.00681068 -0.37884152  0.25939292 -0.46928798]
 [ 0.06290918  0.14573346 -0.01551348 -0.11574738 -0.18479808  0.20217053]
 [ 0.00681068 -0.01551348  0.00225135  0.00253453  0.03169167 -0.0415685 ]
 [-0.37884152 -0.11574738  0.00253453  0.516605   -0.07428039  0.11931043]
 [ 0.25939292 -0.18479808  0.03169167 -0.07428039  1.45432854 -1.30215339]
 [-0.46928798  0.20217053 -0.0415685   0.11931043 -1.30215339  2.01520699]]","{'amplitude': 99.39603957999378, 'color': 0.2768723337983001, 's1': -0.4236828330273218, 's2': 0.24474518295964176, 's3': 1.2728866587039407, 't0': 54361.61710101503}","{'amplitude': 0.40173010664471603, 'color': 0.04603071370208773, 's1': 0.6410278503226384, 's2': 1.4101546068209987, 's3': 1.4164396968074942, 't0': 0.5885305174003611}","[[ 3.46368170e-01  4.89368607e-03 -2.61582061e-03  9.54752407e-02
  -1.55134319e-01  2.60616480e-02]
 [ 4.89368607e-03  1.61387079e-01 -1.59066179e-02 -5.21476876e-02
  -2.01038574e-01  2.68366344e-01]
 [-2.61582061e-03 -1.59066179e-02  2.11882660e-03 -6.60994624e-04
   2.99554365e-02 -3.61039174e-02]
 [ 9.54752407e-02 -5.21476876e-02 -6.60994624e-04  4.10916705e-01
  -2.61862050e-01  1.57836136e-01]
 [-1.55134319e-01 -2.01038574e-01  2.99554365e-02 -2.61862050e-01
   1.98853602e+00 -1.49770742e+00]
 [ 2.60616480e-02  2.68366344e-01 -3.61039174e-02  1.57836136e-01
  -1.49770742e+00  2.00630141e+00]]"
SN2007kq,"{'amplitude': 99.84152750969331, 'color': -0.012526262738961461, 's1': 0.28452459357540727, 's2': 0.46753394553155897, 's3': -1.8284129705434935, 't0': 54373.768622228265}","{'amplitude': 0.28473512551337726, 'color': 0.025851077453852643, 's1': 0.21552615128137592, 's2': 0.7713073678756526, 's3': 1.0213588008457306, 't0': 0.22426906931969606}","[[ 5.02966155e-02  7.75157619e-03  4.41147043e-04 -1.73749322e-02
   2.86700388e-02  2.59605450e-02]
 [ 7.75157619e-03  8.10740917e-02 -5.01072679e-03  9.38002386e-03
  -1.26202466e-02  1.91176179e-01]
 [ 4.41147043e-04 -5.01072679e-03  6.68278206e-04 -1.10807388e-03
  -4.85504456e-03 -4.59987491e-03]
 [-1.73749322e-02  9.38002386e-03 -1.10807388e-03  4.64515219e-02
  -8.12432888e-02  4.22388615e-02]
 [ 2.86700388e-02 -1.26202466e-02 -4.85504456e-03 -8.12432888e-02
   5.94915056e-01  9.44116177e-02]
 [ 2.59605450e-02  1.91176179e-01 -4.59987491e-03  4.22388615e-02
   9.44116177e-02  1.04317380e+00]]","{'amplitude': 99.77200808879724, 'color': -0.011346307158306352, 's1': 0.3055214620181011, 's2': 0.5189227581358941, 's3': -2.105664328736844, 't0': 54373.752486593905}","{'amplitude': 0.2764201633411214, 'color': 0.02673457678473035, 's1': 0.24028389679780943, 's2': 0.6224511517992665, 's3': 0.9487912199606773, 't0': 0.27249305448355937}","[[ 7.42524647e-02  1.61637679e-02  1.04602028e-03 -2.97400040e-02
   7.03414090e-03  7.15354902e-02]
 [ 1.61637679e-02  7.64081067e-02 -4.97354579e-03  4.99019261e-03
  -1.62715586e-02  1.55326033e-01]
 [ 1.04602028e-03 -4.97354579e-03  7.14737596e-04 -2.23648309e-03
  -2.48538487e-03 -2.37034396e-03]
 [-2.97400040e-02  4.99019261e-03 -2.23648309e-03  5.77363511e-02
  -5.78368427e-02 -7.37410670e-03]
 [ 7.03414090e-03 -1.62715586e-02 -2.48538487e-03 -5.78368427e-02
   3.87445436e-01  1.17864526e-01]
 [ 7.15354902e-02  1.55326033e-01 -2.37034396e-03 -7.37410670e-03
   1.17864526e-01  9.00204779e-01]]"
SN2007ks,"{'amplitude': 97.76383753054881, 'color': -0.01508038299046541, 's1': 0.6638998007042828, 's2': -0.13508660436154726, 's3': -0.7255565851083776, 't0': 54373.74614113729}","{'amplitude': 0.15613254602659707, 'color': 0.013894106312631249, 's1': 0.09249483532266935, 's2': 0.41704201001459507, 's3': 0.31489728042282655, 't0': 0.1434224401899002}","[[ 0.02057    -0.00406977  0.00025554  0.00184468 -0.00401436 -0.02084601]
 [-0.00406977  0.02437737 -0.0017517  -0.01041285  0.04632608  0.02113668]
 [ 0.00025554 -0.0017517   0.00019305  0.0004189  -0.00297282 -0.0002512 ]
 [ 0.00184468 -0.01041285  0.0004189   0.00855529 -0.02815208 -0.00883595]
 [-0.00401436  0.04632608 -0.00297282 -0.02815208  0.17392404  0.02355527]
 [-0.02084601  0.02113668 -0.0002512  -0.00883595  0.02355527  0.0991603 ]]","{'amplitude': 97.79767975719267, 'color': -0.018782526663207705, 's1': 0.635882371310498, 's2': 0.04413736780657498, 's3': -0.7852974776226873, 't0': 54373.75461270946}","{'amplitude': 0.1318254300405098, 'color': 0.0135175980029874, 's1': 0.07482841507284146, 's2': 0.2921035094467286, 's3': 0.36021065844935524, 't0': 0.16319504503233093}","[[ 0.02663262 -0.00521331  0.00040587 -0.0014791   0.01196012 -0.03275011]
 [-0.00521331  0.01737794 -0.00143528 -0.00434584  0.01555406  0.02232982]
 [ 0.00040587 -0.00143528  0.00018273  0.00013777 -0.00138728 -0.00042868]
 [-0.0014791  -0.00434584  0.00013777  0.00559929 -0.01474608  0.00047558]
 [ 0.01196012  0.01555406 -0.00138728 -0.01474608  0.08532446 -0.01413727]
 [-0.03275011  0.02232982 -0.00042868  0.00047558 -0.01413727  0.12975172]]"
SN2007kx,"{'amplitude': 99.94733056421104, 'color': -0.06095257363655876, 's1': -0.20811582572887036, 's2': 0.13425661898964508, 's3': -1.7482373342593935, 't0': 54376.102219825414}","{'amplitude': 0.21393333888829102, 'color': 0.020570786485311725, 's1': 0.2513979729165717, 's2': 0.4652763579623755, 's3': 1.158738990873417, 't0': 0.2060786064005354}","[[ 4.24683920e-02 -4.33476856e-03  4.60939421e-04 -1.40084508e-02
   5.26418331e-02  3.30417705e-02]
 [-4.33476856e-03  4.57674735e-02 -3.10673708e-03  1.82794607e-02
   4.01033134e-03  1.51639128e-01]
 [ 4.60939421e-04 -3.10673708e-03  4.23157257e-04 -2.24629864e-03
  -1.00459055e-03 -3.88104265e-03]
 [-1.40084508e-02  1.82794607e-02 -2.24629864e-03  6.32009408e-02
  -2.13350396e-02  1.03527621e-01]
 [ 5.26418331e-02  4.01033134e-03 -1.00459055e-03 -2.13350396e-02
   2.16482089e-01  2.02177994e-01]
 [ 3.30417705e-02  1.51639128e-01 -3.88104265e-03  1.03527621e-01
   2.02177994e-01  1.34267605e+00]]","{'amplitude': 100.02758802667404, 'color': -0.057842294998063426, 's1': -0.2281282290530757, 's2': 0.24483195953967546, 's3': -0.7793605638703203, 't0': 54376.15324763553}","{'amplitude': 0.16388600462371075, 'color': 0.021397915073492972, 's1': 0.2868682059458116, 's2': 0.8076778527512719, 's3': 1.1356994184868086, 't0': 0.22146091463888115}","[[ 4.90449367e-02 -3.46303981e-03  6.28016598e-04 -2.02142397e-02
   9.03586789e-02  7.01575147e-02]
 [-3.46303981e-03  2.68586225e-02 -2.66441145e-03  1.40197576e-02
  -4.55113639e-03  3.24680549e-02]
 [ 6.28016598e-04 -2.66441145e-03  4.57870769e-04 -2.32618338e-03
   4.28693582e-06  4.54678689e-03]
 [-2.02142397e-02  1.40197576e-02 -2.32618338e-03  8.22933676e-02
  -1.22863510e-01 -7.15079894e-03]
 [ 9.03586789e-02 -4.55113639e-03  4.28693582e-06 -1.22863510e-01
   6.52343514e-01  4.51132214e-01]
 [ 7.01575147e-02  3.24680549e-02  4.54678689e-03 -7.15079894e-03
   4.51132214e-01  1.28981317e+00]]"
SN2007la,"{'amplitude': 98.99241593832814, 'color': 0.003109403040903554, 's1': 1.0396457175046587, 's2': -1.3237630113725007, 's3': -0.10356142784604874, 't0': 54382.4127662295}","{'amplitude': 0.16936236762541262, 'color': 0.016156910317853802, 's1': 0.13120413933659494, 's2': 0.7914868873332226, 's3': 0.5329235491019068, 't0': 0.25557847499756314}","[[ 6.53203569e-02 -8.76051454e-03  9.99071748e-04  7.87968350e-03
  -4.72559078e-02 -4.25304195e-02]
 [-8.76051454e-03  2.86836116e-02 -2.25467415e-03 -1.12134330e-02
   8.84093429e-02  3.76083183e-04]
 [ 9.99071748e-04 -2.25467415e-03  2.61045751e-04  4.36886832e-05
  -5.62168533e-03  1.08699213e-03]
 [ 7.87968350e-03 -1.12134330e-02  4.36886832e-05  1.72145262e-02
  -3.47185877e-02 -2.46714814e-02]
 [-4.72559078e-02  8.84093429e-02 -5.62168533e-03 -3.47185877e-02
   6.26451493e-01 -7.72489559e-02]
 [-4.25304195e-02  3.76083183e-04  1.08699213e-03 -2.46714814e-02
  -7.72489559e-02  2.84007509e-01]]","{'amplitude': 99.04314660482649, 'color': 0.0011227024067230462, 's1': 1.030535834330031, 's2': -0.3709800222664028, 's3': -0.48431354118613223, 't0': 54382.37578958594}","{'amplitude': 0.15454520967325833, 'color': 0.017971502044935167, 's1': 0.1131713066330065, 's2': 0.5656324658759622, 's3': 0.556086904835148, 't0': 0.23399019802045903}","[[ 5.47514128e-02 -3.64052655e-03  4.15110630e-04  5.53968194e-03
   1.72035618e-03 -4.76810555e-02]
 [-3.64052655e-03  2.38842218e-02 -2.35737472e-03 -5.54183535e-03
   4.05327418e-02 -3.20197561e-03]
 [ 4.15110630e-04 -2.35737472e-03  3.22974886e-04 -2.18371738e-04
  -3.40333640e-03  2.28959684e-03]
 [ 5.53968194e-03 -5.54183535e-03 -2.18371738e-04  1.28077446e-02
  -1.96695844e-02 -1.08346436e-02]
 [ 1.72035618e-03  4.05327418e-02 -3.40333640e-03 -1.96695844e-02
   3.19940086e-01 -1.00014610e-01]
 [-4.76810555e-02 -3.20197561e-03  2.28959684e-03 -1.08346436e-02
  -1.00014610e-01  3.09232646e-01]]"
SN2007lc,"{'amplitude': 97.58260336766568, 'color': 0.05206845082814298, 's1': 0.5591144748792616, 's2': 0.7066407000741917, 's3': 0.29796593741508454, 't0': 54384.005541784194}","{'amplitude': 0.07776652334507808, 'color': 0.009074342184514434, 's1': 0.04211617174729999, 's2': 0.1242458958333353, 's3': 0.1818411052640715, 't0': 0.18835785165444238}","[[ 3.54786803e-02  1.54578108e-03  1.72345633e-04  5.10741895e-04
  -5.51561769e-04 -2.02206847e-02]
 [ 1.54578108e-03  6.04763215e-03 -6.06556286e-04 -5.83115316e-04
  -2.21259717e-03 -2.16301233e-03]
 [ 1.72345633e-04 -6.06556286e-04  8.23436861e-05 -4.68142385e-05
  -1.42741731e-04  4.72093944e-05]
 [ 5.10741895e-04 -5.83115316e-04 -4.68142385e-05  1.77377192e-03
   1.28497005e-03  3.66720890e-04]
 [-5.51561769e-04 -2.21259717e-03 -1.42741731e-04  1.28497005e-03
   1.54370426e-02 -7.70505271e-03]
 [-2.02206847e-02 -2.16301233e-03  4.72093944e-05  3.66720890e-04
  -7.70505271e-03  3.30661876e-02]]","{'amplitude': 97.69635200859203, 'color': 0.042117271248558706, 's1': 0.6096787159120655, 's2': 0.4210130441948868, 's3': 0.28155495394582936, 't0': 54384.2880809066}","{'amplitude': 0.08914010902789246, 'color': 0.009955172257352953, 's1': 0.0846212055429693, 's2': 0.18819910312280236, 's3': 0.42082308700447224, 't0': 0.20806020448939733}","[[ 4.32890487e-02  3.29611546e-03  1.73629840e-04 -2.24180085e-03
  -5.31731712e-03 -4.46532196e-02]
 [ 3.29611546e-03  7.94595904e-03 -6.79558678e-04 -1.92441808e-03
  -4.71919544e-03 -3.93885057e-03]
 [ 1.73629840e-04 -6.79558678e-04  9.91054547e-05 -2.34448267e-04
   2.24305875e-04 -1.06972253e-03]
 [-2.24180085e-03 -1.92441808e-03 -2.34448267e-04  7.16074843e-03
  -2.84343234e-03  2.29513639e-02]
 [-5.31731712e-03 -4.71919544e-03  2.24305875e-04 -2.84343234e-03
   3.54189024e-02 -2.62988999e-02]
 [-4.46532196e-02 -3.93885057e-03 -1.06972253e-03  2.29513639e-02
  -2.62988999e-02  1.77092071e-01]]"
SN2007lg,"{'amplitude': 96.75805266532468, 'color': 0.0071895346656887455, 's1': -0.5292678807566834, 's2': 1.5916114137141824, 's3': 2.5719514009558875, 't0': 54382.299338251425}","{'amplitude': 0.11622502317457874, 'color': 0.011549061917398533, 's1': 0.3824899816057325, 's2': 0.35545917763741336, 's3': 0.2615273626074745, 't0': 0.20497825504384182}","[[ 4.20160850e-02  5.25008335e-04 -8.83361682e-05  2.27199550e-03
  -3.22157068e-03  7.81699708e-03]
 [ 5.25008335e-04  1.35082560e-02 -1.01393738e-03  1.15925116e-02
  -2.88602626e-02 -4.85666127e-03]
 [-8.83361682e-05 -1.01393738e-03  1.33380831e-04 -1.13201616e-04
   4.93678574e-04 -1.26485182e-03]
 [ 2.27199550e-03  1.15925116e-02 -1.13201616e-04  1.46298586e-01
  -7.92623484e-02 -2.68474652e-02]
 [-3.22157068e-03 -2.88602626e-02  4.93678574e-04 -7.92623484e-02
   1.26351227e-01  5.95787601e-02]
 [ 7.81699708e-03 -4.85666127e-03 -1.26485182e-03 -2.68474652e-02
   5.95787601e-02  6.83965614e-02]]","{'amplitude': 97.45515666672576, 'color': -0.0610017533581248, 's1': -1.2339183160391038, 's2': -0.45273374837066366, 's3': 2.5394742600793827, 't0': 54381.74924982576}","{'amplitude': 0.1560729130414767, 'color': 0.022001581687564286, 's1': 0.3653595860579187, 's2': 0.3770084808703641, 's3': 0.4747340726063465, 't0': 0.271986759755928}","[[ 0.0739768  -0.03275732  0.00415879  0.04464728  0.08909118 -0.02154748]
 [-0.03275732  0.02435875 -0.00326676 -0.02402626 -0.05017016  0.03079259]
 [ 0.00415879 -0.00326676  0.00048407  0.00286598  0.0061667  -0.00685283]
 [ 0.04464728 -0.02402626  0.00286598  0.13348763  0.08037521 -0.01095417]
 [ 0.08909118 -0.05017016  0.0061667   0.08037521  0.14213539 -0.03456943]
 [-0.02154748  0.03079259 -0.00685283 -0.01095417 -0.03456943  0.22537244]]"
SN2007lh,"{'amplitude': 101.27444814151423, 'color': -0.015228653309098573, 's1': 0.20173629362462775, 's2': 0.7562491052297677, 's3': 0.40307841172452347, 't0': 54379.79175322056}","{'amplitude': 0.3766791687556136, 'color': 0.03642391910105387, 's1': 0.49805317199282745, 's2': 0.917314119584336, 's3': 1.2698267143672821, 't0': 0.4329899043034459}","[[ 1.87480257e-01  1.06375072e-02  2.57163476e-03 -9.54798927e-02
   3.73473163e-02  2.00167461e-02]
 [ 1.06375072e-02  1.41887196e-01 -1.13913825e-02 -5.02785583e-02
  -1.82344985e-01 -1.44646760e-01]
 [ 2.57163476e-03 -1.13913825e-02  1.32670188e-03  3.84492674e-04
   7.48909944e-03  1.80430410e-02]
 [-9.54798927e-02 -5.02785583e-02  3.84492674e-04  2.48056962e-01
   2.44029587e-02  3.00433436e-01]
 [ 3.73473163e-02 -1.82344985e-01  7.48909944e-03  2.44029587e-02
   8.41465194e-01  3.31904890e-01]
 [ 2.00167461e-02 -1.44646760e-01  1.80430410e-02  3.00433436e-01
   3.31904890e-01  1.61245988e+00]]","{'amplitude': 101.11366225068737, 'color': -0.007256809565427432, 's1': 0.37235466189719846, 's2': 1.1633943665493307, 's3': 0.9146146512786326, 't0': 54379.78479961307}","{'amplitude': 0.3817020285669077, 'color': 0.0352610837442717, 's1': 0.6606261206169911, 's2': 1.0450073074008004, 's3': 1.0362117082854734, 't0': 0.6993184231286503}","[[ 4.89046257e-01  4.61959560e-02 -9.68608966e-04 -2.50684248e-01
   1.58479232e-01 -2.76932246e-01]
 [ 4.61959560e-02  1.45696439e-01 -1.01531776e-02 -6.73570361e-02
  -1.97971700e-01 -1.77081197e-01]
 [-9.68608966e-04 -1.01531776e-02  1.24334403e-03 -7.17553320e-04
   5.05569981e-04  1.38668835e-02]
 [-2.50684248e-01 -6.73570361e-02 -7.17553320e-04  4.36426871e-01
  -1.30970552e-02  4.04038517e-01]
 [ 1.58479232e-01 -1.97971700e-01  5.05569981e-04 -1.30970552e-02
   1.09204027e+00 -4.03007372e-03]
 [-2.76932246e-01 -1.77081197e-01  1.38668835e-02  4.04038517e-01
  -4.03007372e-03  1.07373470e+00]]"
SN2007li,"{'amplitude': 97.07094123152675, 'color': 0.29865334007981725, 's1': 1.3609744511574977, 's2': 1.2708083540698856, 's3': -0.5912627657667988, 't0': 54375.08082892774}","{'amplitude': 0.2500291774816461, 'color': 0.03489895803662412, 's1': 0.17317923784012243, 's2': 0.5240921611336528, 's3': 0.6609992345991655, 't0': 0.3142308026059202}","[[ 0.098741    0.0313327   0.0055863  -0.02969517 -0.08050243  0.11722274]
 [ 0.0313327   0.06251459 -0.00250764 -0.01506368 -0.03197906  0.10488567]
 [ 0.0055863  -0.00250764  0.00121794 -0.00297467 -0.00853073  0.00830088]
 [-0.02969517 -0.01506368 -0.00297467  0.02999105  0.00874254 -0.05329978]
 [-0.08050243 -0.03197906 -0.00853073  0.00874254  0.27467259 -0.13077103]
 [ 0.11722274  0.10488567  0.00830088 -0.05329978 -0.13077103  0.43691999]]","{'amplitude': 96.93877565652453, 'color': 0.3081267566175394, 's1': 1.4295509543293783, 's2': 1.165723598186723, 's3': -0.6691056368120759, 't0': 54374.95381512439}","{'amplitude': 0.25165708364005845, 'color': 0.03719526679804469, 's1': 0.14934334286045725, 's2': 0.47381922262246046, 's3': 0.6296578562236337, 't0': 0.2264921908478265}","[[ 0.05129871  0.00968567  0.00262215 -0.01250253 -0.03908239  0.0427988 ]
 [ 0.00968567  0.06333129 -0.0061014  -0.00508292  0.0107924   0.05787774]
 [ 0.00262215 -0.0061014   0.00138349 -0.00147123 -0.00864485  0.00616114]
 [-0.01250253 -0.00508292 -0.00147123  0.02230343 -0.01383311 -0.00669005]
 [-0.03908239  0.0107924  -0.00864485 -0.01383311  0.22450466 -0.1026059 ]
 [ 0.0427988   0.05787774  0.00616114 -0.00669005 -0.1026059   0.39646902]]"
SN2007lo,"{'amplitude': 98.67170905792997, 'color': 0.07275552403943225, 's1': -0.4814962696919316, 's2': 1.0648471243517654, 's3': 1.6931586800494676, 't0': 54394.09026331096}","{'amplitude': 0.1479302546793754, 'color': 0.014450773602316083, 's1': 0.19518894827033556, 's2': 0.3705493540647458, 's3': 0.28447912276512405, 't0': 0.15741235794989755}","[[ 0.02477865  0.00702661 -0.00048251  0.01097674 -0.02224932  0.01091243]
 [ 0.00702661  0.02188336 -0.00175261  0.00679499 -0.03251402 -0.00696946]
 [-0.00048251 -0.00175261  0.00020882 -0.00054729  0.00073563 -0.00040985]
 [ 0.01097674  0.00679499 -0.00054729  0.03809873 -0.02568233  0.00350768]
 [-0.02224932 -0.03251402  0.00073563 -0.02568233  0.13730682  0.01761109]
 [ 0.01091243 -0.00696946 -0.00040985  0.00350768  0.01761109  0.08092837]]","{'amplitude': 98.6899387789306, 'color': 0.06839310611491983, 's1': -0.4673880157508406, 's2': 1.0766578777008495, 's3': 1.780447591083986, 't0': 54394.0976095296}","{'amplitude': 0.18284735773247163, 'color': 0.015239530263731189, 's1': 0.25468234627392794, 's2': 0.4253826668706278, 's3': 0.2860153344625671, 't0': 0.16322047183092447}","[[ 2.66409224e-02  1.25369447e-03 -6.90980163e-05  2.16055169e-02
  -1.37883266e-02  6.95071527e-03]
 [ 1.25369447e-03  3.34331562e-02 -2.01829274e-03 -7.20652572e-03
  -5.04222094e-02 -2.98680622e-02]
 [-6.90980163e-05 -2.01829274e-03  2.32243283e-04  2.79505647e-04
   6.05508577e-04  2.99726830e-04]
 [ 2.16055169e-02 -7.20652572e-03  2.79505647e-04  6.48630975e-02
  -1.41007649e-02  1.62675296e-02]
 [-1.37883266e-02 -5.04222094e-02  6.05508577e-04 -1.41007649e-02
   1.80950413e-01  6.51298746e-02]
 [ 6.95071527e-03 -2.98680622e-02  2.99726830e-04  1.62675296e-02
   6.51298746e-02  8.18047715e-02]]"
SN2007lp,"{'amplitude': 100.67746639811674, 'color': 0.02698145145215558, 's1': 1.5142579754903318, 's2': 1.2434233214541086, 's3': -0.03335588916858268, 't0': 54387.995486956235}","{'amplitude': 0.22188534000614452, 'color': 0.020123076169221668, 's1': 0.21161131730258903, 's2': 0.49487554398648215, 's3': 0.7452055441369354, 't0': 0.3187967611925016}","[[ 1.01631375e-01  2.98160642e-02  2.93467831e-04 -4.76812242e-02
  -7.76284196e-02 -1.36341521e-01]
 [ 2.98160642e-02  4.92331041e-02 -2.95282828e-03 -1.73193903e-02
  -5.50187076e-02 -1.24499389e-02]
 [ 2.93467831e-04 -2.95282828e-03  4.04938195e-04 -5.48200406e-04
  -1.95134433e-03 -2.87903346e-03]
 [-4.76812242e-02 -1.73193903e-02 -5.48200406e-04  4.47793496e-02
   3.72790770e-02  1.19391640e-01]
 [-7.76284196e-02 -5.50187076e-02 -1.95134433e-03  3.72790770e-02
   2.44901804e-01  9.06237244e-02]
 [-1.36341521e-01 -1.24499389e-02 -2.87903346e-03  1.19391640e-01
   9.06237244e-02  5.55331303e-01]]","{'amplitude': 100.78209754653128, 'color': 0.02403873235056476, 's1': 1.3306536874817314, 's2': 0.9749015539942734, 's3': -0.7049109218263149, 't0': 54388.14193480925}","{'amplitude': 0.3788570421812276, 'color': 0.020444788212660915, 's1': 0.40954957124939406, 's2': 0.9462701811910518, 's3': 0.8389479879461169, 't0': 0.40370323863692903}","[[ 1.62976305e-01  1.08090091e-01 -8.60306231e-04 -1.18130387e-01
  -2.29005477e-01 -1.85375250e-01]
 [ 1.08090091e-01  1.43532658e-01 -4.04959329e-03 -1.09286938e-01
  -2.33310758e-01 -1.16088714e-01]
 [-8.60306231e-04 -4.04959329e-03  4.17989365e-04  4.46084299e-04
   2.80399222e-03  2.99656106e-03]
 [-1.18130387e-01 -1.09286938e-01  4.46084299e-04  1.67730851e-01
   1.26060882e-01  1.89710170e-01]
 [-2.29005477e-01 -2.33310758e-01  2.80399222e-03  1.26060882e-01
   8.95427256e-01  3.06087088e-01]
 [-1.85375250e-01 -1.16088714e-01  2.99656106e-03  1.89710170e-01
   3.06087088e-01  7.03833726e-01]]"
SN2007lt,"{'amplitude': 98.25666990593784, 'color': -0.0027139421394901, 's1': -0.962126222330123, 's2': -0.48287567176028945, 's3': -0.7243062506135514, 't0': 54388.29337214086}","{'amplitude': 0.07530852484745983, 'color': 0.009492550845027961, 's1': 0.11569472882545212, 's2': 0.2026288553902597, 's3': 0.39041738949130866, 't0': 0.1274412540270684}","[[ 1.62412732e-02 -7.46528885e-04 -1.03178039e-04  4.32729822e-03
   4.99086387e-03 -2.03492427e-02]
 [-7.46528885e-04  5.67137391e-03 -6.44020989e-04  3.90804680e-04
   7.75729056e-04  3.07945008e-03]
 [-1.03178039e-04 -6.44020989e-04  9.01085215e-05 -2.56934400e-04
  -3.02668095e-04  8.03383434e-04]
 [ 4.32729822e-03  3.90804680e-04 -2.56934400e-04  1.33852703e-02
   7.01231209e-03 -1.17396761e-02]
 [ 4.99086387e-03  7.75729056e-04 -3.02668095e-04  7.01231209e-03
   4.10584530e-02 -2.29461878e-02]
 [-2.03492427e-02  3.07945008e-03  8.03383434e-04 -1.17396761e-02
  -2.29461878e-02  1.52425738e-01]]","{'amplitude': 98.305015451232, 'color': -0.01314416476192032, 's1': -0.7944436618590824, 's2': -1.1693885152790027, 's3': 0.4432837774048969, 't0': 54388.2336088953}","{'amplitude': 0.08847799533082826, 'color': 0.012613315820643291, 's1': 0.1544045401189677, 's2': 0.5494226493892019, 's3': 0.37287766653566967, 't0': 0.1256187400895424}","[[ 1.57800679e-02 -2.33489846e-03  4.13335542e-04  1.76408703e-03
   4.79568181e-03 -8.63451837e-03]
 [-2.33489846e-03  7.82835566e-03 -1.05181632e-03  1.92810688e-03
   1.13679120e-02  3.20471505e-03]
 [ 4.13335542e-04 -1.05181632e-03  1.59095736e-04 -6.09078526e-04
  -1.67945420e-03 -1.63767334e-03]
 [ 1.76408703e-03  1.92810688e-03 -6.09078526e-04  2.38407620e-02
  -4.09695207e-03  3.46255577e-02]
 [ 4.79568181e-03  1.13679120e-02 -1.67945420e-03 -4.09695207e-03
   3.01865248e-01 -2.09873693e-02]
 [-8.63451837e-03  3.20471505e-03 -1.63767334e-03  3.46255577e-02
  -2.09873693e-02  1.39037754e-01]]"
SN2007ma,"{'amplitude': 97.35045945074934, 'color': -0.00959827806220096, 's1': -0.8080402142701875, 's2': -0.2470215169412636, 's3': -0.532334895153382, 't0': 54384.896417937896}","{'amplitude': 0.05386413003572999, 'color': 0.006368615166560647, 's1': 0.09268627341581172, 's2': 0.17753044644740368, 's3': 0.4409809601259625, 't0': 0.22774916292550945}","[[ 5.18696812e-02 -2.94820863e-03  4.95491972e-04  7.39398476e-03
  -2.12323722e-03 -6.60073921e-02]
 [-2.94820863e-03  2.90134450e-03 -3.21739651e-04 -1.22892928e-03
  -1.73750949e-03  5.58010930e-03]
 [ 4.95491972e-04 -3.21739651e-04  4.05592591e-05  1.18769486e-04
   1.12140261e-04 -8.52100425e-04]
 [ 7.39398476e-03 -1.22892928e-03  1.18769486e-04  8.59074528e-03
   3.35120701e-03 -2.10596832e-03]
 [-2.12323722e-03 -1.73750949e-03  1.12140261e-04  3.35120701e-03
   3.15170594e-02 -2.66725281e-02]
 [-6.60073921e-02  5.58010930e-03 -8.52100425e-04 -2.10596832e-03
  -2.66725281e-02  1.94464207e-01]]","{'amplitude': 97.27080460297304, 'color': -0.002679089674316574, 's1': -0.7941265498205277, 's2': -0.01005004279059358, 's3': -0.8095031297717101, 't0': 54384.92577051244}","{'amplitude': 0.05806374295968652, 'color': 0.006820230029207645, 's1': 0.1006667613794742, 's2': 0.20255583853872636, 's3': 0.4591568722319371, 't0': 0.23052265798106877}","[[ 5.31406958e-02 -3.70145230e-03  3.83808310e-04  9.23126502e-03
  -1.13007170e-02 -7.48148277e-02]
 [-3.70145230e-03  3.37139825e-03 -3.44561389e-04 -6.57998031e-04
  -1.03881702e-03  7.78681489e-03]
 [ 3.83808310e-04 -3.44561389e-04  4.65155377e-05  1.26160386e-04
  -2.13087778e-04 -3.55191813e-04]
 [ 9.23126502e-03 -6.57998031e-04  1.26160386e-04  1.01337968e-02
  -4.91397922e-04  7.71494521e-04]
 [-1.13007170e-02 -1.03881702e-03 -2.13087778e-04 -4.91397922e-04
   4.10288677e-02  1.29227618e-02]
 [-7.48148277e-02  7.78681489e-03 -3.55191813e-04  7.71494521e-04
   1.29227618e-02  2.10825033e-01]]"
SN2007mb,"{'amplitude': 100.44384492670393, 'color': 0.07798956855962871, 's1': 1.074719818217105, 's2': -1.7475768655047708, 's3': -0.2101774955420009, 't0': 54385.55049118234}","{'amplitude': 0.25573255640945775, 'color': 0.025017121249364137, 's1': 0.394612220616124, 's2': 1.45172579662775, 's3': 0.9957774495489826, 't0': 0.6484404147411563}","[[ 4.20474971e-01 -1.49089513e-02  3.85652826e-03  2.66923970e-03
   9.65608135e-02 -7.51272632e-02]
 [-1.49089513e-02  6.53991404e-02 -3.97375851e-03 -5.96467155e-02
   6.15610661e-02  6.85824229e-02]
 [ 3.85652826e-03 -3.97375851e-03  6.25856356e-04 -1.59424378e-03
   4.61398043e-03 -6.34573382e-04]
 [ 2.66923970e-03 -5.96467155e-02 -1.59424378e-03  1.55718805e-01
  -2.17965142e-01 -1.76463667e-01]
 [ 9.65608135e-02  6.15610661e-02  4.61398043e-03 -2.17965142e-01
   2.10750779e+00  2.11645514e-02]
 [-7.51272632e-02  6.85824229e-02 -6.34573382e-04 -1.76463667e-01
   2.11645514e-02  9.91572729e-01]]","{'amplitude': 100.52773983537973, 'color': 0.070884098743328, 's1': 0.9239901677060801, 's2': -0.7709064183367885, 's3': -0.25974038672991673, 't0': 54385.53895768396}","{'amplitude': 0.2668360256962028, 'color': 0.02346084758633827, 's1': 0.5816061968677879, 's2': 1.6472392092215142, 's3': 1.042692171420115, 't0': 0.7574184134006182}","[[ 5.73682653e-01  1.69846692e-02  3.22911693e-03  1.95530929e-01
  -3.89287385e-01 -3.69094364e-01]
 [ 1.69846692e-02  7.12014646e-02 -3.71298555e-03 -5.94829884e-02
   9.89156437e-03 -4.21024793e-03]
 [ 3.22911693e-03 -3.71298555e-03  5.50411369e-04  6.62437005e-04
   2.21524424e-03  1.87907322e-03]
 [ 1.95530929e-01 -5.94829884e-02  6.62437005e-04  3.38265768e-01
  -5.39612432e-01 -3.33090886e-01]
 [-3.89287385e-01  9.89156437e-03  2.21524424e-03 -5.39612432e-01
   2.71339701e+00  5.82825441e-01]
 [-3.69094364e-01 -4.21024793e-03  1.87907322e-03 -3.33090886e-01
   5.82825441e-01  1.08720696e+00]]"
SN2007mc,"{'amplitude': 99.21436884653122, 'color': 0.0051266684950091145, 's1': -0.3930666338895139, 's2': 1.2115247426039877, 's3': 0.39693190953731655, 't0': 54392.42550665722}","{'amplitude': 0.10419797736461318, 'color': 0.01048495336114574, 's1': 0.18629713463004982, 's2': 0.26490996012549195, 's3': 0.2056921249959458, 't0': 0.11978050350150424}","[[ 1.43473690e-02  1.81602117e-03 -4.48691407e-05  9.40008800e-03
  -1.02767578e-02 -1.21072495e-02]
 [ 1.81602117e-03  1.08572185e-02 -9.92253591e-04  6.33366763e-03
  -1.30837275e-02 -6.94740585e-03]
 [-4.48691407e-05 -9.92253591e-04  1.09934247e-04 -1.74015992e-04
   3.84151027e-04  1.91048174e-04]
 [ 9.40008800e-03  6.33366763e-03 -1.74015992e-04  3.47066224e-02
  -3.86549444e-02 -1.67651334e-02]
 [-1.02767578e-02 -1.30837275e-02  3.84151027e-04 -3.86549444e-02
   7.01772870e-02  2.95269040e-02]
 [-1.21072495e-02 -6.94740585e-03  1.91048174e-04 -1.67651334e-02
   2.95269040e-02  4.23092503e-02]]","{'amplitude': 99.42356545326771, 'color': -0.0056696215042179535, 's1': -0.0010564240696508635, 's2': -0.5860092612015722, 's3': 0.43611911408777443, 't0': 54392.40501797433}","{'amplitude': 0.10109033613041511, 'color': 0.011567385065109676, 's1': 0.109707627077989, 's2': 0.33966340175412835, 's3': 0.2911999829585968, 't0': 0.11280363658884253}","[[ 1.27246604e-02 -1.28110935e-03 -5.51949522e-05  2.80762710e-03
  -4.12119295e-03  1.06863353e-02]
 [-1.28110935e-03  1.02192561e-02 -1.10447793e-03 -8.31513586e-04
   1.35618778e-03 -9.75388114e-03]
 [-5.51949522e-05 -1.10447793e-03  1.33804397e-04 -2.04667967e-04
   4.55186681e-04  7.92933491e-04]
 [ 2.80762710e-03 -8.31513586e-04 -2.04667967e-04  1.20357634e-02
  -1.66196411e-02 -8.28616079e-04]
 [-4.12119295e-03  1.35618778e-03  4.55186681e-04 -1.66196411e-02
   1.15371226e-01 -8.81568414e-03]
 [ 1.06863353e-02 -9.75388114e-03  7.92933491e-04 -8.28616079e-04
  -8.81568414e-03  8.47974301e-02]]"
SN2007me,"{'amplitude': 100.80562938506496, 'color': -0.08176496177706705, 's1': -1.1916581319970878, 's2': -1.405962794915983, 's3': 0.042577622697380434, 't0': 54393.44094456574}","{'amplitude': 0.1177264938056581, 'color': 0.013580875866692764, 's1': 0.30195546993439976, 's2': 0.4735905490702962, 's3': 0.5778924591357221, 't0': 0.25667420567360005}","[[ 6.58816479e-02 -1.90727629e-03 -4.62873085e-04 -3.11457945e-02
   1.94890249e-02  8.99740111e-02]
 [-1.90727629e-03  1.38595273e-02 -1.48735955e-03 -3.82168252e-03
  -4.55460187e-03 -1.04289376e-02]
 [-4.62873085e-04 -1.48735955e-03  1.84440189e-04  1.24893251e-03
   4.88975531e-04  2.51706910e-04]
 [-3.11457945e-02 -3.82168252e-03  1.24893251e-03  9.11771058e-02
   5.18277650e-02  3.17285034e-03]
 [ 1.94890249e-02 -4.55460187e-03  4.88975531e-04  5.18277650e-02
   2.24288008e-01  6.49334089e-02]
 [ 8.99740111e-02 -1.04289376e-02  2.51706910e-04  3.17285034e-03
   6.49334089e-02  3.33959694e-01]]","{'amplitude': 100.57076664115064, 'color': -0.08334985208798668, 's1': -1.0872007261282581, 's2': -0.43448674184131125, 's3': -2.3645659301862665, 't0': 54393.35804719753}","{'amplitude': 0.20221721242031857, 'color': 0.015035194072878254, 's1': 0.2894506553681747, 's2': 0.4991111393446089, 's3': 0.726492242257406, 't0': 0.3765979101656495}","[[ 1.41825986e-01 -3.55675652e-02  1.22243350e-03  5.69629357e-03
   1.55997396e-01 -2.76567723e-02]
 [-3.55675652e-02  4.08918010e-02 -1.57229604e-03  3.16291696e-03
  -5.84613772e-02  8.18942646e-02]
 [ 1.22243350e-03 -1.57229604e-03  2.26057061e-04  1.63531436e-03
   1.37203935e-03  3.35107338e-03]
 [ 5.69629357e-03  3.16291696e-03  1.63531436e-03  8.37816819e-02
  -9.15567194e-04  9.97254456e-02]
 [ 1.55997396e-01 -5.84613772e-02  1.37203935e-03 -9.15567194e-04
   2.49111929e-01 -7.94558221e-02]
 [-2.76567723e-02  8.18942646e-02  3.35107338e-03  9.97254456e-02
  -7.94558221e-02  5.27790978e-01]]"
SN2007mf,"{'amplitude': 101.23268512099453, 'color': 0.05419706148303119, 's1': -0.3567935959701963, 's2': 0.1464940110152177, 's3': -0.22254529632959666, 't0': 54387.80299721961}","{'amplitude': 0.23887535458794723, 'color': 0.02436838885554887, 's1': 0.47497971506800796, 's2': 1.2003048624229975, 's3': 1.026505111083472, 't0': 0.5941387902384588}","[[ 3.53000902e-01 -3.66248254e-02  3.49346863e-03  2.07056042e-02
   2.09971740e-01 -4.09446917e-02]
 [-3.66248254e-02  5.70614350e-02 -5.04414189e-03 -3.46920314e-03
  -1.31011675e-01 -7.40538944e-02]
 [ 3.49346863e-03 -5.04414189e-03  5.93818375e-04  1.12423328e-03
   4.50389760e-03  4.63189054e-03]
 [ 2.07056042e-02 -3.46920314e-03  1.12423328e-03  2.25605730e-01
  -1.86539196e-01  4.98305233e-03]
 [ 2.09971740e-01 -1.31011675e-01  4.50389760e-03 -1.86539196e-01
   1.44073176e+00  4.99773150e-01]
 [-4.09446917e-02 -7.40538944e-02  4.63189054e-03  4.98305233e-03
   4.99773150e-01  1.05371274e+00]]","{'amplitude': 101.09736343724823, 'color': 0.05393414674378182, 's1': -0.2735490640172392, 's2': 0.10646440610354212, 's3': -0.4759315689917029, 't0': 54387.73709045155}","{'amplitude': 0.43558195287499785, 'color': 0.027641241838703628, 's1': 0.45877025361520785, 's2': 1.879552791483715, 's3': 1.3696893959568706, 't0': 0.7108401003570035}","[[ 5.05293648e-01 -1.18641550e-01  7.26359864e-03  7.97760799e-04
   7.50196321e-01 -1.85823531e-02]
 [-1.18641550e-01  1.89731638e-01 -9.44861275e-03  1.36689900e-02
  -5.90388718e-01 -1.52921780e-01]
 [ 7.26359864e-03 -9.44861275e-03  7.64038250e-04  1.92970284e-04
   2.63224470e-02  6.97723039e-03]
 [ 7.97760799e-04  1.36689900e-02  1.92970284e-04  2.10470146e-01
  -3.23102811e-01 -8.45113350e-02]
 [ 7.50196321e-01 -5.90388718e-01  2.63224470e-02 -3.23102811e-01
   3.53271870e+00  8.98541371e-01]
 [-1.85823531e-02 -1.52921780e-01  6.97723039e-03 -8.45113350e-02
   8.98541371e-01  1.87604904e+00]]"
SN2007mg,"{'amplitude': 100.41718170810431, 'color': 0.03640923373043461, 's1': -0.4669064731135553, 's2': 0.426142844240781, 's3': -0.315142693651473, 't0': 54390.93275987177}","{'amplitude': 0.17874809194547225, 'color': 0.01686753711142522, 's1': 0.3234806520824886, 's2': 0.455073946091066, 's3': 0.9706235443474369, 't0': 0.28474039442911236}","[[ 8.10770922e-02 -6.54899806e-03  7.02044615e-04  1.37110441e-02
  -2.79767689e-03 -9.90392172e-02]
 [-6.54899806e-03  3.19508804e-02 -2.43398125e-03 -7.40813405e-05
  -1.81191429e-02  4.56961017e-02]
 [ 7.02044615e-04 -2.43398125e-03  2.84513808e-04  5.23591886e-04
  -4.53342632e-04 -2.47239776e-03]
 [ 1.37110441e-02 -7.40813405e-05  5.23591886e-04  1.04639732e-01
  -5.75991486e-02  1.26484018e-04]
 [-2.79767689e-03 -1.81191429e-02 -4.53342632e-04 -5.75991486e-02
   2.07092296e-01  9.45396121e-02]
 [-9.90392172e-02  4.56961017e-02 -2.47239776e-03  1.26484018e-04
   9.45396121e-02  9.42110065e-01]]","{'amplitude': 100.41618919014834, 'color': 0.030353848220147847, 's1': -0.5356080412259581, 's2': 0.5039131351269324, 's3': -0.8465885639748856, 't0': 54391.0103622658}","{'amplitude': 0.2433067027549847, 'color': 0.019140883819207512, 's1': 0.2915380741630948, 's2': 0.5437458803305382, 's3': 1.107473007882545, 't0': 0.3187701854357693}","[[ 1.01614431e-01 -2.84286333e-02  4.26185658e-04 -7.49030413e-03
   4.39436944e-02 -1.52576536e-01]
 [-2.84286333e-02  5.91981516e-02 -3.35588997e-03 -4.28581294e-03
  -6.40120965e-02  7.69786526e-02]
 [ 4.26185658e-04 -3.35588997e-03  3.66373433e-04  1.11477624e-04
   2.09573317e-03  2.64243483e-03]
 [-7.49030413e-03 -4.28581294e-03  1.11477624e-04  8.49944487e-02
  -3.00026535e-02  1.98870188e-02]
 [ 4.39436944e-02 -6.40120965e-02  2.09573317e-03 -3.00026535e-02
   2.95659582e-01  1.01371799e-01]
 [-1.52576536e-01  7.69786526e-02  2.64243483e-03  1.98870188e-02
   1.01371799e-01  1.22649646e+00]]"
SN2007mh,"{'amplitude': 98.65593974927401, 'color': 0.029621501252841728, 's1': -0.3169298371476785, 's2': 0.006432240122312709, 's3': -0.6652803069396321, 't0': 54386.386162022165}","{'amplitude': 0.0775852991041374, 'color': 0.009331500369322697, 's1': 0.17521353751589727, 's2': 0.29944497276051435, 's3': 0.5359670138649405, 't0': 0.27033918353430175}","[[ 7.30832742e-02 -4.64562827e-03  4.21763758e-04  3.33002903e-02
  -3.43949774e-02 -7.93690705e-02]
 [-4.64562827e-03  6.01947864e-03 -6.19081362e-04 -2.52644193e-03
  -1.87943618e-03  5.91284765e-03]
 [ 4.21763758e-04 -6.19081362e-04  8.70768991e-05  9.67637792e-05
  -5.46565644e-04  4.75616368e-04]
 [ 3.33002903e-02 -2.52644193e-03  9.67637792e-05  3.06997837e-02
  -1.92603189e-02 -4.97026129e-02]
 [-3.43949774e-02 -1.87943618e-03 -5.46565644e-04 -1.92603189e-02
   8.96672917e-02  3.10416203e-02]
 [-7.93690705e-02  5.91284765e-03  4.75616368e-04 -4.97026129e-02
   3.10416203e-02  2.87260640e-01]]","{'amplitude': 98.62786299887846, 'color': 0.031049802734384933, 's1': -0.2964738929281357, 's2': -0.18641656355192018, 's3': -0.7851534862015291, 't0': 54386.52040689237}","{'amplitude': 0.09753967479225654, 'color': 0.00965692033227468, 's1': 0.24049540616508155, 's2': 0.5503879931780076, 's3': 0.8000192113110902, 't0': 0.30272283683319445}","[[ 9.16411159e-02 -6.61830254e-03  6.53227448e-05  3.81446416e-02
  -2.74735186e-02 -1.34531237e-01]
 [-6.61830254e-03  9.51398816e-03 -6.54393721e-04  6.25244977e-04
  -1.22833351e-02  1.25899983e-02]
 [ 6.53227448e-05 -6.54393721e-04  9.32561103e-05  2.19738094e-04
  -9.46581908e-04  4.81241210e-04]
 [ 3.81446416e-02  6.25244977e-04  2.19738094e-04  5.78380404e-02
  -8.43659103e-02 -1.08276405e-01]
 [-2.74735186e-02 -1.22833351e-02 -9.46581908e-04 -8.43659103e-02
   3.02926943e-01  8.36270653e-02]
 [-1.34531237e-01  1.25899983e-02  4.81241210e-04 -1.08276405e-01
   8.36270653e-02  6.40030738e-01]]"
SN2007mi,"{'amplitude': 99.03552264794122, 'color': 0.009327346804229673, 's1': 0.8217125148438574, 's2': -0.2844009675091576, 's3': -0.6224833584345909, 't0': 54384.26753362526}","{'amplitude': 0.10742104497562303, 'color': 0.013287766137840228, 's1': 0.10035872187818351, 's2': 0.345336432186994, 's3': 0.5107006506318894, 't0': 0.2900496811653737}","[[ 8.41288175e-02 -8.14610586e-03  1.19772651e-03  6.04387947e-03
  -1.33933563e-03 -8.24314057e-02]
 [-8.14610586e-03  1.15392809e-02 -1.18299182e-03 -3.43567316e-03
   6.68547297e-03  1.05927039e-02]
 [ 1.19772651e-03 -1.18299182e-03  1.76564729e-04 -9.53450182e-05
  -7.91779316e-04 -2.30512142e-03]
 [ 6.04387947e-03 -3.43567316e-03 -9.53450182e-05  1.00718731e-02
  -8.38200001e-03  1.47302486e-02]
 [-1.33933563e-03  6.68547297e-03 -7.91779316e-04 -8.38200001e-03
   1.19257251e-01 -3.01482766e-02]
 [-8.24314057e-02  1.05927039e-02 -2.30512142e-03  1.47302486e-02
  -3.01482766e-02  2.60815155e-01]]","{'amplitude': 99.02134683352847, 'color': 0.008657553518526862, 's1': 0.8324070177336745, 's2': -0.3895916249925235, 's3': -0.5047892933332788, 't0': 54384.30740805353}","{'amplitude': 0.120150752951062, 'color': 0.013270413297775495, 's1': 0.11068246835615488, 's2': 0.5686080250962862, 's3': 0.732950959349944, 't0': 0.2782920231426212}","[[ 7.74464501e-02 -3.67475182e-03  8.85269568e-04  1.16915697e-03
  -1.47364593e-02 -6.43555444e-02]
 [-3.67475182e-03  1.44362034e-02 -1.24723589e-03 -3.85410262e-03
   2.14086745e-02 -9.99881038e-03]
 [ 8.85269568e-04 -1.24723589e-03  1.76103869e-04 -1.26051019e-05
  -5.98194459e-04 -2.90672685e-03]
 [ 1.16915697e-03 -3.85410262e-03 -1.26051019e-05  1.22506088e-02
   1.02231886e-02  1.98137932e-03]
 [-1.47364593e-02  2.14086745e-02 -5.98194459e-04  1.02231886e-02
   3.23315086e-01 -2.40894798e-01]
 [-6.43555444e-02 -9.99881038e-03 -2.90672685e-03  1.98137932e-03
  -2.40894798e-01  5.37217109e-01]]"
SN2007mj,"{'amplitude': 98.10442008152033, 'color': 0.045392221771146254, 's1': -0.5273951800519138, 's2': 0.02807770651131593, 's3': 1.2350383650518433, 't0': 54392.823459765306}","{'amplitude': 0.07619201349046373, 'color': 0.009821916963201876, 's1': 0.17333474755028674, 's2': 0.42163850531333263, 's3': 0.4077484130041853, 't0': 0.13392459649785976}","[[ 1.79357975e-02  3.40017281e-06  4.57882970e-05 -2.45209966e-03
  -1.08515638e-02 -4.69064880e-03]
 [ 3.40017281e-06  5.80522292e-03 -6.78939591e-04  3.06700181e-03
  -1.28347183e-02  1.01647823e-02]
 [ 4.57882970e-05 -6.78939591e-04  9.64700528e-05 -4.38144457e-04
   1.34719342e-03 -1.73435522e-03]
 [-2.45209966e-03  3.06700181e-03 -4.38144457e-04  3.00449347e-02
  -5.12339754e-02  5.40951349e-02]
 [-1.08515638e-02 -1.28347183e-02  1.34719342e-03 -5.12339754e-02
   1.77779029e-01 -1.34795766e-01]
 [-4.69064880e-03  1.01647823e-02 -1.73435522e-03  5.40951349e-02
  -1.34795766e-01  1.66258768e-01]]","{'amplitude': 98.13000834732463, 'color': 0.04227890633515518, 's1': -0.70300288025245, 's2': 0.11933568357225577, 's3': -1.2904374286932023, 't0': 54392.976634649465}","{'amplitude': 0.10270602081030261, 'color': 0.009608877014493958, 's1': 0.14924962064383007, 's2': 0.29114137421736885, 's3': 0.9067560180320475, 't0': 0.1251135524976031}","[[ 1.56534010e-02 -2.41726738e-03 -2.04233278e-04 -4.97647419e-03
   9.76040363e-03 -6.28646863e-03]
 [-2.41726738e-03  1.05485267e-02 -6.62081615e-04  5.56798164e-03
  -1.53966071e-02  5.46300877e-02]
 [-2.04233278e-04 -6.62081615e-04  9.23305175e-05 -2.47500157e-04
   1.32302224e-04 -1.92725056e-03]
 [-4.97647419e-03  5.56798164e-03 -2.47500157e-04  2.22754493e-02
  -1.44843340e-02  7.86392299e-02]
 [ 9.76040363e-03 -1.53966071e-02  1.32302224e-04 -1.44843340e-02
   8.47632998e-02 -1.39194017e-01]
 [-6.28646863e-03  5.46300877e-02 -1.92725056e-03  7.86392299e-02
  -1.39194017e-01  8.22206476e-01]]"
SN2007mk,"{'amplitude': 100.31625972730428, 'color': -0.07384209144393883, 's1': -0.6652389438434548, 's2': -2.648776100969525, 's3': 0.45005886884047075, 't0': 54397.52865705796}","{'amplitude': 0.10675567067342136, 'color': 0.014518823004178656, 's1': 0.27018604427758386, 's2': 1.170922371142859, 's3': 0.5235562960708374, 't0': 0.2672541995405957}","[[ 7.14248072e-02 -6.90815810e-03  1.19507932e-03 -3.49284508e-03
   1.35794268e-01 -2.44170197e-02]
 [-6.90815810e-03  1.13967732e-02 -1.40296664e-03  9.40018166e-03
  -4.94745769e-02  3.63277513e-03]
 [ 1.19507932e-03 -1.40296664e-03  2.10796221e-04 -1.72461164e-03
   9.94183120e-03 -2.79337807e-03]
 [-3.49284508e-03  9.40018166e-03 -1.72461164e-03  7.30004985e-02
  -2.06472775e-01 -1.03865894e-02]
 [ 1.35794268e-01 -4.94745769e-02  9.94183120e-03 -2.06472775e-01
   1.37105920e+00 -1.69013766e-01]
 [-2.44170197e-02  3.63277513e-03 -2.79337807e-03 -1.03865894e-02
  -1.69013766e-01  2.74111195e-01]]","{'amplitude': 100.31735312179521, 'color': -0.06884109292547144, 's1': -1.0399917594317276, 's2': -0.9488546769924942, 's3': 0.38557230342689347, 't0': 54397.709123573506}","{'amplitude': 0.1135987240748464, 'color': 0.014075085802427672, 's1': 0.22804367190346872, 's2': 0.9187814603779177, 's3': 0.46062657835867993, 't0': 0.15861663932436026}","[[ 2.51592383e-02  1.35231806e-03  3.87965761e-05 -7.43085602e-03
   7.04046006e-02 -1.83948300e-03]
 [ 1.35231806e-03  1.29046701e-02 -1.48417433e-03 -5.60449077e-04
  -4.76643426e-03  9.80245812e-03]
 [ 3.87965761e-05 -1.48417433e-03  1.98108040e-04 -3.57334881e-04
   4.35801275e-03 -2.64920311e-03]
 [-7.43085602e-03 -5.60449077e-04 -3.57334881e-04  5.20039163e-02
  -8.80825049e-02  1.75746456e-02]
 [ 7.04046006e-02 -4.76643426e-03  4.35801275e-03 -8.80825049e-02
   8.44159372e-01 -2.28586513e-01]
 [-1.83948300e-03  9.80245812e-03 -2.64920311e-03  1.75746456e-02
  -2.28586513e-01  2.12176845e-01]]"
SN2007ml,"{'amplitude': 100.02911902867237, 'color': 0.05939507896655915, 's1': 0.07248508216941235, 's2': -0.2363506663602583, 's3': -2.041557768073598, 't0': 54395.48954998213}","{'amplitude': 0.24993186675273882, 'color': 0.024131586905611655, 's1': 0.34535890392411084, 's2': 0.7165850843192552, 's3': 1.1039341917752077, 't0': 0.561893075415602}","[[ 3.15723828e-01  6.09006064e-02  1.08563585e-03  3.56753922e-03
   2.38273321e-01  4.76250377e-01]
 [ 6.09006064e-02  6.24659380e-02 -4.26190011e-03  1.09437463e-02
   4.53745881e-02  1.73926360e-01]
 [ 1.08563585e-03 -4.26190011e-03  5.82333487e-04 -3.48670164e-03
   8.91157264e-05 -1.53088226e-03]
 [ 3.56753922e-03  1.09437463e-02 -3.48670164e-03  1.19272773e-01
  -2.42863960e-02  1.58400685e-02]
 [ 2.38273321e-01  4.53745881e-02  8.91157264e-05 -2.42863960e-02
   5.13494183e-01  5.09825746e-01]
 [ 4.76250377e-01  1.73926360e-01 -1.53088226e-03  1.58400685e-02
   5.09825746e-01  1.21867070e+00]]","{'amplitude': 100.069216064984, 'color': 0.05649289176183106, 's1': 0.10564746485248927, 's2': 0.04187578279625301, 's3': -1.7295765258449864, 't0': 54395.631751955756}","{'amplitude': 0.25398730922150464, 'color': 0.023431391028483853, 's1': 0.321138191640411, 's2': 0.6623343796284962, 's3': 1.1466514068559517, 't0': 0.4850270033223871}","[[ 2.35251194e-01  4.14533657e-02  1.60696788e-03 -2.89157829e-02
   2.07024016e-01  3.86757100e-01]
 [ 4.14533657e-02  6.45095532e-02 -4.12272775e-03  1.84524213e-03
   2.13268470e-02  1.66097101e-01]
 [ 1.60696788e-03 -4.12272775e-03  5.49030086e-04 -2.91709637e-03
   1.64695215e-03 -3.38017037e-04]
 [-2.89157829e-02  1.84524213e-03 -2.91709637e-03  1.03129738e-01
  -2.03816676e-02 -1.42591411e-02]
 [ 2.07024016e-01  2.13268470e-02  1.64695215e-03 -2.03816676e-02
   4.38686830e-01  5.08890535e-01]
 [ 3.86757100e-01  1.66097101e-01 -3.38017037e-04 -1.42591411e-02
   5.08890535e-01  1.31480945e+00]]"
SN2007mn,"{'amplitude': 96.1043229836846, 'color': -0.1312852890148462, 's1': -1.5659698257349939, 's2': -1.1641579850219401, 's3': 0.5638568455157305, 't0': 54400.05056198361}","{'amplitude': 0.05481966012988127, 'color': 0.006065517510633214, 's1': 0.15571851470566633, 's2': 0.06328823467440878, 's3': 0.08184614333191151, 't0': 0.04159119141145647}","[[ 1.72982720e-03 -8.34302201e-04  6.57816240e-05 -4.06387907e-03
  -4.16874269e-04  7.41367998e-04]
 [-8.34302201e-04  3.00519514e-03 -3.19993807e-04  6.62387491e-03
   1.46578488e-03  3.30511668e-04]
 [ 6.57816240e-05 -3.19993807e-04  3.67905027e-05 -6.45021154e-04
  -1.31831893e-04 -4.94421198e-05]
 [-4.06387907e-03  6.62387491e-03 -6.45021154e-04  2.42482558e-02
   4.77013754e-03  6.40327769e-04]
 [-4.16874269e-04  1.46578488e-03 -1.31831893e-04  4.77013754e-03
   4.00540065e-03 -6.38782540e-04]
 [ 7.41367998e-04  3.30511668e-04 -4.94421198e-05  6.40327769e-04
  -6.38782540e-04  6.69879118e-03]]","{'amplitude': 96.03282799506253, 'color': -0.1214285138768652, 's1': -1.61505616552191, 's2': -0.5128201336034529, 's3': 4.2772541526421435e-06, 't0': 54400.18914542293}","{'amplitude': 0.1538121010060685, 'color': 0.015648762586140487, 's1': 0.1159836673741334, 's2': 0.7706027395734122, 's3': 0.8859036090781681, 't0': 0.19115922972463445}","[[ 3.65418511e-02 -2.36187355e-02  2.13423714e-03 -2.68278688e-03
   1.28813562e-01 -1.57849449e-01]
 [-2.36187355e-02  2.36581624e-02 -2.26746628e-03  6.10196683e-03
  -9.52525915e-02  1.22999897e-01]
 [ 2.13423714e-03 -2.26746628e-03  2.44883770e-04 -5.14644616e-04
   1.03171071e-02 -1.16767168e-02]
 [-2.68278688e-03  6.10196683e-03 -5.14644616e-04  1.34522111e-02
  -5.34193189e-03  1.63803720e-02]
 [ 1.28813562e-01 -9.52525915e-02  1.03171071e-02 -5.34193189e-03
   5.93828582e-01 -6.29867850e-01]
 [-1.57849449e-01  1.22999897e-01 -1.16767168e-02  1.63803720e-02
  -6.29867850e-01  7.84825205e-01]]"
SN2007nj,"{'amplitude': 99.30651971875633, 'color': 0.051384346419847085, 's1': -0.7927912309853739, 's2': 0.4586658881242431, 's3': 0.3982946660190373, 't0': 54399.00969501773}","{'amplitude': 0.11002410098717505, 'color': 0.013255836828988267, 's1': 0.20387780776726197, 's2': 0.3735743245735887, 's3': 0.31902387552933, 't0': 0.10573346899468881}","[[ 1.11795665e-02 -1.35228726e-03  9.74325492e-05 -8.10535236e-03
   9.73531282e-03  1.16747231e-03]
 [-1.35228726e-03  1.21053028e-02 -1.32041762e-03  6.30625277e-03
  -9.68079408e-03  8.31658695e-03]
 [ 9.74325492e-05 -1.32041762e-03  1.75717210e-04 -6.89815849e-04
  -4.16808747e-04 -1.25731423e-03]
 [-8.10535236e-03  6.30625277e-03 -6.89815849e-04  4.15661605e-02
  -4.16579027e-02  8.79113946e-03]
 [ 9.73531282e-03 -9.68079408e-03 -4.16808747e-04 -4.16579027e-02
   1.39557776e-01  3.65106207e-03]
 [ 1.16747231e-03  8.31658695e-03 -1.25731423e-03  8.79113946e-03
   3.65106207e-03  1.01776233e-01]]","{'amplitude': 99.26164659039294, 'color': 0.05414245012548547, 's1': -0.7628581480885563, 's2': 0.5665886474515811, 's3': 0.4464838125326226, 't0': 54399.00021224831}","{'amplitude': 0.11454596871030145, 'color': 0.013364105584289155, 's1': 0.2394502224448213, 's2': 0.42573612405245526, 's3': 0.3145168785239936, 't0': 0.12389812834631707}","[[ 1.53507462e-02 -2.21904306e-03  1.12723531e-04 -1.26436009e-02
   1.85623201e-02 -1.79757044e-03]
 [-2.21904306e-03  1.31207789e-02 -1.37212366e-03  8.91784914e-03
  -1.71460757e-02  2.25036361e-03]
 [ 1.12723531e-04 -1.37212366e-03  1.78599318e-04 -7.90610149e-04
   6.46475098e-05 -9.48004136e-05]
 [-1.26436009e-02  8.91784914e-03 -7.90610149e-04  5.73364090e-02
  -5.81604583e-02  1.16109252e-02]
 [ 1.85623201e-02 -1.71460757e-02  6.46475098e-05 -5.81604583e-02
   1.81251247e-01 -3.93999833e-02]
 [-1.79757044e-03  2.25036361e-03 -9.48004136e-05  1.16109252e-02
  -3.93999833e-02  9.89208669e-02]]"
SN2007oj,"{'amplitude': 99.05888534318179, 'color': -0.015542607098874197, 's1': 0.6090715488618613, 's2': -1.1057191840953975, 's3': -0.9674868733104156, 't0': 54401.64811347537}","{'amplitude': 0.10004871870378151, 'color': 0.012166749786872176, 's1': 0.06443771703374329, 's2': 0.31950372163971824, 's3': 0.3344565422060019, 't0': 0.12623597604585293}","[[ 0.01593552 -0.00308626  0.00029306 -0.0005244  -0.02066913 -0.00283355]
 [-0.00308626  0.01000975 -0.00102377 -0.00146927  0.01337693 -0.00063208]
 [ 0.00029306 -0.00102377  0.00014803 -0.0001297  -0.00043748  0.00166204]
 [-0.0005244  -0.00146927 -0.0001297   0.00415222 -0.00946428 -0.0049379 ]
 [-0.02066913  0.01337693 -0.00043748 -0.00946428  0.10208263  0.02275926]
 [-0.00283355 -0.00063208  0.00166204 -0.0049379   0.02275926  0.11186118]]","{'amplitude': 98.99155366501536, 'color': -0.009047242204366276, 's1': 0.622686578549347, 's2': -1.5956190201802236, 's3': -0.29199013328180073, 't0': 54401.796759909}","{'amplitude': 0.11032468009359718, 'color': 0.010880880458364658, 's1': 0.07258778360564831, 's2': 0.6339661555323445, 's3': 0.7143808997193206, 't0': 0.16279293439062606}","[[ 2.65015395e-02 -6.07981122e-03  3.11371301e-04 -2.23700355e-03
  -7.61065782e-02  5.87634971e-02]
 [-6.07981122e-03  1.21715350e-02 -9.72812516e-04 -9.30746494e-04
   3.94081527e-02 -3.52191459e-02]
 [ 3.11371301e-04 -9.72812516e-04  1.18393560e-04 -1.30453064e-04
  -1.24093813e-03  2.26265477e-03]
 [-2.23700355e-03 -9.30746494e-04 -1.30453064e-04  5.26898633e-03
  -1.83793972e-03 -1.28188729e-02]
 [-7.61065782e-02  3.94081527e-02 -1.24093813e-03 -1.83793972e-03
   4.01913086e-01 -2.88977623e-01]
 [ 5.87634971e-02 -3.52191459e-02  2.26265477e-03 -1.28188729e-02
  -2.88977623e-01  5.10340070e-01]]"
SN2007ok,"{'amplitude': 99.96286355098647, 'color': -0.050822125604345424, 's1': -0.0171053809706125, 's2': -0.28995747999561133, 's3': 1.5006486864239095, 't0': 54404.11295898414}","{'amplitude': 0.12618180497818676, 'color': 0.017263150178402707, 's1': 0.14605821187693677, 's2': 0.22803026582646946, 's3': 0.20498726962218985, 't0': 0.12743464443241867}","[[ 0.01623959 -0.00148829  0.00028545  0.00355703  0.00254446 -0.00117972]
 [-0.00148829  0.01592185 -0.00208794  0.00274479 -0.0075238   0.00662698]
 [ 0.00028545 -0.00208794  0.00029802 -0.00069751  0.00092649 -0.00138836]
 [ 0.00355703  0.00274479 -0.00069751  0.021333    0.00858647  0.00096285]
 [ 0.00254446 -0.0075238   0.00092649  0.00858647  0.0519978  -0.00474521]
 [-0.00117972  0.00662698 -0.00138836  0.00096285 -0.00474521  0.04201978]]","{'amplitude': 99.86155868986968, 'color': -0.04142399097864507, 's1': -0.17385654010773918, 's2': 0.4682091751337175, 's3': 1.1385620028768486, 't0': 54404.11593244262}","{'amplitude': 0.1540984713413437, 'color': 0.016631761393627088, 's1': 0.2911346574420496, 's2': 0.8211790948091827, 's3': 0.39620558301491987, 't0': 0.1360561632970191}","[[ 1.85112796e-02  8.10554059e-04  8.90851038e-05  7.78781431e-03
  -8.90139463e-03 -2.85387706e-03]
 [ 8.10554059e-04  2.37463389e-02 -2.41826127e-03  2.69549296e-02
  -8.62996631e-02  3.58654000e-02]
 [ 8.90851038e-05 -2.41826127e-03  2.76615487e-04 -2.47692700e-03
   7.17847943e-03 -3.38581690e-03]
 [ 7.78781431e-03  2.69549296e-02 -2.47692700e-03  8.47593888e-02
  -1.86500152e-01  8.23928379e-02]
 [-8.90139463e-03 -8.62996631e-02  7.17847943e-03 -1.86500152e-01
   6.74335106e-01 -2.77244333e-01]
 [-2.85387706e-03  3.58654000e-02 -3.38581690e-03  8.23928379e-02
  -2.77244333e-01  1.56978864e-01]]"
SN2007ol,"{'amplitude': 94.57438828764762, 'color': -0.013633313988614242, 's1': 0.9958370088450803, 's2': 0.008522410120588369, 's3': -0.4675940005137479, 't0': 54413.46896467468}","{'amplitude': 0.053382029658858424, 'color': 0.004713503703676576, 's1': 0.16745399273964073, 's2': 0.2012588890296572, 's3': 0.15741312019591075, 't0': 0.08034212234640152}","[[ 6.45485662e-03  2.78585168e-03 -1.60981850e-05 -8.58968707e-03
   9.04716625e-03  5.96187193e-03]
 [ 2.78585168e-03  2.84964109e-03 -1.24749769e-04 -5.01104756e-03
   5.82636212e-03  3.57118894e-03]
 [-1.60981850e-05 -1.24749769e-04  2.22171172e-05 -2.75006109e-04
  -3.97912435e-04  3.05979928e-04]
 [-8.58968707e-03 -5.01104756e-03 -2.75006109e-04  2.80408397e-02
  -1.16977656e-02 -2.15473717e-02]
 [ 9.04716625e-03  5.82636212e-03 -3.97912435e-04 -1.16977656e-02
   4.05051404e-02  4.98492932e-04]
 [ 5.96187193e-03  3.57118894e-03  3.05979928e-04 -2.15473717e-02
   4.98492932e-04  2.47788904e-02]]","{'amplitude': 94.52332572492247, 'color': -0.061532965220021746, 's1': 1.689351531665585, 's2': 1.160936601442852, 's3': 0.9748975941418037, 't0': 54412.14925556755}","{'amplitude': 0.342733836274038, 'color': 0.015405365050001618, 's1': 0.6427043798837546, 's2': 0.5647471892614597, 's3': 0.9349583403732399, 't0': 1.3927361393251199}","[[ 1.93971395e+00  3.02421018e-01 -3.73122054e-03 -6.71266663e-01
  -2.20504236e-01 -1.04374185e+00]
 [ 3.02421018e-01  1.17466483e-01 -2.65055015e-03 -1.91292717e-01
  -1.48505293e-01 -2.75258949e-01]
 [-3.73122054e-03 -2.65055015e-03  2.37325272e-04  8.18557975e-04
   1.66901738e-03  3.07203616e-03]
 [-6.71266663e-01 -1.91292717e-01  8.18557975e-04  4.13068920e-01
   2.40967847e-01  5.08985331e-01]
 [-2.20504236e-01 -1.48505293e-01  1.66901738e-03  2.40967847e-01
   3.18939388e-01  3.51134979e-01]
 [-1.04374185e+00 -2.75258949e-01  3.07203616e-03  5.08985331e-01
   3.51134979e-01  8.74147098e-01]]"
SN2007om,"{'amplitude': 96.77220552178625, 'color': 0.06309350383237886, 's1': -0.6275359333516152, 's2': -1.0430661662307916, 's3': 0.826188607864701, 't0': 54413.649746348296}","{'amplitude': 0.06661378339547339, 'color': 0.00899121322836445, 's1': 0.19646156404892667, 's2': 0.3304308759625671, 's3': 0.24926609871671027, 't0': 0.09664659551379108}","[[ 9.34056442e-03 -4.53375406e-04  1.26742974e-04 -8.13628175e-03
  -1.41622591e-03 -1.53145192e-03]
 [-4.53375406e-04  4.43739614e-03 -5.27052229e-04  7.12901039e-04
  -5.72060392e-03 -3.33841875e-03]
 [ 1.26742974e-04 -5.27052229e-04  8.08419153e-05 -6.66689528e-04
   1.17582392e-03 -3.78349927e-04]
 [-8.13628175e-03  7.12901039e-04 -6.66689528e-04  3.85971461e-02
  -3.32264827e-02  1.51330194e-02]
 [-1.41622591e-03 -5.72060392e-03  1.17582392e-03 -3.32264827e-02
   1.09184564e-01  7.37563503e-03]
 [-1.53145192e-03 -3.33841875e-03 -3.78349927e-04  1.51330194e-02
   7.37563503e-03  6.21335880e-02]]","{'amplitude': 96.71220892086541, 'color': 0.07292429501834806, 's1': -0.646499523943951, 's2': -0.8558451875796498, 's3': 0.6528438451566473, 't0': 54413.56940625317}","{'amplitude': 0.11127402664577268, 'color': 0.01363266233373312, 's1': 0.17721616160011244, 's2': 0.9064965243698213, 's3': 0.38148432048156644, 't0': 0.10266890878617993}","[[ 1.05409048e-02 -2.47874278e-03  1.94856882e-04 -7.62282970e-03
   2.49042383e-02  1.54050238e-02]
 [-2.47874278e-03  1.23819090e-02 -1.45387786e-03  9.01059243e-03
  -8.09605501e-02 -2.23991035e-02]
 [ 1.94856882e-04 -1.45387786e-03  1.85849482e-04 -1.23385383e-03
   9.64347218e-03  1.75785957e-03]
 [-7.62282970e-03  9.01059243e-03 -1.23385383e-03  3.14055679e-02
  -1.04569742e-01 -2.25842286e-02]
 [ 2.49042383e-02 -8.09605501e-02  9.64347218e-03 -1.04569742e-01
   8.21735949e-01  2.21253913e-01]
 [ 1.54050238e-02 -2.23991035e-02  1.75785957e-03 -2.25842286e-02
   2.21253913e-01  1.45530287e-01]]"
SN2007or,"{'amplitude': 99.42467827307607, 'color': 0.04878638521991212, 's1': 0.8796667296316356, 's2': 0.656310494157158, 's3': 1.534962613703872, 't0': 54395.14515653854}","{'amplitude': 0.23357736226006534, 'color': 0.021570794684170606, 's1': 0.2013051909487411, 's2': 0.5866698666310992, 's3': 0.827078559833693, 't0': 0.37965016580568967}","[[ 1.44134248e-01  4.06080695e-02 -2.31526562e-03 -3.87236742e-02
  -8.04446629e-03 -1.80133691e-01]
 [ 4.06080695e-02  5.45583842e-02 -4.03896525e-03 -2.73318742e-02
  -6.04181327e-02 -1.01810109e-01]
 [-2.31526562e-03 -4.03896525e-03  4.65299183e-04  2.49893964e-04
   6.43312384e-04  4.72655062e-03]
 [-3.87236742e-02 -2.73318742e-02  2.49893964e-04  4.05237799e-02
   6.35485471e-02  8.84918943e-02]
 [-8.04446629e-03 -6.04181327e-02  6.43312384e-04  6.35485471e-02
   3.44181532e-01  1.13202358e-01]
 [-1.80133691e-01 -1.01810109e-01  4.72655062e-03  8.84918943e-02
   1.13202358e-01  6.84058944e-01]]","{'amplitude': 99.68032569984354, 'color': 0.03944971522297487, 's1': 0.5532888923733398, 's2': -0.9455203916454078, 's3': 0.7597492151170131, 't0': 54395.56271888287}","{'amplitude': 0.21309238884232415, 'color': 0.019534741082746998, 's1': 0.2631230112913862, 's2': 1.0314190388526447, 's3': 1.3824081110522999, 't0': 0.36555866136106036}","[[ 1.33633135e-01  4.08973755e-02 -5.31347043e-05 -6.28225421e-02
  -1.30935093e-01 -1.62173664e-01]
 [ 4.08973755e-02  4.54083662e-02 -2.53970321e-03 -2.56443741e-02
  -2.44424037e-02 -5.60584561e-02]
 [-5.31347043e-05 -2.53970321e-03  3.81606109e-04 -8.80127804e-04
  -7.12546768e-04 -5.16739612e-03]
 [-6.28225421e-02 -2.56443741e-02 -8.80127804e-04  6.92337191e-02
   1.20827752e-01  6.62969722e-02]
 [-1.30935093e-01 -2.44424037e-02 -7.12546768e-04  1.20827752e-01
   1.06382523e+00 -4.35025657e-01]
 [-1.62173664e-01 -5.60584561e-02 -5.16739612e-03  6.62969722e-02
  -4.35025657e-01  1.91105219e+00]]"
SN2007ot,"{'amplitude': 101.47957851238007, 'color': -0.09497975785626653, 's1': -0.15241785855230605, 's2': -1.1759992540403723, 's3': 0.28768511831881827, 't0': 54402.33080516702}","{'amplitude': 0.2070551256309174, 'color': 0.024465074206921976, 's1': 0.28308634969557445, 's2': 0.8565984532515515, 's3': 0.8755961004184695, 't0': 0.20518944916084092}","[[ 4.21027100e-02 -4.98750904e-03 -1.91563708e-04  1.32997025e-02
  -7.60356275e-02  6.82026851e-02]
 [-4.98750904e-03  4.28718251e-02 -4.61159445e-03  1.00718542e-03
   2.90212183e-02 -5.18502117e-02]
 [-1.91563708e-04 -4.61159445e-03  5.98539856e-04 -1.45031549e-03
   8.90415245e-04  2.00644668e-03]
 [ 1.32997025e-02  1.00718542e-03 -1.45031549e-03  8.01378814e-02
  -1.37373144e-01  6.33855664e-02]
 [-7.60356275e-02  2.90212183e-02  8.90415245e-04 -1.37373144e-01
   7.33760910e-01 -2.97216175e-01]
 [ 6.82026851e-02 -5.18502117e-02  2.00644668e-03  6.33855664e-02
  -2.97216175e-01  7.66668531e-01]]","{'amplitude': 101.56984905987626, 'color': -0.10449074773270818, 's1': -0.21522038076619188, 's2': -0.6585936500608957, 's3': -0.15435302163968337, 't0': 54402.329533568336}","{'amplitude': 0.20308374163092766, 'color': 0.025808228179478525, 's1': 0.313171808246603, 's2': 1.0048761510967608, 's3': 0.7908821138052513, 't0': 0.23973505640063358}","[[ 5.74728973e-02 -3.52700525e-03 -3.65834464e-04 -7.90038793e-03
  -1.01241192e-02  6.18395635e-02]
 [-3.52700525e-03  4.12430061e-02 -4.87675806e-03  9.39068303e-03
   9.80002723e-03 -3.47984221e-02]
 [-3.65834464e-04 -4.87675806e-03  6.66064642e-04 -1.69136159e-03
  -2.95433482e-03  3.69700645e-03]
 [-7.90038793e-03  9.39068303e-03 -1.69136159e-03  9.80765815e-02
  -2.03522452e-01  4.20567055e-02]
 [-1.01241192e-02  9.80002723e-03 -2.95433482e-03 -2.03522452e-01
   1.00977608e+00 -1.47785811e-01]
 [ 6.18395635e-02 -3.47984221e-02  3.69700645e-03  4.20567055e-02
  -1.47785811e-01  6.25494518e-01]]"
SN2007pa,"{'amplitude': 98.74606654840076, 'color': 0.014912160206676106, 's1': -1.9221929699435707, 's2': -0.7776321563086407, 's3': 0.9319913057977739, 't0': 54407.90426638689}","{'amplitude': 0.17040101908445873, 'color': 0.023415466387976043, 's1': 0.5436953706172923, 's2': 0.5733105851771146, 's3': 0.5156662889112652, 't0': 0.19783094385828115}","[[ 3.91370823e-02 -1.53242856e-03  1.22228326e-04 -6.10566375e-03
   1.11164151e-02  3.51506906e-03]
 [-1.53242856e-03  2.90365073e-02 -3.77686283e-03 -6.60539966e-02
  -7.88430233e-02 -8.47278778e-03]
 [ 1.22228326e-04 -3.77686283e-03  5.48284066e-04  9.81393628e-03
   1.07894495e-02 -1.88080584e-03]
 [-6.10566375e-03 -6.60539966e-02  9.81393628e-03  2.95604656e-01
   2.08490122e-01  1.99578276e-02]
 [ 1.11164151e-02 -7.88430233e-02  1.07894495e-02  2.08490122e-01
   3.28685027e-01 -2.88058299e-02]
 [ 3.51506906e-03 -8.47278778e-03 -1.88080584e-03  1.99578276e-02
  -2.88058299e-02  2.65911722e-01]]","{'amplitude': 98.06669603755057, 'color': 0.0706000344015945, 's1': -0.6984876601495437, 's2': 1.3936987035066237, 's3': 1.661051517627687, 't0': 54407.75910695564}","{'amplitude': 0.3346106476447302, 'color': 0.015888599096594073, 's1': 0.47587004801738003, 's2': 0.9534382144702643, 's3': 0.3054738412009971, 't0': 0.41304516243426626}","[[ 1.70606306e-01  1.35379930e-02  4.34548035e-04  9.98688185e-02
  -1.16704022e-01 -4.02337374e-02]
 [ 1.35379930e-02  1.11964286e-01 -4.38683395e-03  8.06505230e-02
  -2.94288989e-01 -5.26703116e-02]
 [ 4.34548035e-04 -4.38683395e-03  2.52447581e-04 -1.20177502e-03
   9.40011847e-03  1.26852726e-03]
 [ 9.98688185e-02  8.06505230e-02 -1.20177502e-03  2.26452303e-01
  -2.99581879e-01 -2.97553932e-02]
 [-1.16704022e-01 -2.94288989e-01  9.40011847e-03 -2.99581879e-01
   9.09044429e-01  1.37116738e-01]
 [-4.02337374e-02 -5.26703116e-02  1.26852726e-03 -2.97553932e-02
   1.37116738e-01  9.33142677e-02]]"
